customer_id,signup_date,country,acquisition_channel,email_opt_in
C000001,2024-10-01,Germany,organic,True
C000002,2024-10-01,India,organic,False
C000003,2024-10-01,India,organic,True
C000004,2024-10-01,United States,google_ads,True
C000005,2024-10-01,India,google_ads,True
C000006,2024-10-01,India,google_ads,True
C000007,2024-10-01,Canada,referral,False
C000008,2024-10-01,United Kingdom,google_ads,True
C000009,2024-10-01,Australia,google_ads,True
C000010,2024-10-01,India,instagram,True
C000011,2024-10-01,United States,google_ads,False
C000012,2024-10-01,Australia,organic,True
C000013,2024-10-01,UAE,instagram,True
C000014,2024-10-01,United States,email,True
C000015,2024-10-01,India,google_ads,True
C000016,2024-10-01,United States,marketplace,True
C000017,2024-10-01,India,organic,False
C000018,2024-10-01,India,organic,True
C000019,2024-10-01,India,organic,True
C000020,2024-10-01,Japan,organic,True
C000021,2024-10-01,India,marketplace,True
C000022,2024-10-01,India,google_ads,True
C000023,2024-10-02,Australia,referral,True
C000024,2024-10-02,United Kingdom,referral,True
C000025,2024-10-02,United Kingdom,organic,True
C000026,2024-10-02,Germany,instagram,True
C000027,2024-10-02,India,marketplace,False
C000028,2024-10-02,Japan,organic,True
C000029,2024-10-02,Canada,google_ads,True
C000030,2024-10-02,United States,organic,False
C000031,2024-10-02,India,organic,True
C000032,2024-10-02,India,organic,True
C000033,2024-10-02,India,instagram,False
C000034,2024-10-02,India,instagram,False
C000035,2024-10-02,Canada,referral,True
C000036,2024-10-02,Japan,marketplace,True
C000037,2024-10-02,India,organic,True
C000038,2024-10-02,United Kingdom,organic,True
C000039,2024-10-02,Japan,instagram,True
C000040,2024-10-02,India,instagram,True
C000041,2024-10-02,United Kingdom,marketplace,False
C000042,2024-10-03,India,organic,False
C000043,2024-10-03,United States,organic,True
C000044,2024-10-03,United Kingdom,referral,False
C000045,2024-10-03,India,organic,True
C000046,2024-10-03,India,email,True
C000047,2024-10-03,India,email,True
C000048,2024-10-03,Germany,organic,True
C000049,2024-10-03,India,instagram,True
C000050,2024-10-03,India,organic,True
C000051,2024-10-03,India,marketplace,True
C000052,2024-10-03,India,marketplace,True
C000053,2024-10-04,India,email,True
C000054,2024-10-04,India,email,False
C000055,2024-10-04,United States,organic,False
C000056,2024-10-04,United States,instagram,False
C000057,2024-10-04,UAE,organic,True
C000058,2024-10-04,India,organic,True
C000059,2024-10-04,United States,instagram,True
C000060,2024-10-04,India,marketplace,True
C000061,2024-10-04,India,organic,True
C000062,2024-10-04,United States,organic,True
C000063,2024-10-04,Canada,referral,False
C000064,2024-10-04,India,marketplace,True
C000065,2024-10-04,United Kingdom,instagram,False
C000066,2024-10-04,United States,google_ads,True
C000067,2024-10-04,India,organic,False
C000068,2024-10-04,India,google_ads,False
C000069,2024-10-04,United Kingdom,organic,True
C000070,2024-10-04,Canada,google_ads,False
C000071,2024-10-04,India,organic,True
C000072,2024-10-04,Canada,organic,True
C000073,2024-10-05,India,organic,True
C000074,2024-10-05,Germany,organic,True
C000075,2024-10-05,Canada,email,True
C000076,2024-10-05,United States,google_ads,True
C000077,2024-10-05,India,organic,True
C000078,2024-10-05,India,instagram,True
C000079,2024-10-05,United States,organic,False
C000080,2024-10-05,Canada,instagram,True
C000081,2024-10-05,Australia,instagram,True
C000082,2024-10-05,United Kingdom,instagram,True
C000083,2024-10-05,India,marketplace,True
C000084,2024-10-05,India,referral,True
C000085,2024-10-05,Japan,instagram,True
C000086,2024-10-05,India,instagram,False
C000087,2024-10-05,Canada,organic,False
C000088,2024-10-05,India,organic,False
C000089,2024-10-05,India,organic,False
C000090,2024-10-05,United States,instagram,False
C000091,2024-10-05,Canada,organic,True
C000092,2024-10-05,United States,email,False
C000093,2024-10-05,India,google_ads,False
C000094,2024-10-05,India,marketplace,True
C000095,2024-10-06,India,google_ads,False
C000096,2024-10-06,India,organic,True
C000097,2024-10-06,India,referral,True
C000098,2024-10-06,India,instagram,True
C000099,2024-10-06,UAE,referral,True
C000100,2024-10-06,India,referral,False
C000101,2024-10-06,Japan,google_ads,True
C000102,2024-10-06,Canada,organic,True
C000103,2024-10-06,Canada,organic,True
C000104,2024-10-06,India,email,False
C000105,2024-10-06,India,instagram,True
C000106,2024-10-06,India,organic,True
C000107,2024-10-06,India,referral,False
C000108,2024-10-06,United States,instagram,False
C000109,2024-10-06,India,marketplace,True
C000110,2024-10-06,India,google_ads,False
C000111,2024-10-06,India,google_ads,True
C000112,2024-10-06,United States,instagram,True
C000113,2024-10-06,India,organic,True
C000114,2024-10-06,UAE,google_ads,True
C000115,2024-10-06,Japan,organic,False
C000116,2024-10-07,United States,google_ads,True
C000117,2024-10-07,India,organic,True
C000118,2024-10-07,United Kingdom,organic,False
C000119,2024-10-07,Canada,instagram,False
C000120,2024-10-07,United States,google_ads,True
C000121,2024-10-07,United States,organic,True
C000122,2024-10-07,United States,instagram,True
C000123,2024-10-07,United States,google_ads,True
C000124,2024-10-07,Germany,google_ads,True
C000125,2024-10-07,Australia,organic,False
C000126,2024-10-07,India,referral,False
C000127,2024-10-07,Canada,google_ads,True
C000128,2024-10-07,United States,marketplace,True
C000129,2024-10-07,Japan,instagram,False
C000130,2024-10-07,India,organic,True
C000131,2024-10-07,India,organic,True
C000132,2024-10-07,Canada,organic,True
C000133,2024-10-07,Japan,instagram,True
C000134,2024-10-07,United States,organic,False
C000135,2024-10-08,Australia,instagram,True
C000136,2024-10-08,Australia,organic,False
C000137,2024-10-08,India,instagram,True
C000138,2024-10-08,India,instagram,True
C000139,2024-10-08,India,instagram,True
C000140,2024-10-08,India,google_ads,True
C000141,2024-10-08,Australia,organic,True
C000142,2024-10-08,India,google_ads,True
C000143,2024-10-08,India,google_ads,True
C000144,2024-10-08,India,instagram,False
C000145,2024-10-08,United Kingdom,organic,True
C000146,2024-10-08,India,instagram,True
C000147,2024-10-08,India,organic,True
C000148,2024-10-08,Germany,organic,True
C000149,2024-10-08,India,referral,True
C000150,2024-10-08,India,instagram,True
C000151,2024-10-08,India,organic,False
C000152,2024-10-08,United Kingdom,email,False
C000153,2024-10-08,India,organic,True
C000154,2024-10-08,India,google_ads,False
C000155,2024-10-08,Canada,organic,True
C000156,2024-10-08,United States,referral,False
C000157,2024-10-08,India,google_ads,False
C000158,2024-10-08,India,marketplace,True
C000159,2024-10-08,Australia,instagram,True
C000160,2024-10-09,United States,google_ads,False
C000161,2024-10-09,India,instagram,True
C000162,2024-10-09,United Kingdom,instagram,False
C000163,2024-10-09,United States,google_ads,False
C000164,2024-10-09,India,instagram,False
C000165,2024-10-09,India,organic,False
C000166,2024-10-09,India,email,False
C000167,2024-10-09,United States,instagram,True
C000168,2024-10-09,UAE,google_ads,False
C000169,2024-10-09,India,referral,True
C000170,2024-10-09,India,instagram,True
C000171,2024-10-09,India,google_ads,True
C000172,2024-10-09,India,email,True
C000173,2024-10-09,United Kingdom,referral,True
C000174,2024-10-09,United Kingdom,google_ads,True
C000175,2024-10-09,Japan,organic,False
C000176,2024-10-09,United States,referral,False
C000177,2024-10-09,India,organic,True
C000178,2024-10-10,India,marketplace,False
C000179,2024-10-10,United States,organic,True
C000180,2024-10-10,India,instagram,True
C000181,2024-10-10,India,instagram,True
C000182,2024-10-10,India,organic,True
C000183,2024-10-10,India,organic,True
C000184,2024-10-10,India,marketplace,True
C000185,2024-10-10,India,organic,False
C000186,2024-10-10,UAE,google_ads,True
C000187,2024-10-10,India,referral,False
C000188,2024-10-10,India,referral,False
C000189,2024-10-10,United States,referral,False
C000190,2024-10-10,India,google_ads,True
C000191,2024-10-10,Australia,organic,True
C000192,2024-10-10,India,referral,True
C000193,2024-10-10,United Kingdom,instagram,False
C000194,2024-10-10,United States,instagram,True
C000195,2024-10-10,India,google_ads,False
C000196,2024-10-10,United States,marketplace,False
C000197,2024-10-10,United States,google_ads,True
C000198,2024-10-10,India,organic,True
C000199,2024-10-10,India,marketplace,True
C000200,2024-10-10,Canada,organic,False
C000201,2024-10-11,India,organic,False
C000202,2024-10-11,United States,organic,False
C000203,2024-10-11,Germany,google_ads,True
C000204,2024-10-11,UAE,google_ads,False
C000205,2024-10-11,India,instagram,True
C000206,2024-10-11,United Kingdom,marketplace,True
C000207,2024-10-11,United Kingdom,instagram,True
C000208,2024-10-11,India,instagram,False
C000209,2024-10-11,India,instagram,True
C000210,2024-10-11,India,organic,True
C000211,2024-10-11,United States,google_ads,True
C000212,2024-10-11,India,instagram,True
C000213,2024-10-11,India,google_ads,False
C000214,2024-10-12,Canada,organic,True
C000215,2024-10-12,India,google_ads,False
C000216,2024-10-12,India,referral,True
C000217,2024-10-12,India,google_ads,True
C000218,2024-10-12,India,instagram,True
C000219,2024-10-12,India,google_ads,True
C000220,2024-10-12,UAE,referral,False
C000221,2024-10-12,India,referral,True
C000222,2024-10-12,India,email,True
C000223,2024-10-12,Germany,instagram,False
C000224,2024-10-12,India,referral,True
C000225,2024-10-12,India,google_ads,False
C000226,2024-10-12,Japan,email,False
C000227,2024-10-12,India,organic,False
C000228,2024-10-12,United States,organic,True
C000229,2024-10-12,India,referral,True
C000230,2024-10-12,Japan,organic,True
C000231,2024-10-12,UAE,email,False
C000232,2024-10-12,India,referral,False
C000233,2024-10-12,India,google_ads,False
C000234,2024-10-12,United Kingdom,email,False
C000235,2024-10-12,India,google_ads,False
C000236,2024-10-12,India,organic,False
C000237,2024-10-12,United States,marketplace,False
C000238,2024-10-12,Australia,marketplace,True
C000239,2024-10-12,India,organic,True
C000240,2024-10-13,India,organic,True
C000241,2024-10-13,India,organic,True
C000242,2024-10-13,India,marketplace,True
C000243,2024-10-13,Germany,google_ads,True
C000244,2024-10-13,India,instagram,True
C000245,2024-10-13,United States,instagram,False
C000246,2024-10-13,India,organic,True
C000247,2024-10-13,Australia,marketplace,False
C000248,2024-10-13,India,instagram,True
C000249,2024-10-13,India,organic,True
C000250,2024-10-13,India,organic,True
C000251,2024-10-13,United States,organic,True
C000252,2024-10-13,India,instagram,True
C000253,2024-10-13,India,instagram,False
C000254,2024-10-13,India,marketplace,True
C000255,2024-10-13,Germany,referral,True
C000256,2024-10-13,United States,instagram,True
C000257,2024-10-13,India,instagram,False
C000258,2024-10-13,India,google_ads,False
C000259,2024-10-13,India,referral,False
C000260,2024-10-13,India,marketplace,True
C000261,2024-10-13,India,instagram,False
C000262,2024-10-13,India,instagram,True
C000263,2024-10-13,Japan,instagram,False
C000264,2024-10-14,Japan,organic,True
C000265,2024-10-14,United Kingdom,organic,True
C000266,2024-10-14,Canada,organic,False
C000267,2024-10-14,United Kingdom,organic,False
C000268,2024-10-14,Germany,referral,False
C000269,2024-10-14,India,marketplace,True
C000270,2024-10-14,India,organic,True
C000271,2024-10-14,Germany,email,True
C000272,2024-10-14,United States,organic,False
C000273,2024-10-14,India,google_ads,True
C000274,2024-10-14,India,organic,True
C000275,2024-10-14,India,instagram,False
C000276,2024-10-14,India,referral,False
C000277,2024-10-15,India,instagram,True
C000278,2024-10-15,United States,organic,False
C000279,2024-10-15,UAE,organic,False
C000280,2024-10-15,Germany,organic,False
C000281,2024-10-15,India,instagram,True
C000282,2024-10-15,India,instagram,False
C000283,2024-10-15,Japan,organic,True
C000284,2024-10-15,India,google_ads,True
C000285,2024-10-15,India,google_ads,False
C000286,2024-10-15,India,instagram,True
C000287,2024-10-15,India,google_ads,True
C000288,2024-10-15,United States,google_ads,True
C000289,2024-10-15,India,marketplace,False
C000290,2024-10-15,United Kingdom,organic,True
C000291,2024-10-15,India,referral,False
C000292,2024-10-15,India,organic,True
C000293,2024-10-15,India,organic,True
C000294,2024-10-15,India,email,False
C000295,2024-10-15,Germany,marketplace,True
C000296,2024-10-16,United Kingdom,organic,True
C000297,2024-10-16,United States,instagram,True
C000298,2024-10-16,United States,organic,False
C000299,2024-10-16,UAE,google_ads,False
C000300,2024-10-16,United Kingdom,instagram,True
C000301,2024-10-16,United Kingdom,instagram,False
C000302,2024-10-16,United Kingdom,instagram,True
C000303,2024-10-16,India,organic,True
C000304,2024-10-16,India,referral,True
C000305,2024-10-16,Germany,google_ads,True
C000306,2024-10-16,India,google_ads,True
C000307,2024-10-16,India,marketplace,True
C000308,2024-10-16,India,organic,False
C000309,2024-10-16,Germany,google_ads,False
C000310,2024-10-16,United States,referral,True
C000311,2024-10-16,United States,referral,False
C000312,2024-10-16,India,organic,True
C000313,2024-10-16,Japan,google_ads,True
C000314,2024-10-16,United States,organic,False
C000315,2024-10-16,India,google_ads,True
C000316,2024-10-16,India,google_ads,True
C000317,2024-10-16,United States,google_ads,True
C000318,2024-10-16,India,email,False
C000319,2024-10-17,India,organic,True
C000320,2024-10-17,India,organic,False
C000321,2024-10-17,Canada,google_ads,False
C000322,2024-10-17,India,referral,True
C000323,2024-10-17,United States,google_ads,True
C000324,2024-10-17,India,organic,True
C000325,2024-10-17,United States,organic,True
C000326,2024-10-17,India,instagram,False
C000327,2024-10-17,Canada,instagram,True
C000328,2024-10-17,India,organic,True
C000329,2024-10-17,India,instagram,False
C000330,2024-10-17,India,organic,False
C000331,2024-10-17,India,google_ads,True
C000332,2024-10-18,Canada,organic,True
C000333,2024-10-18,India,instagram,True
C000334,2024-10-18,United States,referral,True
C000335,2024-10-18,UAE,referral,False
C000336,2024-10-18,India,referral,False
C000337,2024-10-18,India,referral,True
C000338,2024-10-18,Canada,instagram,True
C000339,2024-10-18,United States,google_ads,True
C000340,2024-10-18,India,google_ads,True
C000341,2024-10-18,India,referral,True
C000342,2024-10-18,India,organic,False
C000343,2024-10-18,India,google_ads,True
C000344,2024-10-18,United States,email,True
C000345,2024-10-18,India,organic,False
C000346,2024-10-19,Japan,referral,False
C000347,2024-10-19,India,referral,True
C000348,2024-10-19,Japan,google_ads,True
C000349,2024-10-19,United Kingdom,instagram,True
C000350,2024-10-19,Japan,instagram,True
C000351,2024-10-19,United States,instagram,True
C000352,2024-10-19,India,marketplace,False
C000353,2024-10-19,India,google_ads,False
C000354,2024-10-19,United Kingdom,email,True
C000355,2024-10-19,Canada,marketplace,True
C000356,2024-10-19,United States,organic,True
C000357,2024-10-19,Germany,referral,True
C000358,2024-10-19,United States,referral,True
C000359,2024-10-19,United Kingdom,instagram,False
C000360,2024-10-19,India,google_ads,True
C000361,2024-10-19,India,instagram,True
C000362,2024-10-19,United States,organic,False
C000363,2024-10-19,India,instagram,False
C000364,2024-10-19,India,referral,True
C000365,2024-10-19,India,organic,False
C000366,2024-10-19,India,organic,False
C000367,2024-10-19,India,organic,True
C000368,2024-10-19,India,organic,True
C000369,2024-10-19,India,organic,True
C000370,2024-10-19,Australia,instagram,True
C000371,2024-10-19,United States,organic,True
C000372,2024-10-20,India,instagram,True
C000373,2024-10-20,India,organic,True
C000374,2024-10-20,Japan,instagram,True
C000375,2024-10-20,India,email,True
C000376,2024-10-20,India,organic,False
C000377,2024-10-20,India,marketplace,False
C000378,2024-10-20,India,email,True
C000379,2024-10-20,India,google_ads,False
C000380,2024-10-20,India,instagram,True
C000381,2024-10-20,India,instagram,False
C000382,2024-10-20,United Kingdom,organic,False
C000383,2024-10-20,India,instagram,True
C000384,2024-10-20,United States,organic,True
C000385,2024-10-20,India,instagram,True
C000386,2024-10-20,Japan,google_ads,False
C000387,2024-10-20,Japan,organic,True
C000388,2024-10-20,India,google_ads,True
C000389,2024-10-20,India,google_ads,False
C000390,2024-10-20,India,email,False
C000391,2024-10-20,India,google_ads,False
C000392,2024-10-20,India,google_ads,True
C000393,2024-10-20,India,marketplace,True
C000394,2024-10-21,India,marketplace,False
C000395,2024-10-21,United Kingdom,organic,False
C000396,2024-10-21,United Kingdom,referral,True
C000397,2024-10-21,India,google_ads,True
C000398,2024-10-21,India,instagram,False
C000399,2024-10-21,United States,instagram,True
C000400,2024-10-21,United Kingdom,instagram,False
C000401,2024-10-21,United Kingdom,google_ads,True
C000402,2024-10-21,United States,organic,True
C000403,2024-10-21,United States,organic,False
C000404,2024-10-21,UAE,instagram,True
C000405,2024-10-21,United States,organic,True
C000406,2024-10-21,India,organic,True
C000407,2024-10-21,Japan,organic,False
C000408,2024-10-21,United States,email,False
C000409,2024-10-21,Germany,google_ads,False
C000410,2024-10-21,India,referral,False
C000411,2024-10-21,India,email,True
C000412,2024-10-21,India,organic,False
C000413,2024-10-21,United States,organic,False
C000414,2024-10-21,India,instagram,False
C000415,2024-10-21,United States,instagram,True
C000416,2024-10-21,India,instagram,True
C000417,2024-10-21,Germany,organic,True
C000418,2024-10-21,India,google_ads,False
C000419,2024-10-22,Germany,instagram,True
C000420,2024-10-22,India,organic,False
C000421,2024-10-22,Japan,instagram,False
C000422,2024-10-22,India,google_ads,True
C000423,2024-10-22,India,instagram,False
C000424,2024-10-22,UAE,referral,True
C000425,2024-10-22,United States,marketplace,True
C000426,2024-10-22,India,marketplace,True
C000427,2024-10-22,United States,organic,True
C000428,2024-10-22,India,instagram,True
C000429,2024-10-22,India,organic,False
C000430,2024-10-22,India,organic,True
C000431,2024-10-22,India,referral,False
C000432,2024-10-22,India,google_ads,False
C000433,2024-10-22,United Kingdom,google_ads,False
C000434,2024-10-22,UAE,google_ads,False
C000435,2024-10-22,India,google_ads,True
C000436,2024-10-22,Australia,google_ads,True
C000437,2024-10-22,India,organic,True
C000438,2024-10-22,United Kingdom,google_ads,False
C000439,2024-10-22,India,instagram,True
C000440,2024-10-23,United Kingdom,google_ads,True
C000441,2024-10-23,Japan,referral,True
C000442,2024-10-23,India,instagram,True
C000443,2024-10-23,India,marketplace,True
C000444,2024-10-23,Japan,organic,False
C000445,2024-10-23,United States,organic,True
C000446,2024-10-23,United States,google_ads,False
C000447,2024-10-23,United States,organic,True
C000448,2024-10-23,India,google_ads,True
C000449,2024-10-23,India,referral,False
C000450,2024-10-23,United States,organic,True
C000451,2024-10-23,India,organic,True
C000452,2024-10-23,India,google_ads,False
C000453,2024-10-23,Japan,organic,False
C000454,2024-10-23,Germany,instagram,True
C000455,2024-10-24,India,google_ads,False
C000456,2024-10-24,United States,instagram,True
C000457,2024-10-24,India,email,True
C000458,2024-10-24,India,instagram,False
C000459,2024-10-24,India,instagram,False
C000460,2024-10-24,United Kingdom,email,False
C000461,2024-10-24,India,organic,True
C000462,2024-10-24,United Kingdom,organic,True
C000463,2024-10-24,India,google_ads,False
C000464,2024-10-24,United Kingdom,referral,True
C000465,2024-10-24,Germany,instagram,True
C000466,2024-10-24,United Kingdom,organic,False
C000467,2024-10-24,United Kingdom,instagram,True
C000468,2024-10-24,United States,google_ads,True
C000469,2024-10-24,Australia,instagram,False
C000470,2024-10-24,UAE,marketplace,True
C000471,2024-10-24,Australia,organic,True
C000472,2024-10-24,Germany,google_ads,True
C000473,2024-10-25,Japan,instagram,False
C000474,2024-10-25,United Kingdom,email,True
C000475,2024-10-25,United Kingdom,google_ads,True
C000476,2024-10-25,Germany,referral,True
C000477,2024-10-25,India,marketplace,True
C000478,2024-10-25,United States,instagram,False
C000479,2024-10-25,India,instagram,False
C000480,2024-10-25,India,email,True
C000481,2024-10-25,India,organic,False
C000482,2024-10-25,Germany,google_ads,True
C000483,2024-10-25,Canada,google_ads,True
C000484,2024-10-25,India,instagram,True
C000485,2024-10-25,United States,google_ads,True
C000486,2024-10-25,India,organic,False
C000487,2024-10-25,United States,instagram,True
C000488,2024-10-25,United Kingdom,instagram,False
C000489,2024-10-25,India,google_ads,True
C000490,2024-10-25,United States,referral,False
C000491,2024-10-25,India,organic,True
C000492,2024-10-26,India,instagram,True
C000493,2024-10-26,India,google_ads,True
C000494,2024-10-26,United States,instagram,True
C000495,2024-10-26,Japan,organic,True
C000496,2024-10-26,UAE,marketplace,False
C000497,2024-10-26,United Kingdom,google_ads,True
C000498,2024-10-26,India,google_ads,True
C000499,2024-10-26,India,marketplace,True
C000500,2024-10-26,India,google_ads,False
C000501,2024-10-26,United States,organic,True
C000502,2024-10-26,India,instagram,True
C000503,2024-10-26,India,google_ads,False
C000504,2024-10-26,United States,instagram,True
C000505,2024-10-26,United States,marketplace,False
C000506,2024-10-26,United States,organic,True
C000507,2024-10-26,India,instagram,True
C000508,2024-10-27,India,organic,True
C000509,2024-10-27,India,organic,False
C000510,2024-10-27,India,organic,True
C000511,2024-10-27,India,referral,True
C000512,2024-10-27,India,instagram,True
C000513,2024-10-27,UAE,instagram,True
C000514,2024-10-27,India,instagram,False
C000515,2024-10-27,India,instagram,False
C000516,2024-10-27,India,google_ads,True
C000517,2024-10-27,India,google_ads,True
C000518,2024-10-27,India,organic,True
C000519,2024-10-27,India,google_ads,True
C000520,2024-10-27,India,google_ads,True
C000521,2024-10-27,Australia,referral,True
C000522,2024-10-27,India,organic,False
C000523,2024-10-27,United States,referral,False
C000524,2024-10-27,India,referral,True
C000525,2024-10-27,United States,referral,False
C000526,2024-10-27,India,organic,False
C000527,2024-10-28,United Kingdom,organic,True
C000528,2024-10-28,United States,google_ads,False
C000529,2024-10-28,India,email,True
C000530,2024-10-28,India,google_ads,True
C000531,2024-10-28,India,email,True
C000532,2024-10-28,Canada,google_ads,True
C000533,2024-10-28,UAE,instagram,False
C000534,2024-10-28,India,organic,False
C000535,2024-10-28,Canada,organic,True
C000536,2024-10-28,Germany,google_ads,False
C000537,2024-10-28,India,instagram,True
C000538,2024-10-28,India,instagram,True
C000539,2024-10-28,Australia,marketplace,True
C000540,2024-10-28,India,referral,False
C000541,2024-10-28,United States,google_ads,True
C000542,2024-10-28,India,instagram,False
C000543,2024-10-28,United Kingdom,organic,False
C000544,2024-10-29,India,instagram,False
C000545,2024-10-29,India,google_ads,False
C000546,2024-10-29,United States,referral,False
C000547,2024-10-29,India,instagram,False
C000548,2024-10-29,India,instagram,False
C000549,2024-10-29,Germany,organic,False
C000550,2024-10-29,India,marketplace,True
C000551,2024-10-29,India,instagram,True
C000552,2024-10-29,India,marketplace,False
C000553,2024-10-29,India,organic,True
C000554,2024-10-29,India,instagram,False
C000555,2024-10-29,Germany,organic,True
C000556,2024-10-29,United States,google_ads,True
C000557,2024-10-29,India,organic,True
C000558,2024-10-29,United States,instagram,False
C000559,2024-10-29,India,organic,True
C000560,2024-10-29,Germany,organic,False
C000561,2024-10-29,Germany,google_ads,True
C000562,2024-10-29,India,google_ads,True
C000563,2024-10-30,Japan,google_ads,False
C000564,2024-10-30,India,instagram,True
C000565,2024-10-30,India,instagram,False
C000566,2024-10-30,UAE,marketplace,True
C000567,2024-10-30,United Kingdom,google_ads,False
C000568,2024-10-30,India,marketplace,True
C000569,2024-10-30,India,organic,False
C000570,2024-10-30,United States,marketplace,True
C000571,2024-10-30,United States,instagram,True
C000572,2024-10-30,Canada,organic,False
C000573,2024-10-30,India,referral,True
C000574,2024-10-30,United States,organic,True
C000575,2024-10-30,India,instagram,True
C000576,2024-10-31,India,referral,True
C000577,2024-10-31,India,organic,True
C000578,2024-10-31,United States,instagram,False
C000579,2024-10-31,United Kingdom,instagram,False
C000580,2024-10-31,Japan,instagram,True
C000581,2024-10-31,United Kingdom,organic,True
C000582,2024-10-31,India,organic,True
C000583,2024-10-31,United States,google_ads,True
C000584,2024-10-31,India,marketplace,False
C000585,2024-10-31,India,referral,True
C000586,2024-10-31,India,marketplace,False
C000587,2024-10-31,India,google_ads,True
C000588,2024-10-31,India,instagram,False
C000589,2024-10-31,United Kingdom,instagram,True
C000590,2024-10-31,Australia,google_ads,False
C000591,2024-10-31,Australia,google_ads,False
C000592,2024-10-31,Germany,google_ads,True
C000593,2024-10-31,Germany,organic,False
C000594,2024-10-31,Canada,marketplace,False
C000595,2024-10-31,United States,organic,False
C000596,2024-11-01,India,instagram,False
C000597,2024-11-01,United States,google_ads,True
C000598,2024-11-01,Australia,email,True
C000599,2024-11-01,India,instagram,True
C000600,2024-11-01,India,organic,False
C000601,2024-11-01,India,organic,True
C000602,2024-11-01,United Kingdom,organic,False
C000603,2024-11-01,India,instagram,False
C000604,2024-11-01,India,organic,False
C000605,2024-11-01,India,organic,False
C000606,2024-11-01,Australia,organic,False
C000607,2024-11-01,India,email,False
C000608,2024-11-01,Australia,organic,True
C000609,2024-11-01,India,instagram,True
C000610,2024-11-01,United States,organic,False
C000611,2024-11-01,United Kingdom,google_ads,False
C000612,2024-11-01,India,marketplace,False
C000613,2024-11-01,Canada,organic,True
C000614,2024-11-01,India,organic,True
C000615,2024-11-01,India,organic,True
C000616,2024-11-01,Australia,organic,False
C000617,2024-11-01,United States,google_ads,False
C000618,2024-11-01,India,instagram,False
C000619,2024-11-01,India,instagram,False
C000620,2024-11-01,United Kingdom,google_ads,True
C000621,2024-11-02,India,instagram,False
C000622,2024-11-02,India,instagram,True
C000623,2024-11-02,United States,instagram,False
C000624,2024-11-02,United States,instagram,True
C000625,2024-11-02,India,google_ads,True
C000626,2024-11-02,India,marketplace,True
C000627,2024-11-02,United Kingdom,instagram,True
C000628,2024-11-02,United Kingdom,organic,True
C000629,2024-11-02,United States,referral,True
C000630,2024-11-02,India,instagram,False
C000631,2024-11-02,India,email,True
C000632,2024-11-02,Germany,organic,False
C000633,2024-11-02,India,organic,False
C000634,2024-11-02,India,google_ads,False
C000635,2024-11-02,United States,marketplace,False
C000636,2024-11-02,India,instagram,False
C000637,2024-11-02,United Kingdom,referral,False
C000638,2024-11-02,United States,google_ads,True
C000639,2024-11-02,India,instagram,False
C000640,2024-11-03,Germany,google_ads,False
C000641,2024-11-03,India,google_ads,True
C000642,2024-11-03,Canada,google_ads,True
C000643,2024-11-03,Germany,instagram,True
C000644,2024-11-03,India,instagram,True
C000645,2024-11-03,Canada,organic,False
C000646,2024-11-03,Japan,instagram,False
C000647,2024-11-03,United Kingdom,organic,True
C000648,2024-11-03,Germany,instagram,False
C000649,2024-11-03,Australia,google_ads,True
C000650,2024-11-03,India,instagram,True
C000651,2024-11-03,India,organic,False
C000652,2024-11-03,India,email,True
C000653,2024-11-03,India,organic,False
C000654,2024-11-03,United Kingdom,referral,False
C000655,2024-11-03,India,organic,False
C000656,2024-11-03,United Kingdom,organic,True
C000657,2024-11-03,Japan,instagram,True
C000658,2024-11-03,India,google_ads,True
C000659,2024-11-03,United States,organic,True
C000660,2024-11-03,Germany,email,True
C000661,2024-11-03,Germany,organic,False
C000662,2024-11-04,India,google_ads,True
C000663,2024-11-04,Canada,organic,True
C000664,2024-11-04,India,organic,True
C000665,2024-11-04,India,organic,False
C000666,2024-11-04,United Kingdom,organic,False
C000667,2024-11-04,United States,google_ads,False
C000668,2024-11-04,India,organic,True
C000669,2024-11-04,India,email,False
C000670,2024-11-04,India,referral,True
C000671,2024-11-04,Australia,google_ads,True
C000672,2024-11-04,India,organic,True
C000673,2024-11-04,United States,marketplace,True
C000674,2024-11-04,United Kingdom,marketplace,False
C000675,2024-11-04,United States,email,False
C000676,2024-11-04,India,google_ads,True
C000677,2024-11-04,Germany,instagram,False
C000678,2024-11-04,United States,instagram,False
C000679,2024-11-04,India,marketplace,False
C000680,2024-11-04,UAE,instagram,True
C000681,2024-11-04,India,organic,True
C000682,2024-11-04,United States,organic,True
C000683,2024-11-04,Australia,instagram,True
C000684,2024-11-05,United States,instagram,True
C000685,2024-11-05,India,organic,True
C000686,2024-11-05,India,google_ads,True
C000687,2024-11-05,United Kingdom,organic,True
C000688,2024-11-05,India,google_ads,False
C000689,2024-11-05,India,organic,True
C000690,2024-11-05,India,organic,True
C000691,2024-11-05,United States,instagram,False
C000692,2024-11-05,India,referral,True
C000693,2024-11-05,India,organic,True
C000694,2024-11-05,India,organic,True
C000695,2024-11-05,India,organic,False
C000696,2024-11-05,India,marketplace,False
C000697,2024-11-05,India,google_ads,True
C000698,2024-11-05,United States,organic,True
C000699,2024-11-05,United States,marketplace,True
C000700,2024-11-05,India,google_ads,True
C000701,2024-11-05,India,google_ads,True
C000702,2024-11-05,India,organic,True
C000703,2024-11-05,United Kingdom,organic,False
C000704,2024-11-05,Japan,instagram,True
C000705,2024-11-06,Germany,referral,True
C000706,2024-11-06,United States,organic,False
C000707,2024-11-06,United States,email,True
C000708,2024-11-06,India,marketplace,True
C000709,2024-11-06,Germany,google_ads,True
C000710,2024-11-06,India,instagram,False
C000711,2024-11-06,India,google_ads,True
C000712,2024-11-06,India,google_ads,True
C000713,2024-11-06,United Kingdom,instagram,True
C000714,2024-11-06,India,google_ads,True
C000715,2024-11-06,India,referral,False
C000716,2024-11-06,Germany,instagram,True
C000717,2024-11-06,United States,google_ads,True
C000718,2024-11-06,Canada,referral,True
C000719,2024-11-06,United States,instagram,False
C000720,2024-11-06,Japan,referral,True
C000721,2024-11-06,United States,referral,False
C000722,2024-11-07,Germany,instagram,False
C000723,2024-11-07,United Kingdom,email,True
C000724,2024-11-07,Australia,organic,True
C000725,2024-11-07,Australia,organic,True
C000726,2024-11-07,United States,organic,False
C000727,2024-11-07,United States,instagram,True
C000728,2024-11-07,India,referral,False
C000729,2024-11-07,United States,marketplace,False
C000730,2024-11-07,India,organic,True
C000731,2024-11-07,Japan,referral,True
C000732,2024-11-07,India,referral,True
C000733,2024-11-07,India,referral,True
C000734,2024-11-07,India,instagram,True
C000735,2024-11-07,India,marketplace,False
C000736,2024-11-07,United Kingdom,google_ads,False
C000737,2024-11-07,India,organic,True
C000738,2024-11-07,Japan,google_ads,False
C000739,2024-11-07,India,instagram,True
C000740,2024-11-07,Japan,instagram,True
C000741,2024-11-07,UAE,referral,True
C000742,2024-11-07,India,instagram,False
C000743,2024-11-07,United Kingdom,instagram,True
C000744,2024-11-08,United States,google_ads,False
C000745,2024-11-08,India,google_ads,True
C000746,2024-11-08,India,email,True
C000747,2024-11-08,United States,email,True
C000748,2024-11-08,United Kingdom,organic,False
C000749,2024-11-08,United States,instagram,False
C000750,2024-11-08,Germany,marketplace,False
C000751,2024-11-08,India,organic,True
C000752,2024-11-08,India,google_ads,False
C000753,2024-11-08,United Kingdom,organic,True
C000754,2024-11-08,UAE,google_ads,True
C000755,2024-11-08,India,google_ads,True
C000756,2024-11-08,Australia,google_ads,True
C000757,2024-11-08,United Kingdom,organic,False
C000758,2024-11-08,India,referral,False
C000759,2024-11-08,India,email,True
C000760,2024-11-08,United States,google_ads,True
C000761,2024-11-08,Germany,instagram,True
C000762,2024-11-08,India,marketplace,False
C000763,2024-11-08,India,email,True
C000764,2024-11-08,India,referral,True
C000765,2024-11-09,India,google_ads,False
C000766,2024-11-09,India,organic,False
C000767,2024-11-09,India,referral,True
C000768,2024-11-09,India,organic,True
C000769,2024-11-09,India,email,True
C000770,2024-11-09,India,google_ads,True
C000771,2024-11-09,India,google_ads,True
C000772,2024-11-09,United Kingdom,organic,False
C000773,2024-11-09,United States,instagram,True
C000774,2024-11-09,United States,instagram,False
C000775,2024-11-09,India,instagram,True
C000776,2024-11-09,United States,instagram,True
C000777,2024-11-09,Australia,instagram,False
C000778,2024-11-09,Japan,google_ads,True
C000779,2024-11-09,United Kingdom,google_ads,False
C000780,2024-11-09,India,referral,True
C000781,2024-11-09,India,organic,False
C000782,2024-11-09,India,google_ads,False
C000783,2024-11-09,United States,instagram,True
C000784,2024-11-09,United Kingdom,organic,True
C000785,2024-11-09,United States,google_ads,False
C000786,2024-11-09,India,organic,True
C000787,2024-11-09,United States,marketplace,True
C000788,2024-11-09,India,organic,True
C000789,2024-11-09,India,organic,True
C000790,2024-11-09,India,google_ads,True
C000791,2024-11-09,India,google_ads,True
C000792,2024-11-09,United States,marketplace,False
C000793,2024-11-09,United States,organic,True
C000794,2024-11-09,United States,referral,False
C000795,2024-11-10,India,instagram,False
C000796,2024-11-10,India,email,True
C000797,2024-11-10,Germany,marketplace,True
C000798,2024-11-10,United States,google_ads,False
C000799,2024-11-10,India,google_ads,False
C000800,2024-11-10,India,instagram,True
C000801,2024-11-10,India,marketplace,False
C000802,2024-11-10,India,organic,False
C000803,2024-11-10,India,email,True
C000804,2024-11-10,India,google_ads,False
C000805,2024-11-10,India,organic,True
C000806,2024-11-10,Australia,google_ads,True
C000807,2024-11-10,India,organic,True
C000808,2024-11-10,Germany,organic,False
C000809,2024-11-10,India,organic,False
C000810,2024-11-10,United Kingdom,instagram,True
C000811,2024-11-10,Japan,instagram,False
C000812,2024-11-10,United States,organic,True
C000813,2024-11-10,India,instagram,True
C000814,2024-11-10,India,google_ads,False
C000815,2024-11-10,Germany,organic,True
C000816,2024-11-10,India,organic,True
C000817,2024-11-10,India,instagram,False
C000818,2024-11-10,India,instagram,True
C000819,2024-11-10,India,google_ads,True
C000820,2024-11-10,UAE,organic,False
C000821,2024-11-10,India,organic,True
C000822,2024-11-10,India,google_ads,False
C000823,2024-11-10,UAE,marketplace,True
C000824,2024-11-10,United States,organic,False
C000825,2024-11-10,India,referral,True
C000826,2024-11-10,India,instagram,True
C000827,2024-11-11,India,organic,True
C000828,2024-11-11,India,google_ads,False
C000829,2024-11-11,India,marketplace,False
C000830,2024-11-11,India,organic,False
C000831,2024-11-11,Canada,instagram,True
C000832,2024-11-11,India,organic,False
C000833,2024-11-11,Germany,google_ads,True
C000834,2024-11-11,United States,google_ads,True
C000835,2024-11-11,India,organic,True
C000836,2024-11-11,India,referral,True
C000837,2024-11-11,India,organic,False
C000838,2024-11-11,UAE,organic,False
C000839,2024-11-11,India,organic,False
C000840,2024-11-12,India,organic,False
C000841,2024-11-12,India,marketplace,True
C000842,2024-11-12,India,email,False
C000843,2024-11-12,India,organic,True
C000844,2024-11-12,India,google_ads,True
C000845,2024-11-12,Australia,organic,True
C000846,2024-11-12,India,organic,True
C000847,2024-11-12,India,organic,True
C000848,2024-11-12,United States,organic,False
C000849,2024-11-12,India,google_ads,True
C000850,2024-11-12,United States,email,False
C000851,2024-11-12,Australia,instagram,True
C000852,2024-11-12,India,instagram,False
C000853,2024-11-12,Canada,google_ads,True
C000854,2024-11-12,United States,organic,True
C000855,2024-11-12,United States,marketplace,True
C000856,2024-11-12,Japan,organic,False
C000857,2024-11-12,Germany,instagram,True
C000858,2024-11-12,Japan,organic,True
C000859,2024-11-12,India,referral,True
C000860,2024-11-12,UAE,instagram,True
C000861,2024-11-12,Canada,email,False
C000862,2024-11-12,United States,instagram,False
C000863,2024-11-12,India,google_ads,True
C000864,2024-11-13,India,referral,False
C000865,2024-11-13,India,marketplace,False
C000866,2024-11-13,United States,organic,True
C000867,2024-11-13,India,organic,True
C000868,2024-11-13,United Kingdom,organic,True
C000869,2024-11-13,India,marketplace,False
C000870,2024-11-13,India,organic,True
C000871,2024-11-13,United Kingdom,google_ads,True
C000872,2024-11-13,India,google_ads,True
C000873,2024-11-13,Germany,organic,False
C000874,2024-11-13,India,google_ads,False
C000875,2024-11-13,India,organic,True
C000876,2024-11-13,Japan,google_ads,False
C000877,2024-11-13,Japan,instagram,False
C000878,2024-11-13,Australia,instagram,False
C000879,2024-11-13,United States,organic,True
C000880,2024-11-13,India,instagram,True
C000881,2024-11-13,United States,instagram,False
C000882,2024-11-14,United States,organic,True
C000883,2024-11-14,India,google_ads,True
C000884,2024-11-14,United States,instagram,False
C000885,2024-11-14,United Kingdom,instagram,True
C000886,2024-11-14,India,instagram,True
C000887,2024-11-14,India,instagram,True
C000888,2024-11-14,United Kingdom,email,True
C000889,2024-11-14,India,organic,False
C000890,2024-11-14,India,referral,False
C000891,2024-11-14,India,google_ads,True
C000892,2024-11-14,United Kingdom,organic,False
C000893,2024-11-14,India,google_ads,True
C000894,2024-11-14,Australia,google_ads,True
C000895,2024-11-14,India,google_ads,True
C000896,2024-11-14,Germany,marketplace,True
C000897,2024-11-14,India,referral,False
C000898,2024-11-14,India,referral,True
C000899,2024-11-14,India,referral,False
C000900,2024-11-14,United States,referral,True
C000901,2024-11-15,India,organic,False
C000902,2024-11-15,India,google_ads,True
C000903,2024-11-15,Australia,email,False
C000904,2024-11-15,United Kingdom,google_ads,False
C000905,2024-11-15,UAE,google_ads,False
C000906,2024-11-15,United States,organic,True
C000907,2024-11-15,India,marketplace,True
C000908,2024-11-15,Australia,organic,True
C000909,2024-11-15,United States,marketplace,False
C000910,2024-11-15,India,google_ads,True
C000911,2024-11-15,United States,organic,False
C000912,2024-11-15,India,referral,False
C000913,2024-11-15,India,instagram,False
C000914,2024-11-15,India,instagram,True
C000915,2024-11-15,United States,referral,True
C000916,2024-11-15,India,google_ads,True
C000917,2024-11-15,India,google_ads,True
C000918,2024-11-15,India,referral,False
C000919,2024-11-15,United States,instagram,True
C000920,2024-11-15,India,google_ads,False
C000921,2024-11-15,India,organic,True
C000922,2024-11-15,Australia,instagram,True
C000923,2024-11-15,India,organic,False
C000924,2024-11-16,India,organic,False
C000925,2024-11-16,United States,organic,False
C000926,2024-11-16,United Kingdom,instagram,True
C000927,2024-11-16,India,referral,False
C000928,2024-11-16,Australia,google_ads,False
C000929,2024-11-16,India,instagram,False
C000930,2024-11-16,India,instagram,False
C000931,2024-11-16,Germany,google_ads,True
C000932,2024-11-16,India,instagram,False
C000933,2024-11-16,Canada,referral,False
C000934,2024-11-16,Canada,instagram,True
C000935,2024-11-16,United States,google_ads,True
C000936,2024-11-16,United States,instagram,False
C000937,2024-11-16,United Kingdom,organic,True
C000938,2024-11-16,India,marketplace,True
C000939,2024-11-16,India,referral,True
C000940,2024-11-16,India,organic,False
C000941,2024-11-16,India,instagram,True
C000942,2024-11-16,India,organic,False
C000943,2024-11-16,Japan,instagram,False
C000944,2024-11-16,United States,google_ads,True
C000945,2024-11-16,India,organic,False
C000946,2024-11-17,Canada,referral,True
C000947,2024-11-17,India,organic,True
C000948,2024-11-17,United States,google_ads,True
C000949,2024-11-17,United States,organic,False
C000950,2024-11-17,UAE,google_ads,True
C000951,2024-11-17,United Kingdom,email,False
C000952,2024-11-17,Australia,organic,True
C000953,2024-11-17,India,marketplace,False
C000954,2024-11-17,India,instagram,True
C000955,2024-11-17,Germany,organic,True
C000956,2024-11-17,India,instagram,True
C000957,2024-11-17,Germany,organic,False
C000958,2024-11-17,United States,instagram,False
C000959,2024-11-17,India,email,False
C000960,2024-11-17,United States,marketplace,True
C000961,2024-11-17,United Kingdom,organic,False
C000962,2024-11-17,Australia,organic,False
C000963,2024-11-17,United States,instagram,False
C000964,2024-11-17,India,marketplace,False
C000965,2024-11-17,India,google_ads,True
C000966,2024-11-17,United States,organic,True
C000967,2024-11-17,United Kingdom,organic,True
C000968,2024-11-17,United Kingdom,marketplace,True
C000969,2024-11-17,United States,google_ads,True
C000970,2024-11-17,India,organic,False
C000971,2024-11-17,United Kingdom,marketplace,True
C000972,2024-11-17,United Kingdom,google_ads,True
C000973,2024-11-18,India,instagram,False
C000974,2024-11-18,India,google_ads,False
C000975,2024-11-18,India,organic,True
C000976,2024-11-18,Australia,organic,False
C000977,2024-11-18,India,instagram,True
C000978,2024-11-18,United States,instagram,False
C000979,2024-11-18,India,organic,False
C000980,2024-11-18,India,marketplace,False
C000981,2024-11-18,India,marketplace,True
C000982,2024-11-18,United Kingdom,organic,False
C000983,2024-11-18,United States,email,False
C000984,2024-11-18,Australia,referral,True
C000985,2024-11-18,India,organic,False
C000986,2024-11-18,India,google_ads,True
C000987,2024-11-19,India,marketplace,True
C000988,2024-11-19,India,marketplace,True
C000989,2024-11-19,Canada,organic,False
C000990,2024-11-19,India,instagram,True
C000991,2024-11-19,UAE,google_ads,False
C000992,2024-11-19,India,organic,True
C000993,2024-11-19,United Kingdom,email,False
C000994,2024-11-19,India,instagram,True
C000995,2024-11-19,Japan,marketplace,False
C000996,2024-11-19,Australia,organic,True
C000997,2024-11-19,United Kingdom,email,True
C000998,2024-11-19,UAE,marketplace,False
C000999,2024-11-19,Germany,organic,True
C001000,2024-11-19,India,organic,True
C001001,2024-11-19,India,organic,True
C001002,2024-11-19,India,instagram,True
C001003,2024-11-19,India,referral,True
C001004,2024-11-20,India,google_ads,True
C001005,2024-11-20,UAE,marketplace,True
C001006,2024-11-20,United States,marketplace,False
C001007,2024-11-20,India,instagram,False
C001008,2024-11-20,India,instagram,True
C001009,2024-11-20,India,instagram,True
C001010,2024-11-20,India,referral,False
C001011,2024-11-20,Germany,google_ads,True
C001012,2024-11-20,United States,instagram,False
C001013,2024-11-20,UAE,instagram,True
C001014,2024-11-20,United Kingdom,google_ads,True
C001015,2024-11-20,India,organic,True
C001016,2024-11-20,India,google_ads,True
C001017,2024-11-20,India,instagram,False
C001018,2024-11-20,India,referral,True
C001019,2024-11-20,United States,instagram,False
C001020,2024-11-20,India,organic,True
C001021,2024-11-20,United States,referral,False
C001022,2024-11-20,India,instagram,False
C001023,2024-11-20,Germany,instagram,False
C001024,2024-11-20,India,organic,False
C001025,2024-11-20,Germany,google_ads,False
C001026,2024-11-20,India,instagram,True
C001027,2024-11-21,United States,instagram,False
C001028,2024-11-21,India,email,True
C001029,2024-11-21,India,instagram,False
C001030,2024-11-21,India,organic,False
C001031,2024-11-21,United States,instagram,True
C001032,2024-11-21,United States,organic,True
C001033,2024-11-21,India,organic,False
C001034,2024-11-21,United States,google_ads,True
C001035,2024-11-21,India,google_ads,True
C001036,2024-11-21,UAE,organic,True
C001037,2024-11-21,India,instagram,False
C001038,2024-11-21,Germany,instagram,True
C001039,2024-11-21,India,instagram,False
C001040,2024-11-21,India,instagram,True
C001041,2024-11-21,India,organic,True
C001042,2024-11-21,India,email,True
C001043,2024-11-21,India,marketplace,False
C001044,2024-11-21,India,instagram,False
C001045,2024-11-21,UAE,marketplace,False
C001046,2024-11-21,India,google_ads,False
C001047,2024-11-21,India,organic,False
C001048,2024-11-21,India,google_ads,False
C001049,2024-11-22,India,marketplace,False
C001050,2024-11-22,United Kingdom,instagram,True
C001051,2024-11-22,India,referral,True
C001052,2024-11-22,United Kingdom,instagram,True
C001053,2024-11-22,Canada,google_ads,False
C001054,2024-11-22,India,organic,True
C001055,2024-11-22,India,email,True
C001056,2024-11-22,UAE,organic,False
C001057,2024-11-22,India,organic,True
C001058,2024-11-22,India,google_ads,True
C001059,2024-11-22,India,google_ads,False
C001060,2024-11-22,Japan,marketplace,False
C001061,2024-11-22,India,google_ads,False
C001062,2024-11-22,Japan,organic,False
C001063,2024-11-22,India,organic,True
C001064,2024-11-22,Australia,referral,False
C001065,2024-11-22,Canada,instagram,True
C001066,2024-11-22,United Kingdom,instagram,True
C001067,2024-11-22,India,email,False
C001068,2024-11-22,India,instagram,True
C001069,2024-11-23,India,instagram,True
C001070,2024-11-23,India,google_ads,True
C001071,2024-11-23,United States,referral,False
C001072,2024-11-23,India,instagram,True
C001073,2024-11-23,United States,instagram,True
C001074,2024-11-23,India,google_ads,True
C001075,2024-11-23,India,google_ads,True
C001076,2024-11-23,India,organic,True
C001077,2024-11-23,India,google_ads,False
C001078,2024-11-23,India,email,False
C001079,2024-11-23,Australia,instagram,False
C001080,2024-11-23,India,instagram,True
C001081,2024-11-23,United States,instagram,False
C001082,2024-11-23,Japan,google_ads,False
C001083,2024-11-23,India,google_ads,True
C001084,2024-11-23,Australia,marketplace,True
C001085,2024-11-23,India,instagram,True
C001086,2024-11-23,India,google_ads,True
C001087,2024-11-23,India,instagram,True
C001088,2024-11-23,United Kingdom,instagram,False
C001089,2024-11-23,Germany,organic,False
C001090,2024-11-23,United States,email,True
C001091,2024-11-23,Australia,organic,True
C001092,2024-11-23,India,google_ads,False
C001093,2024-11-23,India,google_ads,True
C001094,2024-11-23,India,referral,False
C001095,2024-11-23,India,instagram,True
C001096,2024-11-23,India,google_ads,True
C001097,2024-11-23,India,instagram,True
C001098,2024-11-23,India,email,False
C001099,2024-11-23,India,marketplace,True
C001100,2024-11-23,Canada,email,True
C001101,2024-11-23,India,organic,False
C001102,2024-11-24,Australia,instagram,True
C001103,2024-11-24,United Kingdom,marketplace,True
C001104,2024-11-24,India,instagram,True
C001105,2024-11-24,India,instagram,True
C001106,2024-11-24,Canada,organic,True
C001107,2024-11-24,India,organic,False
C001108,2024-11-24,India,instagram,True
C001109,2024-11-24,India,instagram,True
C001110,2024-11-24,UAE,organic,True
C001111,2024-11-24,India,google_ads,False
C001112,2024-11-24,Germany,google_ads,False
C001113,2024-11-24,Australia,organic,True
C001114,2024-11-24,United Kingdom,google_ads,True
C001115,2024-11-24,India,organic,True
C001116,2024-11-24,India,google_ads,False
C001117,2024-11-24,India,organic,False
C001118,2024-11-24,Canada,organic,True
C001119,2024-11-24,United States,google_ads,True
C001120,2024-11-24,Canada,instagram,True
C001121,2024-11-24,India,marketplace,True
C001122,2024-11-24,United Kingdom,instagram,True
C001123,2024-11-24,India,organic,True
C001124,2024-11-24,Canada,organic,True
C001125,2024-11-24,Japan,marketplace,False
C001126,2024-11-24,India,google_ads,True
C001127,2024-11-24,India,marketplace,True
C001128,2024-11-24,India,instagram,False
C001129,2024-11-24,India,organic,False
C001130,2024-11-24,India,referral,True
C001131,2024-11-24,United States,google_ads,True
C001132,2024-11-24,India,organic,True
C001133,2024-11-24,UAE,google_ads,True
C001134,2024-11-24,India,organic,True
C001135,2024-11-25,Canada,organic,False
C001136,2024-11-25,India,instagram,True
C001137,2024-11-25,India,instagram,True
C001138,2024-11-25,UAE,organic,False
C001139,2024-11-25,India,organic,True
C001140,2024-11-25,United States,organic,False
C001141,2024-11-25,United States,google_ads,True
C001142,2024-11-25,India,google_ads,True
C001143,2024-11-25,India,instagram,False
C001144,2024-11-25,United Kingdom,organic,False
C001145,2024-11-25,Germany,referral,True
C001146,2024-11-25,Germany,instagram,True
C001147,2024-11-25,United States,organic,True
C001148,2024-11-25,United States,organic,False
C001149,2024-11-25,India,organic,False
C001150,2024-11-25,United Kingdom,organic,True
C001151,2024-11-25,India,email,True
C001152,2024-11-25,United States,instagram,False
C001153,2024-11-25,India,instagram,True
C001154,2024-11-25,United States,organic,True
C001155,2024-11-25,India,instagram,False
C001156,2024-11-25,India,google_ads,True
C001157,2024-11-25,Japan,instagram,True
C001158,2024-11-25,India,google_ads,False
C001159,2024-11-25,India,organic,False
C001160,2024-11-25,United Kingdom,instagram,False
C001161,2024-11-25,India,referral,True
C001162,2024-11-25,India,organic,True
C001163,2024-11-26,United Kingdom,marketplace,True
C001164,2024-11-26,UAE,google_ads,False
C001165,2024-11-26,Japan,instagram,False
C001166,2024-11-26,India,email,False
C001167,2024-11-26,India,google_ads,True
C001168,2024-11-26,UAE,google_ads,False
C001169,2024-11-26,India,google_ads,False
C001170,2024-11-26,United Kingdom,referral,True
C001171,2024-11-26,India,instagram,True
C001172,2024-11-26,India,email,False
C001173,2024-11-26,United States,instagram,False
C001174,2024-11-26,Germany,google_ads,True
C001175,2024-11-26,India,marketplace,True
C001176,2024-11-26,Japan,google_ads,False
C001177,2024-11-26,India,google_ads,True
C001178,2024-11-26,Australia,referral,False
C001179,2024-11-26,India,email,False
C001180,2024-11-26,India,email,True
C001181,2024-11-26,Australia,instagram,True
C001182,2024-11-26,India,organic,True
C001183,2024-11-26,India,google_ads,True
C001184,2024-11-26,UAE,instagram,False
C001185,2024-11-27,India,organic,False
C001186,2024-11-27,Japan,google_ads,False
C001187,2024-11-27,United States,organic,True
C001188,2024-11-27,United States,instagram,True
C001189,2024-11-27,India,organic,False
C001190,2024-11-27,Canada,instagram,True
C001191,2024-11-27,Japan,instagram,True
C001192,2024-11-27,India,instagram,False
C001193,2024-11-27,UAE,organic,False
C001194,2024-11-27,India,instagram,True
C001195,2024-11-27,India,google_ads,True
C001196,2024-11-27,India,google_ads,False
C001197,2024-11-27,Australia,instagram,True
C001198,2024-11-27,India,google_ads,True
C001199,2024-11-27,India,referral,True
C001200,2024-11-27,Japan,google_ads,True
C001201,2024-11-27,India,referral,True
C001202,2024-11-27,India,instagram,True
C001203,2024-11-27,India,instagram,False
C001204,2024-11-27,Canada,instagram,False
C001205,2024-11-27,India,google_ads,False
C001206,2024-11-27,Germany,organic,True
C001207,2024-11-27,United States,organic,True
C001208,2024-11-27,India,instagram,False
C001209,2024-11-27,India,referral,True
C001210,2024-11-27,United States,google_ads,False
C001211,2024-11-27,India,instagram,False
C001212,2024-11-27,Canada,marketplace,True
C001213,2024-11-27,United Kingdom,instagram,False
C001214,2024-11-27,India,instagram,True
C001215,2024-11-27,United States,instagram,False
C001216,2024-11-27,United States,email,False
C001217,2024-11-27,United Kingdom,organic,False
C001218,2024-11-27,United States,instagram,False
C001219,2024-11-27,India,organic,False
C001220,2024-11-27,India,organic,True
C001221,2024-11-27,United Kingdom,google_ads,True
C001222,2024-11-27,United Kingdom,marketplace,True
C001223,2024-11-27,India,organic,False
C001224,2024-11-28,United States,organic,False
C001225,2024-11-28,Japan,email,False
C001226,2024-11-28,Japan,instagram,False
C001227,2024-11-28,Australia,instagram,True
C001228,2024-11-28,Japan,google_ads,False
C001229,2024-11-28,Germany,referral,True
C001230,2024-11-28,United Kingdom,instagram,False
C001231,2024-11-28,UAE,google_ads,True
C001232,2024-11-28,Germany,referral,True
C001233,2024-11-28,Germany,email,True
C001234,2024-11-28,India,referral,True
C001235,2024-11-28,India,organic,True
C001236,2024-11-28,Australia,organic,True
C001237,2024-11-28,India,instagram,True
C001238,2024-11-28,Australia,organic,False
C001239,2024-11-28,United States,organic,True
C001240,2024-11-28,India,instagram,True
C001241,2024-11-28,United Kingdom,referral,False
C001242,2024-11-28,India,marketplace,False
C001243,2024-11-28,India,google_ads,True
C001244,2024-11-28,Canada,organic,True
C001245,2024-11-28,Canada,google_ads,False
C001246,2024-11-28,India,instagram,True
C001247,2024-11-28,India,instagram,False
C001248,2024-11-28,Australia,instagram,True
C001249,2024-11-28,India,organic,False
C001250,2024-11-28,United States,marketplace,True
C001251,2024-11-28,United States,email,True
C001252,2024-11-28,United States,google_ads,True
C001253,2024-11-28,United Kingdom,organic,True
C001254,2024-11-28,United States,organic,True
C001255,2024-11-28,India,instagram,True
C001256,2024-11-28,India,google_ads,False
C001257,2024-11-28,India,email,False
C001258,2024-11-28,United States,referral,False
C001259,2024-11-28,United Kingdom,marketplace,True
C001260,2024-11-28,Germany,organic,False
C001261,2024-11-28,Canada,organic,True
C001262,2024-11-28,UAE,google_ads,False
C001263,2024-11-28,Canada,instagram,False
C001264,2024-11-28,Australia,google_ads,False
C001265,2024-11-29,India,google_ads,True
C001266,2024-11-29,India,google_ads,False
C001267,2024-11-29,United Kingdom,organic,False
C001268,2024-11-29,Australia,instagram,False
C001269,2024-11-29,India,referral,True
C001270,2024-11-29,Japan,instagram,True
C001271,2024-11-29,India,instagram,False
C001272,2024-11-29,United Kingdom,organic,True
C001273,2024-11-29,India,instagram,False
C001274,2024-11-29,UAE,instagram,True
C001275,2024-11-29,Germany,organic,False
C001276,2024-11-29,India,instagram,True
C001277,2024-11-29,India,marketplace,True
C001278,2024-11-29,United States,organic,False
C001279,2024-11-29,United States,organic,True
C001280,2024-11-29,India,google_ads,True
C001281,2024-11-29,Japan,referral,True
C001282,2024-11-29,India,marketplace,True
C001283,2024-11-29,India,organic,False
C001284,2024-11-29,India,marketplace,True
C001285,2024-11-29,United Kingdom,marketplace,False
C001286,2024-11-29,India,google_ads,False
C001287,2024-11-29,India,instagram,True
C001288,2024-11-29,India,organic,False
C001289,2024-11-29,Australia,organic,True
C001290,2024-11-29,India,google_ads,True
C001291,2024-11-29,United Kingdom,instagram,True
C001292,2024-11-29,Japan,email,True
C001293,2024-11-29,United States,referral,True
C001294,2024-11-29,Germany,organic,False
C001295,2024-11-29,United States,email,True
C001296,2024-11-29,India,instagram,False
C001297,2024-11-29,India,organic,True
C001298,2024-11-29,UAE,google_ads,False
C001299,2024-11-29,India,google_ads,False
C001300,2024-11-29,India,referral,False
C001301,2024-11-29,United Kingdom,organic,True
C001302,2024-11-29,UAE,organic,False
C001303,2024-11-29,United States,google_ads,True
C001304,2024-11-29,India,google_ads,True
C001305,2024-11-29,Canada,instagram,False
C001306,2024-11-29,Canada,referral,False
C001307,2024-11-29,India,instagram,True
C001308,2024-11-29,United States,organic,False
C001309,2024-11-29,Japan,google_ads,True
C001310,2024-11-30,United States,organic,True
C001311,2024-11-30,India,google_ads,True
C001312,2024-11-30,Japan,organic,True
C001313,2024-11-30,India,google_ads,False
C001314,2024-11-30,India,organic,True
C001315,2024-11-30,India,organic,False
C001316,2024-11-30,India,marketplace,True
C001317,2024-11-30,United States,organic,True
C001318,2024-11-30,United States,instagram,False
C001319,2024-11-30,India,marketplace,True
C001320,2024-11-30,India,organic,True
C001321,2024-11-30,Japan,organic,True
C001322,2024-11-30,United States,google_ads,False
C001323,2024-11-30,United States,instagram,False
C001324,2024-11-30,India,organic,False
C001325,2024-11-30,Canada,google_ads,False
C001326,2024-11-30,India,instagram,True
C001327,2024-11-30,United Kingdom,instagram,True
C001328,2024-11-30,United Kingdom,referral,True
C001329,2024-11-30,Germany,organic,False
C001330,2024-11-30,India,email,True
C001331,2024-11-30,India,instagram,True
C001332,2024-11-30,India,google_ads,False
C001333,2024-11-30,India,instagram,False
C001334,2024-11-30,India,google_ads,True
C001335,2024-11-30,United States,organic,True
C001336,2024-11-30,India,instagram,True
C001337,2024-11-30,India,organic,False
C001338,2024-11-30,United States,referral,True
C001339,2024-11-30,Germany,google_ads,False
C001340,2024-11-30,India,organic,False
C001341,2024-11-30,India,instagram,True
C001342,2024-11-30,Australia,organic,False
C001343,2024-11-30,United Kingdom,organic,True
C001344,2024-11-30,India,organic,True
C001345,2024-11-30,United States,email,False
C001346,2024-11-30,Japan,instagram,True
C001347,2024-11-30,United States,marketplace,False
C001348,2024-11-30,United States,marketplace,True
C001349,2024-12-01,India,referral,True
C001350,2024-12-01,United Kingdom,organic,False
C001351,2024-12-01,India,organic,False
C001352,2024-12-01,United States,email,False
C001353,2024-12-01,United Kingdom,organic,True
C001354,2024-12-01,India,marketplace,False
C001355,2024-12-01,India,referral,False
C001356,2024-12-01,India,google_ads,True
C001357,2024-12-01,UAE,organic,True
C001358,2024-12-01,India,instagram,False
C001359,2024-12-01,United States,organic,True
C001360,2024-12-01,India,referral,False
C001361,2024-12-01,UAE,google_ads,False
C001362,2024-12-02,Japan,organic,False
C001363,2024-12-02,India,instagram,False
C001364,2024-12-02,India,referral,False
C001365,2024-12-02,United Kingdom,instagram,False
C001366,2024-12-02,Canada,google_ads,True
C001367,2024-12-02,India,google_ads,True
C001368,2024-12-02,United States,referral,False
C001369,2024-12-02,India,instagram,True
C001370,2024-12-02,United States,instagram,False
C001371,2024-12-02,United States,instagram,True
C001372,2024-12-02,Germany,google_ads,True
C001373,2024-12-03,Australia,instagram,False
C001374,2024-12-03,United States,referral,False
C001375,2024-12-03,India,instagram,True
C001376,2024-12-03,United States,email,True
C001377,2024-12-03,India,google_ads,False
C001378,2024-12-03,India,instagram,True
C001379,2024-12-03,India,instagram,False
C001380,2024-12-03,Australia,instagram,True
C001381,2024-12-03,India,email,True
C001382,2024-12-03,India,google_ads,True
C001383,2024-12-03,India,organic,False
C001384,2024-12-03,India,instagram,True
C001385,2024-12-03,India,instagram,False
C001386,2024-12-03,United States,instagram,False
C001387,2024-12-03,Canada,organic,False
C001388,2024-12-03,United Kingdom,google_ads,False
C001389,2024-12-03,United Kingdom,instagram,False
C001390,2024-12-03,India,referral,True
C001391,2024-12-03,India,organic,False
C001392,2024-12-03,India,organic,True
C001393,2024-12-03,Australia,organic,False
C001394,2024-12-03,India,instagram,True
C001395,2024-12-03,Germany,referral,False
C001396,2024-12-03,India,instagram,True
C001397,2024-12-03,India,organic,False
C001398,2024-12-03,Germany,organic,False
C001399,2024-12-04,India,google_ads,False
C001400,2024-12-04,Japan,google_ads,False
C001401,2024-12-04,United States,instagram,True
C001402,2024-12-04,India,organic,False
C001403,2024-12-04,India,instagram,True
C001404,2024-12-04,United Kingdom,referral,True
C001405,2024-12-04,India,marketplace,False
C001406,2024-12-04,India,organic,True
C001407,2024-12-04,India,instagram,False
C001408,2024-12-04,Germany,email,True
C001409,2024-12-04,India,google_ads,True
C001410,2024-12-04,India,instagram,False
C001411,2024-12-04,India,instagram,True
C001412,2024-12-05,Germany,organic,False
C001413,2024-12-05,India,referral,True
C001414,2024-12-05,Japan,google_ads,False
C001415,2024-12-05,India,instagram,False
C001416,2024-12-05,India,organic,False
C001417,2024-12-05,India,instagram,True
C001418,2024-12-05,India,organic,False
C001419,2024-12-05,Germany,google_ads,True
C001420,2024-12-05,India,referral,True
C001421,2024-12-05,India,marketplace,True
C001422,2024-12-05,United Kingdom,google_ads,False
C001423,2024-12-05,India,referral,True
C001424,2024-12-05,India,instagram,False
C001425,2024-12-05,India,marketplace,True
C001426,2024-12-05,India,organic,True
C001427,2024-12-05,India,google_ads,True
C001428,2024-12-06,Canada,instagram,False
C001429,2024-12-06,India,organic,False
C001430,2024-12-06,UAE,organic,True
C001431,2024-12-06,India,organic,True
C001432,2024-12-06,India,instagram,True
C001433,2024-12-06,India,google_ads,False
C001434,2024-12-06,United States,google_ads,True
C001435,2024-12-06,United Kingdom,organic,False
C001436,2024-12-06,India,instagram,False
C001437,2024-12-06,India,organic,True
C001438,2024-12-06,United Kingdom,instagram,True
C001439,2024-12-06,United States,google_ads,False
C001440,2024-12-06,Canada,instagram,False
C001441,2024-12-06,India,organic,True
C001442,2024-12-06,United States,marketplace,True
C001443,2024-12-06,Australia,organic,True
C001444,2024-12-06,Australia,instagram,True
C001445,2024-12-06,India,organic,False
C001446,2024-12-06,Australia,organic,True
C001447,2024-12-06,India,organic,False
C001448,2024-12-06,United States,google_ads,True
C001449,2024-12-06,India,marketplace,True
C001450,2024-12-07,India,organic,True
C001451,2024-12-07,Japan,referral,False
C001452,2024-12-07,India,instagram,True
C001453,2024-12-07,Canada,marketplace,False
C001454,2024-12-07,India,instagram,True
C001455,2024-12-07,India,instagram,False
C001456,2024-12-07,United Kingdom,organic,False
C001457,2024-12-07,India,organic,True
C001458,2024-12-07,United States,email,True
C001459,2024-12-07,United Kingdom,google_ads,False
C001460,2024-12-07,India,organic,True
C001461,2024-12-07,United States,marketplace,False
C001462,2024-12-07,India,google_ads,True
C001463,2024-12-07,Japan,organic,True
C001464,2024-12-07,India,marketplace,True
C001465,2024-12-07,India,organic,False
C001466,2024-12-07,United Kingdom,organic,True
C001467,2024-12-07,India,organic,True
C001468,2024-12-07,United Kingdom,instagram,True
C001469,2024-12-07,India,google_ads,True
C001470,2024-12-07,UAE,organic,False
C001471,2024-12-07,Japan,organic,True
C001472,2024-12-08,India,google_ads,True
C001473,2024-12-08,United States,instagram,True
C001474,2024-12-08,United States,organic,True
C001475,2024-12-08,United States,instagram,False
C001476,2024-12-08,India,google_ads,False
C001477,2024-12-08,India,instagram,True
C001478,2024-12-08,India,instagram,True
C001479,2024-12-08,United States,google_ads,False
C001480,2024-12-08,India,google_ads,True
C001481,2024-12-08,India,instagram,False
C001482,2024-12-08,India,organic,False
C001483,2024-12-08,United States,organic,True
C001484,2024-12-08,United States,instagram,False
C001485,2024-12-08,India,google_ads,True
C001486,2024-12-08,India,organic,False
C001487,2024-12-08,Germany,marketplace,False
C001488,2024-12-08,India,google_ads,False
C001489,2024-12-08,India,instagram,False
C001490,2024-12-08,India,organic,True
C001491,2024-12-08,Japan,instagram,False
C001492,2024-12-08,Japan,marketplace,False
C001493,2024-12-08,United States,organic,True
C001494,2024-12-08,India,organic,False
C001495,2024-12-08,United States,referral,False
C001496,2024-12-08,India,organic,True
C001497,2024-12-08,India,organic,True
C001498,2024-12-08,India,instagram,True
C001499,2024-12-08,India,referral,True
C001500,2024-12-08,United States,organic,True
C001501,2024-12-08,India,instagram,True
C001502,2024-12-08,India,instagram,False
C001503,2024-12-09,Canada,marketplace,True
C001504,2024-12-09,India,organic,True
C001505,2024-12-09,United States,organic,False
C001506,2024-12-09,India,organic,True
C001507,2024-12-09,India,google_ads,True
C001508,2024-12-09,Germany,organic,True
C001509,2024-12-09,India,organic,True
C001510,2024-12-09,United States,google_ads,False
C001511,2024-12-09,UAE,referral,False
C001512,2024-12-09,India,organic,True
C001513,2024-12-09,UAE,organic,True
C001514,2024-12-09,United States,organic,False
C001515,2024-12-09,United States,organic,True
C001516,2024-12-09,India,organic,True
C001517,2024-12-09,UAE,instagram,False
C001518,2024-12-10,India,marketplace,True
C001519,2024-12-10,India,marketplace,True
C001520,2024-12-10,India,google_ads,False
C001521,2024-12-10,United Kingdom,organic,True
C001522,2024-12-10,Germany,organic,False
C001523,2024-12-10,United States,instagram,True
C001524,2024-12-10,Japan,marketplace,True
C001525,2024-12-10,India,instagram,True
C001526,2024-12-10,India,marketplace,True
C001527,2024-12-10,India,referral,True
C001528,2024-12-10,United Kingdom,instagram,True
C001529,2024-12-10,India,organic,True
C001530,2024-12-10,United Kingdom,referral,False
C001531,2024-12-10,India,organic,True
C001532,2024-12-10,Japan,organic,False
C001533,2024-12-10,Germany,organic,False
C001534,2024-12-10,United Kingdom,email,True
C001535,2024-12-10,India,organic,False
C001536,2024-12-11,United Kingdom,google_ads,False
C001537,2024-12-11,United States,google_ads,False
C001538,2024-12-11,India,organic,True
C001539,2024-12-11,United States,instagram,True
C001540,2024-12-11,United States,organic,False
C001541,2024-12-11,India,referral,True
C001542,2024-12-11,India,google_ads,False
C001543,2024-12-12,United Kingdom,google_ads,True
C001544,2024-12-12,United States,instagram,False
C001545,2024-12-12,India,organic,True
C001546,2024-12-12,India,marketplace,True
C001547,2024-12-12,Australia,organic,True
C001548,2024-12-12,India,instagram,True
C001549,2024-12-12,Japan,instagram,False
C001550,2024-12-12,India,organic,True
C001551,2024-12-12,India,organic,True
C001552,2024-12-12,India,google_ads,True
C001553,2024-12-12,India,organic,True
C001554,2024-12-12,India,organic,False
C001555,2024-12-12,India,instagram,False
C001556,2024-12-12,India,google_ads,False
C001557,2024-12-12,Germany,instagram,False
C001558,2024-12-12,India,instagram,False
C001559,2024-12-12,India,organic,True
C001560,2024-12-12,India,referral,False
C001561,2024-12-12,Germany,google_ads,False
C001562,2024-12-12,India,organic,True
C001563,2024-12-13,United States,organic,False
C001564,2024-12-13,India,referral,True
C001565,2024-12-13,India,google_ads,False
C001566,2024-12-13,Germany,instagram,False
C001567,2024-12-13,Japan,marketplace,False
C001568,2024-12-13,Japan,referral,True
C001569,2024-12-13,Japan,email,True
C001570,2024-12-13,India,instagram,False
C001571,2024-12-13,India,instagram,False
C001572,2024-12-13,United Kingdom,referral,True
C001573,2024-12-13,UAE,google_ads,False
C001574,2024-12-13,India,google_ads,False
C001575,2024-12-13,India,marketplace,False
C001576,2024-12-13,India,organic,True
C001577,2024-12-13,United Kingdom,marketplace,True
C001578,2024-12-13,India,instagram,False
C001579,2024-12-13,India,instagram,False
C001580,2024-12-13,United Kingdom,email,False
C001581,2024-12-13,Australia,instagram,False
C001582,2024-12-13,India,email,True
C001583,2024-12-14,India,referral,True
C001584,2024-12-14,UAE,instagram,True
C001585,2024-12-14,Japan,google_ads,True
C001586,2024-12-14,India,organic,False
C001587,2024-12-14,United States,referral,True
C001588,2024-12-14,India,organic,False
C001589,2024-12-14,India,instagram,True
C001590,2024-12-14,India,google_ads,False
C001591,2024-12-14,Canada,organic,True
C001592,2024-12-14,India,organic,False
C001593,2024-12-14,Japan,instagram,False
C001594,2024-12-14,India,email,True
C001595,2024-12-14,United States,organic,False
C001596,2024-12-14,United States,organic,True
C001597,2024-12-14,India,organic,True
C001598,2024-12-14,India,instagram,True
C001599,2024-12-14,India,instagram,True
C001600,2024-12-14,India,referral,False
C001601,2024-12-14,Japan,google_ads,False
C001602,2024-12-14,United Kingdom,instagram,False
C001603,2024-12-14,United Kingdom,instagram,False
C001604,2024-12-14,United States,email,True
C001605,2024-12-14,India,google_ads,False
C001606,2024-12-14,Canada,instagram,True
C001607,2024-12-14,Japan,marketplace,True
C001608,2024-12-14,Germany,instagram,True
C001609,2024-12-14,India,organic,False
C001610,2024-12-15,Germany,instagram,True
C001611,2024-12-15,United Kingdom,google_ads,False
C001612,2024-12-15,United Kingdom,instagram,True
C001613,2024-12-15,Germany,referral,True
C001614,2024-12-15,United Kingdom,organic,False
C001615,2024-12-15,India,referral,True
C001616,2024-12-15,India,organic,False
C001617,2024-12-15,India,referral,True
C001618,2024-12-15,Canada,organic,True
C001619,2024-12-15,Canada,google_ads,False
C001620,2024-12-15,India,organic,False
C001621,2024-12-15,United Kingdom,google_ads,True
C001622,2024-12-15,Japan,instagram,True
C001623,2024-12-15,United States,email,False
C001624,2024-12-15,India,google_ads,False
C001625,2024-12-15,United States,marketplace,False
C001626,2024-12-15,Germany,marketplace,True
C001627,2024-12-15,United Kingdom,organic,False
C001628,2024-12-15,India,instagram,False
C001629,2024-12-15,UAE,referral,True
C001630,2024-12-16,India,organic,True
C001631,2024-12-16,Australia,organic,False
C001632,2024-12-16,India,referral,False
C001633,2024-12-16,Australia,organic,True
C001634,2024-12-16,United Kingdom,google_ads,True
C001635,2024-12-16,India,instagram,True
C001636,2024-12-16,United Kingdom,instagram,True
C001637,2024-12-16,India,organic,True
C001638,2024-12-16,India,organic,False
C001639,2024-12-16,India,google_ads,True
C001640,2024-12-16,Japan,referral,False
C001641,2024-12-16,Japan,referral,False
C001642,2024-12-16,India,organic,False
C001643,2024-12-16,India,instagram,True
C001644,2024-12-16,United States,google_ads,True
C001645,2024-12-16,Germany,instagram,True
C001646,2024-12-16,Canada,instagram,True
C001647,2024-12-16,India,marketplace,False
C001648,2024-12-16,UAE,organic,False
C001649,2024-12-16,UAE,organic,True
C001650,2024-12-16,India,organic,False
C001651,2024-12-17,Canada,google_ads,False
C001652,2024-12-17,India,organic,True
C001653,2024-12-17,India,instagram,True
C001654,2024-12-17,United Kingdom,google_ads,True
C001655,2024-12-17,Australia,organic,False
C001656,2024-12-17,United Kingdom,email,True
C001657,2024-12-17,India,organic,True
C001658,2024-12-17,India,google_ads,True
C001659,2024-12-17,Germany,instagram,False
C001660,2024-12-17,India,google_ads,True
C001661,2024-12-17,India,organic,True
C001662,2024-12-17,India,google_ads,True
C001663,2024-12-17,Canada,marketplace,True
C001664,2024-12-17,India,google_ads,True
C001665,2024-12-17,India,marketplace,False
C001666,2024-12-17,Australia,email,True
C001667,2024-12-18,United Kingdom,organic,True
C001668,2024-12-18,UAE,instagram,True
C001669,2024-12-18,India,instagram,True
C001670,2024-12-18,India,organic,False
C001671,2024-12-18,United Kingdom,organic,True
C001672,2024-12-18,India,google_ads,True
C001673,2024-12-18,United Kingdom,referral,True
C001674,2024-12-18,Australia,referral,True
C001675,2024-12-18,United Kingdom,organic,False
C001676,2024-12-18,United States,google_ads,True
C001677,2024-12-18,India,organic,False
C001678,2024-12-18,India,instagram,True
C001679,2024-12-19,Germany,organic,False
C001680,2024-12-19,India,referral,True
C001681,2024-12-19,India,marketplace,True
C001682,2024-12-19,United States,referral,True
C001683,2024-12-19,Australia,instagram,True
C001684,2024-12-19,India,organic,False
C001685,2024-12-19,India,google_ads,True
C001686,2024-12-19,Japan,organic,False
C001687,2024-12-19,India,referral,False
C001688,2024-12-19,India,organic,False
C001689,2024-12-19,Australia,google_ads,False
C001690,2024-12-19,Japan,organic,False
C001691,2024-12-19,India,google_ads,True
C001692,2024-12-19,United Kingdom,instagram,False
C001693,2024-12-19,United States,marketplace,False
C001694,2024-12-19,India,organic,False
C001695,2024-12-19,United States,organic,False
C001696,2024-12-19,India,organic,True
C001697,2024-12-19,Australia,instagram,True
C001698,2024-12-19,United Kingdom,google_ads,False
C001699,2024-12-19,India,email,True
C001700,2024-12-19,India,google_ads,True
C001701,2024-12-19,United States,organic,True
C001702,2024-12-19,India,organic,True
C001703,2024-12-20,Australia,organic,True
C001704,2024-12-20,United Kingdom,instagram,False
C001705,2024-12-20,India,organic,True
C001706,2024-12-20,UAE,organic,True
C001707,2024-12-20,India,organic,False
C001708,2024-12-20,India,referral,False
C001709,2024-12-20,United Kingdom,marketplace,True
C001710,2024-12-20,UAE,referral,True
C001711,2024-12-20,United States,google_ads,True
C001712,2024-12-20,India,organic,True
C001713,2024-12-20,United States,organic,True
C001714,2024-12-20,Canada,instagram,True
C001715,2024-12-20,India,organic,True
C001716,2024-12-21,India,marketplace,True
C001717,2024-12-21,India,organic,False
C001718,2024-12-21,India,google_ads,False
C001719,2024-12-21,India,instagram,False
C001720,2024-12-21,India,google_ads,False
C001721,2024-12-21,India,referral,True
C001722,2024-12-21,India,referral,False
C001723,2024-12-21,United Kingdom,instagram,True
C001724,2024-12-21,India,instagram,True
C001725,2024-12-21,India,organic,False
C001726,2024-12-21,India,instagram,False
C001727,2024-12-21,India,instagram,False
C001728,2024-12-21,United States,instagram,False
C001729,2024-12-21,United Kingdom,instagram,True
C001730,2024-12-21,India,google_ads,True
C001731,2024-12-21,India,instagram,False
C001732,2024-12-21,India,organic,True
C001733,2024-12-21,India,organic,True
C001734,2024-12-21,India,marketplace,True
C001735,2024-12-21,Germany,instagram,True
C001736,2024-12-21,India,google_ads,False
C001737,2024-12-21,India,organic,False
C001738,2024-12-22,United States,google_ads,True
C001739,2024-12-22,UAE,instagram,False
C001740,2024-12-22,India,google_ads,True
C001741,2024-12-22,India,organic,False
C001742,2024-12-22,India,marketplace,False
C001743,2024-12-22,India,instagram,False
C001744,2024-12-22,India,organic,True
C001745,2024-12-22,United Kingdom,organic,True
C001746,2024-12-22,United States,instagram,True
C001747,2024-12-22,India,google_ads,True
C001748,2024-12-22,United States,organic,True
C001749,2024-12-22,Canada,organic,True
C001750,2024-12-22,India,instagram,True
C001751,2024-12-22,United Kingdom,instagram,True
C001752,2024-12-22,India,organic,True
C001753,2024-12-22,Germany,instagram,False
C001754,2024-12-23,Canada,marketplace,False
C001755,2024-12-23,India,organic,False
C001756,2024-12-23,India,instagram,True
C001757,2024-12-23,United Kingdom,instagram,False
C001758,2024-12-23,United States,instagram,False
C001759,2024-12-23,India,google_ads,True
C001760,2024-12-23,India,google_ads,True
C001761,2024-12-23,India,instagram,True
C001762,2024-12-23,Germany,google_ads,False
C001763,2024-12-23,United States,email,True
C001764,2024-12-23,India,organic,False
C001765,2024-12-23,Germany,google_ads,False
C001766,2024-12-23,India,referral,False
C001767,2024-12-23,United States,organic,True
C001768,2024-12-24,India,marketplace,False
C001769,2024-12-24,India,email,False
C001770,2024-12-24,UAE,email,True
C001771,2024-12-24,India,marketplace,False
C001772,2024-12-24,United Kingdom,instagram,True
C001773,2024-12-24,India,instagram,True
C001774,2024-12-24,India,google_ads,False
C001775,2024-12-24,India,google_ads,True
C001776,2024-12-24,India,referral,True
C001777,2024-12-24,India,organic,False
C001778,2024-12-24,India,google_ads,False
C001779,2024-12-24,India,referral,True
C001780,2024-12-24,United States,google_ads,False
C001781,2024-12-24,UAE,referral,True
C001782,2024-12-24,Germany,organic,True
C001783,2024-12-24,India,organic,False
C001784,2024-12-24,United States,referral,True
C001785,2024-12-24,India,organic,True
C001786,2024-12-24,United Kingdom,email,False
C001787,2024-12-24,United States,google_ads,True
C001788,2024-12-24,India,email,True
C001789,2024-12-25,India,instagram,True
C001790,2024-12-25,Canada,instagram,False
C001791,2024-12-25,India,instagram,True
C001792,2024-12-25,India,marketplace,True
C001793,2024-12-25,India,google_ads,False
C001794,2024-12-25,India,google_ads,True
C001795,2024-12-25,Australia,google_ads,False
C001796,2024-12-25,Germany,organic,False
C001797,2024-12-25,Japan,instagram,False
C001798,2024-12-25,United States,marketplace,False
C001799,2024-12-25,United States,marketplace,False
C001800,2024-12-25,Australia,organic,False
C001801,2024-12-25,India,organic,True
C001802,2024-12-25,United States,instagram,True
C001803,2024-12-25,Canada,google_ads,False
C001804,2024-12-26,India,referral,True
C001805,2024-12-26,Canada,referral,True
C001806,2024-12-26,United States,organic,True
C001807,2024-12-26,India,google_ads,False
C001808,2024-12-26,Japan,instagram,True
C001809,2024-12-26,India,referral,True
C001810,2024-12-26,India,organic,False
C001811,2024-12-26,India,organic,True
C001812,2024-12-26,India,organic,True
C001813,2024-12-26,United Kingdom,instagram,True
C001814,2024-12-26,India,marketplace,True
C001815,2024-12-26,Japan,marketplace,True
C001816,2024-12-26,Japan,instagram,False
C001817,2024-12-26,India,organic,True
C001818,2024-12-26,United Kingdom,instagram,True
C001819,2024-12-26,India,marketplace,True
C001820,2024-12-26,United States,instagram,True
C001821,2024-12-26,Germany,referral,True
C001822,2024-12-26,United Kingdom,organic,False
C001823,2024-12-26,India,instagram,True
C001824,2024-12-26,India,organic,False
C001825,2024-12-26,United Kingdom,instagram,False
C001826,2024-12-26,India,google_ads,False
C001827,2024-12-27,India,referral,False
C001828,2024-12-27,Japan,email,True
C001829,2024-12-27,India,organic,True
C001830,2024-12-27,Japan,instagram,False
C001831,2024-12-27,United States,instagram,False
C001832,2024-12-27,India,organic,False
C001833,2024-12-27,India,instagram,True
C001834,2024-12-27,United Kingdom,referral,True
C001835,2024-12-27,United Kingdom,google_ads,True
C001836,2024-12-27,United States,referral,False
C001837,2024-12-27,Australia,organic,False
C001838,2024-12-27,India,instagram,True
C001839,2024-12-27,United States,google_ads,True
C001840,2024-12-27,India,organic,True
C001841,2024-12-27,Canada,google_ads,True
C001842,2024-12-27,United States,organic,False
C001843,2024-12-27,India,google_ads,True
C001844,2024-12-27,Germany,referral,True
C001845,2024-12-27,India,instagram,True
C001846,2024-12-27,United States,google_ads,False
C001847,2024-12-27,India,email,False
C001848,2024-12-27,India,organic,True
C001849,2024-12-28,India,google_ads,True
C001850,2024-12-28,United Kingdom,referral,True
C001851,2024-12-28,United States,organic,False
C001852,2024-12-28,India,marketplace,True
C001853,2024-12-28,United States,instagram,True
C001854,2024-12-28,United States,instagram,False
C001855,2024-12-28,United Kingdom,email,False
C001856,2024-12-28,Japan,google_ads,True
C001857,2024-12-28,UAE,marketplace,False
C001858,2024-12-28,India,instagram,False
C001859,2024-12-28,Australia,instagram,True
C001860,2024-12-28,Japan,organic,False
C001861,2024-12-28,United States,referral,False
C001862,2024-12-28,United States,referral,False
C001863,2024-12-28,India,organic,True
C001864,2024-12-28,India,organic,False
C001865,2024-12-28,India,organic,True
C001866,2024-12-28,India,instagram,True
C001867,2024-12-28,India,organic,True
C001868,2024-12-28,Germany,organic,True
C001869,2024-12-28,United States,organic,False
C001870,2024-12-28,United States,marketplace,True
C001871,2024-12-28,India,marketplace,False
C001872,2024-12-28,Japan,organic,False
C001873,2024-12-29,India,google_ads,False
C001874,2024-12-29,India,email,False
C001875,2024-12-29,United Kingdom,email,False
C001876,2024-12-29,India,marketplace,False
C001877,2024-12-29,Germany,google_ads,True
C001878,2024-12-29,Japan,email,False
C001879,2024-12-29,United States,referral,False
C001880,2024-12-29,India,organic,True
C001881,2024-12-29,India,google_ads,True
C001882,2024-12-29,Japan,google_ads,False
C001883,2024-12-29,India,organic,True
C001884,2024-12-29,India,marketplace,False
C001885,2024-12-29,India,organic,True
C001886,2024-12-29,Japan,google_ads,True
C001887,2024-12-29,United Kingdom,organic,True
C001888,2024-12-29,India,instagram,True
C001889,2024-12-29,United States,instagram,True
C001890,2024-12-29,India,organic,False
C001891,2024-12-29,UAE,instagram,True
C001892,2024-12-29,Canada,organic,True
C001893,2024-12-29,United States,organic,True
C001894,2024-12-29,Canada,organic,True
C001895,2024-12-29,United States,marketplace,False
C001896,2024-12-29,United States,google_ads,True
C001897,2024-12-29,Germany,organic,False
C001898,2024-12-29,United States,email,True
C001899,2024-12-29,India,google_ads,True
C001900,2024-12-30,United Kingdom,organic,True
C001901,2024-12-30,India,organic,True
C001902,2024-12-30,United States,instagram,True
C001903,2024-12-30,Australia,google_ads,True
C001904,2024-12-30,United States,google_ads,True
C001905,2024-12-30,United States,instagram,False
C001906,2024-12-30,India,instagram,True
C001907,2024-12-30,United Kingdom,referral,False
C001908,2024-12-30,India,google_ads,True
C001909,2024-12-30,India,organic,True
C001910,2024-12-30,United Kingdom,organic,False
C001911,2024-12-30,India,instagram,False
C001912,2024-12-30,United States,marketplace,False
C001913,2024-12-30,United Kingdom,referral,True
C001914,2024-12-30,Germany,instagram,True
C001915,2024-12-30,United Kingdom,instagram,False
C001916,2024-12-30,India,google_ads,True
C001917,2024-12-30,India,referral,True
C001918,2024-12-30,Australia,instagram,True
C001919,2024-12-30,Germany,google_ads,True
C001920,2024-12-30,United Kingdom,organic,False
C001921,2024-12-30,India,organic,False
C001922,2024-12-30,India,organic,False
C001923,2024-12-30,India,instagram,True
C001924,2024-12-30,United Kingdom,marketplace,True
C001925,2024-12-30,Australia,instagram,False
C001926,2024-12-30,United Kingdom,organic,False
C001927,2024-12-31,Canada,email,False
C001928,2024-12-31,United States,organic,True
C001929,2024-12-31,India,organic,True
C001930,2024-12-31,Germany,organic,True
C001931,2024-12-31,Canada,organic,False
C001932,2024-12-31,Germany,instagram,True
C001933,2024-12-31,India,organic,True
C001934,2024-12-31,United States,email,True
C001935,2024-12-31,Japan,instagram,True
C001936,2024-12-31,UAE,google_ads,False
C001937,2024-12-31,United Kingdom,instagram,True
C001938,2024-12-31,Canada,referral,True
C001939,2024-12-31,India,marketplace,True
C001940,2024-12-31,India,referral,False
C001941,2025-01-01,India,organic,False
C001942,2025-01-01,Japan,organic,False
C001943,2025-01-01,India,referral,False
C001944,2025-01-01,United Kingdom,instagram,True
C001945,2025-01-01,India,marketplace,False
C001946,2025-01-01,Canada,marketplace,False
C001947,2025-01-01,India,google_ads,True
C001948,2025-01-01,United States,organic,True
C001949,2025-01-01,India,instagram,True
C001950,2025-01-01,Germany,marketplace,True
C001951,2025-01-01,India,organic,True
C001952,2025-01-01,India,referral,False
C001953,2025-01-01,United Kingdom,instagram,True
C001954,2025-01-01,United Kingdom,google_ads,False
C001955,2025-01-01,India,google_ads,False
C001956,2025-01-01,India,referral,False
C001957,2025-01-02,India,referral,True
C001958,2025-01-02,India,organic,True
C001959,2025-01-02,India,google_ads,False
C001960,2025-01-02,India,organic,False
C001961,2025-01-02,India,organic,True
C001962,2025-01-02,India,email,False
C001963,2025-01-02,Germany,referral,False
C001964,2025-01-02,India,marketplace,False
C001965,2025-01-02,India,organic,True
C001966,2025-01-02,India,instagram,False
C001967,2025-01-02,India,referral,False
C001968,2025-01-02,United States,organic,False
C001969,2025-01-02,United Kingdom,instagram,True
C001970,2025-01-02,India,instagram,True
C001971,2025-01-02,India,instagram,True
C001972,2025-01-02,United States,organic,True
C001973,2025-01-02,Japan,email,True
C001974,2025-01-02,India,google_ads,False
C001975,2025-01-02,India,marketplace,True
C001976,2025-01-02,India,email,True
C001977,2025-01-03,Canada,referral,True
C001978,2025-01-03,India,instagram,True
C001979,2025-01-03,United States,organic,False
C001980,2025-01-03,India,google_ads,True
C001981,2025-01-03,India,marketplace,True
C001982,2025-01-03,India,organic,True
C001983,2025-01-03,United States,google_ads,True
C001984,2025-01-03,Japan,instagram,False
C001985,2025-01-03,Japan,instagram,True
C001986,2025-01-03,India,marketplace,False
C001987,2025-01-03,Germany,google_ads,True
C001988,2025-01-03,India,instagram,True
C001989,2025-01-03,UAE,google_ads,False
C001990,2025-01-04,India,organic,False
C001991,2025-01-04,India,instagram,False
C001992,2025-01-04,India,organic,False
C001993,2025-01-04,India,instagram,False
C001994,2025-01-04,India,marketplace,True
C001995,2025-01-04,United States,email,False
C001996,2025-01-04,United Kingdom,marketplace,True
C001997,2025-01-04,United Kingdom,referral,False
C001998,2025-01-04,India,organic,True
C001999,2025-01-04,India,organic,True
C002000,2025-01-04,India,organic,False
C002001,2025-01-04,United States,instagram,False
C002002,2025-01-04,India,instagram,False
C002003,2025-01-04,United States,organic,False
C002004,2025-01-04,India,organic,False
C002005,2025-01-04,United States,google_ads,True
C002006,2025-01-04,Germany,organic,True
C002007,2025-01-04,India,google_ads,True
C002008,2025-01-04,India,instagram,True
C002009,2025-01-05,UAE,referral,True
C002010,2025-01-05,India,organic,True
C002011,2025-01-05,India,referral,False
C002012,2025-01-05,United States,organic,True
C002013,2025-01-05,India,marketplace,False
C002014,2025-01-05,United States,organic,True
C002015,2025-01-05,United Kingdom,instagram,True
C002016,2025-01-05,India,google_ads,False
C002017,2025-01-05,India,marketplace,False
C002018,2025-01-05,United States,instagram,True
C002019,2025-01-05,India,organic,True
C002020,2025-01-05,India,marketplace,True
C002021,2025-01-05,India,email,True
C002022,2025-01-05,United States,marketplace,True
C002023,2025-01-06,India,marketplace,True
C002024,2025-01-06,India,organic,False
C002025,2025-01-06,United Kingdom,organic,True
C002026,2025-01-06,India,referral,True
C002027,2025-01-06,India,instagram,True
C002028,2025-01-06,United States,referral,True
C002029,2025-01-06,India,organic,False
C002030,2025-01-06,India,referral,True
C002031,2025-01-06,India,organic,False
C002032,2025-01-06,UAE,google_ads,True
C002033,2025-01-06,India,instagram,False
C002034,2025-01-06,India,google_ads,True
C002035,2025-01-06,United Kingdom,google_ads,False
C002036,2025-01-07,India,google_ads,True
C002037,2025-01-07,India,organic,True
C002038,2025-01-07,India,organic,True
C002039,2025-01-07,India,instagram,False
C002040,2025-01-07,India,marketplace,False
C002041,2025-01-07,India,marketplace,True
C002042,2025-01-07,India,google_ads,False
C002043,2025-01-07,United Kingdom,organic,True
C002044,2025-01-07,United Kingdom,google_ads,True
C002045,2025-01-07,India,organic,True
C002046,2025-01-07,India,organic,False
C002047,2025-01-07,United Kingdom,referral,True
C002048,2025-01-07,India,google_ads,True
C002049,2025-01-08,United States,google_ads,True
C002050,2025-01-08,India,google_ads,True
C002051,2025-01-08,Canada,organic,False
C002052,2025-01-08,India,instagram,True
C002053,2025-01-08,United States,instagram,False
C002054,2025-01-08,India,referral,True
C002055,2025-01-08,India,instagram,True
C002056,2025-01-08,India,organic,False
C002057,2025-01-08,India,instagram,False
C002058,2025-01-08,India,organic,True
C002059,2025-01-08,India,google_ads,True
C002060,2025-01-08,United States,google_ads,False
C002061,2025-01-08,Germany,email,True
C002062,2025-01-08,India,referral,True
C002063,2025-01-08,Canada,email,True
C002064,2025-01-08,India,organic,False
C002065,2025-01-08,India,instagram,True
C002066,2025-01-08,Australia,organic,False
C002067,2025-01-08,United Kingdom,organic,False
C002068,2025-01-08,India,instagram,True
C002069,2025-01-08,Canada,google_ads,False
C002070,2025-01-08,Japan,instagram,True
C002071,2025-01-08,India,google_ads,False
C002072,2025-01-09,United States,email,False
C002073,2025-01-09,UAE,organic,True
C002074,2025-01-09,India,referral,False
C002075,2025-01-09,Canada,instagram,True
C002076,2025-01-09,United Kingdom,instagram,True
C002077,2025-01-09,India,organic,True
C002078,2025-01-09,India,organic,True
C002079,2025-01-09,United States,instagram,False
C002080,2025-01-09,United States,referral,True
C002081,2025-01-09,Australia,marketplace,True
C002082,2025-01-09,India,instagram,False
C002083,2025-01-09,India,organic,True
C002084,2025-01-09,India,email,False
C002085,2025-01-09,Australia,google_ads,False
C002086,2025-01-10,India,instagram,False
C002087,2025-01-10,India,marketplace,True
C002088,2025-01-10,United Kingdom,organic,True
C002089,2025-01-10,India,google_ads,False
C002090,2025-01-10,UAE,organic,False
C002091,2025-01-10,India,instagram,True
C002092,2025-01-10,India,instagram,True
C002093,2025-01-10,United States,email,False
C002094,2025-01-10,India,instagram,True
C002095,2025-01-10,United States,instagram,True
C002096,2025-01-10,UAE,organic,True
C002097,2025-01-10,Canada,referral,False
C002098,2025-01-10,India,google_ads,False
C002099,2025-01-10,India,google_ads,False
C002100,2025-01-10,India,instagram,True
C002101,2025-01-10,India,referral,False
C002102,2025-01-10,United States,google_ads,True
C002103,2025-01-10,India,google_ads,True
C002104,2025-01-10,United States,instagram,True
C002105,2025-01-10,India,google_ads,False
C002106,2025-01-11,India,google_ads,True
C002107,2025-01-11,United States,organic,True
C002108,2025-01-11,Canada,email,True
C002109,2025-01-11,United Kingdom,instagram,True
C002110,2025-01-11,Japan,marketplace,True
C002111,2025-01-11,United Kingdom,instagram,True
C002112,2025-01-11,United Kingdom,marketplace,True
C002113,2025-01-11,Australia,instagram,False
C002114,2025-01-11,India,marketplace,False
C002115,2025-01-11,India,instagram,True
C002116,2025-01-11,Germany,organic,False
C002117,2025-01-11,India,google_ads,False
C002118,2025-01-11,United States,instagram,True
C002119,2025-01-11,India,email,False
C002120,2025-01-11,United Kingdom,instagram,True
C002121,2025-01-11,India,referral,False
C002122,2025-01-11,Canada,google_ads,True
C002123,2025-01-11,United States,organic,True
C002124,2025-01-11,India,referral,True
C002125,2025-01-12,India,organic,True
C002126,2025-01-12,United Kingdom,google_ads,True
C002127,2025-01-12,India,instagram,True
C002128,2025-01-12,India,organic,True
C002129,2025-01-12,India,google_ads,True
C002130,2025-01-12,India,organic,True
C002131,2025-01-12,India,google_ads,True
C002132,2025-01-12,Australia,instagram,True
C002133,2025-01-12,Japan,instagram,True
C002134,2025-01-12,United States,email,False
C002135,2025-01-12,India,instagram,True
C002136,2025-01-12,India,google_ads,False
C002137,2025-01-12,Japan,instagram,False
C002138,2025-01-12,India,organic,True
C002139,2025-01-12,United States,organic,True
C002140,2025-01-12,India,email,True
C002141,2025-01-12,Australia,organic,False
C002142,2025-01-12,India,organic,False
C002143,2025-01-13,United Kingdom,referral,False
C002144,2025-01-13,United Kingdom,instagram,False
C002145,2025-01-13,India,google_ads,True
C002146,2025-01-13,UAE,organic,False
C002147,2025-01-13,India,organic,True
C002148,2025-01-13,United States,google_ads,False
C002149,2025-01-13,United States,instagram,False
C002150,2025-01-13,United Kingdom,instagram,True
C002151,2025-01-13,United States,organic,True
C002152,2025-01-13,India,marketplace,True
C002153,2025-01-13,India,organic,True
C002154,2025-01-13,India,email,True
C002155,2025-01-13,United States,google_ads,True
C002156,2025-01-13,Japan,email,False
C002157,2025-01-13,India,organic,True
C002158,2025-01-13,United States,referral,True
C002159,2025-01-13,India,referral,True
C002160,2025-01-13,Germany,instagram,True
C002161,2025-01-14,India,google_ads,False
C002162,2025-01-14,Canada,instagram,True
C002163,2025-01-14,United States,organic,False
C002164,2025-01-14,India,email,False
C002165,2025-01-14,Australia,google_ads,True
C002166,2025-01-14,India,google_ads,True
C002167,2025-01-14,United States,marketplace,True
C002168,2025-01-14,Canada,referral,False
C002169,2025-01-14,India,instagram,False
C002170,2025-01-14,United States,marketplace,True
C002171,2025-01-14,India,organic,False
C002172,2025-01-14,United Kingdom,google_ads,True
C002173,2025-01-14,United States,instagram,True
C002174,2025-01-14,United States,google_ads,True
C002175,2025-01-14,India,instagram,True
C002176,2025-01-14,United States,instagram,True
C002177,2025-01-14,United States,google_ads,True
C002178,2025-01-15,United States,referral,False
C002179,2025-01-15,India,google_ads,False
C002180,2025-01-15,India,instagram,False
C002181,2025-01-15,UAE,google_ads,False
C002182,2025-01-15,United Kingdom,organic,False
C002183,2025-01-15,Japan,google_ads,True
C002184,2025-01-15,Canada,organic,False
C002185,2025-01-15,India,instagram,False
C002186,2025-01-15,India,organic,False
C002187,2025-01-15,United States,organic,True
C002188,2025-01-15,Germany,marketplace,True
C002189,2025-01-15,India,instagram,True
C002190,2025-01-15,India,google_ads,False
C002191,2025-01-15,India,instagram,False
C002192,2025-01-15,India,google_ads,True
C002193,2025-01-16,United States,instagram,True
C002194,2025-01-16,India,instagram,True
C002195,2025-01-16,United Kingdom,google_ads,False
C002196,2025-01-16,United States,email,True
C002197,2025-01-16,United States,google_ads,True
C002198,2025-01-16,India,organic,False
C002199,2025-01-16,United States,marketplace,False
C002200,2025-01-16,India,instagram,True
C002201,2025-01-16,United States,marketplace,True
C002202,2025-01-16,India,instagram,True
C002203,2025-01-16,United States,organic,True
C002204,2025-01-16,Canada,organic,True
C002205,2025-01-16,India,instagram,True
C002206,2025-01-16,India,google_ads,True
C002207,2025-01-16,India,organic,True
C002208,2025-01-16,United States,organic,True
C002209,2025-01-16,Australia,google_ads,False
C002210,2025-01-16,India,referral,False
C002211,2025-01-16,India,instagram,False
C002212,2025-01-16,India,google_ads,True
C002213,2025-01-16,United States,instagram,False
C002214,2025-01-17,India,referral,True
C002215,2025-01-17,India,organic,True
C002216,2025-01-17,India,organic,False
C002217,2025-01-17,United States,referral,False
C002218,2025-01-17,India,instagram,False
C002219,2025-01-17,India,google_ads,True
C002220,2025-01-17,Australia,organic,False
C002221,2025-01-17,India,marketplace,True
C002222,2025-01-17,United States,instagram,True
C002223,2025-01-17,Canada,referral,True
C002224,2025-01-17,United Kingdom,organic,False
C002225,2025-01-17,India,referral,True
C002226,2025-01-17,India,organic,True
C002227,2025-01-17,Australia,google_ads,True
C002228,2025-01-17,India,instagram,True
C002229,2025-01-17,India,google_ads,True
C002230,2025-01-17,UAE,email,False
C002231,2025-01-17,Japan,email,True
C002232,2025-01-17,United Kingdom,google_ads,False
C002233,2025-01-17,United Kingdom,referral,False
C002234,2025-01-17,India,google_ads,True
C002235,2025-01-17,UAE,google_ads,False
C002236,2025-01-17,Australia,google_ads,False
C002237,2025-01-18,India,organic,False
C002238,2025-01-18,United Kingdom,instagram,False
C002239,2025-01-18,India,instagram,True
C002240,2025-01-18,Germany,email,True
C002241,2025-01-18,United Kingdom,instagram,False
C002242,2025-01-18,UAE,organic,True
C002243,2025-01-18,Australia,google_ads,True
C002244,2025-01-18,UAE,organic,True
C002245,2025-01-18,India,google_ads,True
C002246,2025-01-18,India,organic,True
C002247,2025-01-18,India,organic,True
C002248,2025-01-18,Japan,google_ads,True
C002249,2025-01-18,Germany,marketplace,False
C002250,2025-01-18,United States,referral,True
C002251,2025-01-18,United Kingdom,organic,True
C002252,2025-01-18,United States,organic,True
C002253,2025-01-18,United Kingdom,google_ads,True
C002254,2025-01-18,India,email,True
C002255,2025-01-18,United States,instagram,False
C002256,2025-01-18,United States,instagram,True
C002257,2025-01-18,United States,google_ads,True
C002258,2025-01-18,India,organic,True
C002259,2025-01-19,United Kingdom,instagram,True
C002260,2025-01-19,United States,instagram,False
C002261,2025-01-19,United States,google_ads,False
C002262,2025-01-19,UAE,instagram,False
C002263,2025-01-19,UAE,organic,True
C002264,2025-01-19,India,referral,True
C002265,2025-01-19,India,organic,True
C002266,2025-01-19,Canada,google_ads,True
C002267,2025-01-19,India,instagram,True
C002268,2025-01-19,Germany,google_ads,True
C002269,2025-01-19,India,instagram,False
C002270,2025-01-19,United States,email,True
C002271,2025-01-19,United States,organic,False
C002272,2025-01-19,India,referral,True
C002273,2025-01-19,United States,organic,False
C002274,2025-01-19,India,instagram,False
C002275,2025-01-19,Canada,referral,False
C002276,2025-01-20,India,marketplace,True
C002277,2025-01-20,India,instagram,True
C002278,2025-01-20,Canada,instagram,True
C002279,2025-01-20,United States,organic,True
C002280,2025-01-20,India,google_ads,True
C002281,2025-01-20,United States,organic,False
C002282,2025-01-20,United States,organic,False
C002283,2025-01-20,India,marketplace,True
C002284,2025-01-20,India,organic,True
C002285,2025-01-20,Japan,marketplace,True
C002286,2025-01-20,India,instagram,True
C002287,2025-01-20,United Kingdom,google_ads,True
C002288,2025-01-20,United States,google_ads,False
C002289,2025-01-20,United Kingdom,instagram,False
C002290,2025-01-20,Canada,referral,False
C002291,2025-01-20,India,marketplace,True
C002292,2025-01-20,Japan,email,True
C002293,2025-01-21,United States,instagram,True
C002294,2025-01-21,United Kingdom,google_ads,True
C002295,2025-01-21,United Kingdom,organic,False
C002296,2025-01-21,UAE,google_ads,False
C002297,2025-01-21,India,google_ads,True
C002298,2025-01-21,India,google_ads,True
C002299,2025-01-21,Canada,organic,True
C002300,2025-01-21,India,instagram,True
C002301,2025-01-21,United States,referral,True
C002302,2025-01-21,India,email,True
C002303,2025-01-21,India,organic,True
C002304,2025-01-21,India,google_ads,True
C002305,2025-01-22,United States,instagram,True
C002306,2025-01-22,India,instagram,True
C002307,2025-01-22,United States,google_ads,False
C002308,2025-01-22,UAE,referral,False
C002309,2025-01-22,India,referral,False
C002310,2025-01-22,Germany,google_ads,True
C002311,2025-01-22,India,organic,False
C002312,2025-01-22,India,organic,True
C002313,2025-01-22,Japan,organic,True
C002314,2025-01-22,United States,organic,True
C002315,2025-01-22,United Kingdom,google_ads,False
C002316,2025-01-22,United Kingdom,instagram,False
C002317,2025-01-22,Canada,referral,True
C002318,2025-01-22,United States,organic,False
C002319,2025-01-23,Australia,referral,False
C002320,2025-01-23,United Kingdom,organic,True
C002321,2025-01-23,India,referral,True
C002322,2025-01-23,United States,google_ads,True
C002323,2025-01-23,India,instagram,True
C002324,2025-01-23,Canada,organic,True
C002325,2025-01-23,India,instagram,True
C002326,2025-01-23,Australia,referral,False
C002327,2025-01-23,United States,marketplace,False
C002328,2025-01-23,Canada,instagram,False
C002329,2025-01-23,India,google_ads,True
C002330,2025-01-23,UAE,instagram,True
C002331,2025-01-23,India,referral,False
C002332,2025-01-23,United Kingdom,organic,True
C002333,2025-01-23,Germany,organic,False
C002334,2025-01-23,India,organic,False
C002335,2025-01-23,United States,organic,True
C002336,2025-01-23,India,instagram,True
C002337,2025-01-23,United States,organic,False
C002338,2025-01-23,United States,organic,True
C002339,2025-01-23,India,email,False
C002340,2025-01-23,India,google_ads,False
C002341,2025-01-24,India,referral,True
C002342,2025-01-24,Canada,google_ads,False
C002343,2025-01-24,Australia,google_ads,False
C002344,2025-01-24,United States,instagram,True
C002345,2025-01-24,United States,google_ads,False
C002346,2025-01-24,United Kingdom,google_ads,False
C002347,2025-01-24,United States,referral,False
C002348,2025-01-24,Japan,instagram,True
C002349,2025-01-24,India,marketplace,True
C002350,2025-01-24,Germany,marketplace,True
C002351,2025-01-24,India,instagram,False
C002352,2025-01-24,India,organic,False
C002353,2025-01-24,India,google_ads,True
C002354,2025-01-24,Canada,referral,True
C002355,2025-01-24,India,marketplace,False
C002356,2025-01-24,India,google_ads,True
C002357,2025-01-25,United Kingdom,google_ads,False
C002358,2025-01-25,India,marketplace,True
C002359,2025-01-25,India,organic,False
C002360,2025-01-25,Germany,instagram,True
C002361,2025-01-25,India,email,True
C002362,2025-01-25,India,referral,True
C002363,2025-01-25,India,organic,True
C002364,2025-01-25,India,organic,True
C002365,2025-01-25,Germany,referral,False
C002366,2025-01-25,India,instagram,True
C002367,2025-01-25,United States,instagram,False
C002368,2025-01-25,United States,google_ads,True
C002369,2025-01-25,United States,organic,True
C002370,2025-01-25,India,instagram,False
C002371,2025-01-25,India,organic,True
C002372,2025-01-25,Japan,instagram,True
C002373,2025-01-25,United States,referral,True
C002374,2025-01-25,India,referral,False
C002375,2025-01-25,Germany,referral,False
C002376,2025-01-25,India,referral,False
C002377,2025-01-25,United States,marketplace,True
C002378,2025-01-25,United States,organic,False
C002379,2025-01-25,United Kingdom,instagram,True
C002380,2025-01-25,United Kingdom,organic,True
C002381,2025-01-25,United States,instagram,False
C002382,2025-01-25,United States,instagram,False
C002383,2025-01-25,India,referral,False
C002384,2025-01-26,India,google_ads,False
C002385,2025-01-26,India,instagram,False
C002386,2025-01-26,Japan,marketplace,False
C002387,2025-01-26,India,google_ads,True
C002388,2025-01-26,Germany,google_ads,False
C002389,2025-01-26,India,marketplace,False
C002390,2025-01-26,UAE,marketplace,True
C002391,2025-01-26,India,organic,False
C002392,2025-01-26,Canada,organic,True
C002393,2025-01-26,India,organic,True
C002394,2025-01-26,United States,organic,True
C002395,2025-01-26,Germany,google_ads,True
C002396,2025-01-26,UAE,google_ads,False
C002397,2025-01-26,India,instagram,True
C002398,2025-01-26,Germany,google_ads,True
C002399,2025-01-26,Germany,marketplace,True
C002400,2025-01-26,India,instagram,True
C002401,2025-01-26,United States,marketplace,True
C002402,2025-01-26,Germany,instagram,False
C002403,2025-01-27,UAE,google_ads,True
C002404,2025-01-27,India,google_ads,True
C002405,2025-01-27,United States,organic,True
C002406,2025-01-27,United States,google_ads,False
C002407,2025-01-27,Japan,google_ads,True
C002408,2025-01-27,United States,google_ads,True
C002409,2025-01-27,United Kingdom,marketplace,False
C002410,2025-01-27,India,instagram,True
C002411,2025-01-27,India,organic,True
C002412,2025-01-27,India,instagram,True
C002413,2025-01-27,Canada,google_ads,True
C002414,2025-01-27,Germany,email,True
C002415,2025-01-27,United Kingdom,referral,False
C002416,2025-01-27,Australia,referral,True
C002417,2025-01-27,United States,referral,True
C002418,2025-01-27,India,organic,False
C002419,2025-01-28,United Kingdom,organic,True
C002420,2025-01-28,United States,marketplace,True
C002421,2025-01-28,United States,instagram,False
C002422,2025-01-28,India,instagram,True
C002423,2025-01-28,Germany,email,True
C002424,2025-01-28,United States,marketplace,False
C002425,2025-01-28,India,organic,False
C002426,2025-01-28,India,organic,True
C002427,2025-01-28,United States,google_ads,True
C002428,2025-01-28,United States,google_ads,True
C002429,2025-01-28,India,organic,True
C002430,2025-01-28,India,google_ads,True
C002431,2025-01-28,United Kingdom,google_ads,False
C002432,2025-01-28,India,referral,True
C002433,2025-01-28,United Kingdom,instagram,False
C002434,2025-01-28,Australia,instagram,False
C002435,2025-01-28,United Kingdom,instagram,True
C002436,2025-01-28,Australia,organic,False
C002437,2025-01-28,Japan,google_ads,True
C002438,2025-01-28,Canada,instagram,True
C002439,2025-01-29,Germany,organic,True
C002440,2025-01-29,United States,google_ads,True
C002441,2025-01-29,United States,google_ads,True
C002442,2025-01-29,India,organic,False
C002443,2025-01-29,India,marketplace,True
C002444,2025-01-29,Germany,google_ads,True
C002445,2025-01-29,Japan,google_ads,False
C002446,2025-01-29,Germany,google_ads,True
C002447,2025-01-29,India,organic,True
C002448,2025-01-29,India,organic,False
C002449,2025-01-29,India,instagram,True
C002450,2025-01-29,United States,organic,False
C002451,2025-01-29,UAE,marketplace,False
C002452,2025-01-29,India,marketplace,True
C002453,2025-01-29,UAE,referral,True
C002454,2025-01-29,India,marketplace,True
C002455,2025-01-30,Canada,organic,True
C002456,2025-01-30,India,organic,False
C002457,2025-01-30,Australia,organic,False
C002458,2025-01-30,India,email,True
C002459,2025-01-30,United Kingdom,organic,False
C002460,2025-01-30,United States,email,True
C002461,2025-01-30,India,organic,True
C002462,2025-01-30,India,google_ads,True
C002463,2025-01-30,India,organic,True
C002464,2025-01-30,United States,referral,False
C002465,2025-01-30,India,instagram,True
C002466,2025-01-30,Germany,marketplace,True
C002467,2025-01-30,United Kingdom,organic,True
C002468,2025-01-30,India,google_ads,True
C002469,2025-01-30,Germany,organic,True
C002470,2025-01-30,UAE,organic,True
C002471,2025-01-30,United Kingdom,google_ads,True
C002472,2025-01-31,India,referral,True
C002473,2025-01-31,India,organic,False
C002474,2025-01-31,India,email,True
C002475,2025-01-31,United States,referral,True
C002476,2025-01-31,Japan,marketplace,True
C002477,2025-01-31,Canada,organic,True
C002478,2025-01-31,Canada,google_ads,True
C002479,2025-01-31,India,google_ads,False
C002480,2025-01-31,Germany,email,True
C002481,2025-01-31,United Kingdom,marketplace,False
C002482,2025-01-31,India,marketplace,False
C002483,2025-01-31,United Kingdom,organic,False
C002484,2025-01-31,India,organic,True
C002485,2025-01-31,Australia,organic,True
C002486,2025-01-31,United States,organic,True
C002487,2025-02-01,India,organic,False
C002488,2025-02-01,India,referral,False
C002489,2025-02-01,United States,google_ads,False
C002490,2025-02-01,United Kingdom,organic,True
C002491,2025-02-01,India,referral,True
C002492,2025-02-01,India,instagram,True
C002493,2025-02-01,United States,instagram,True
C002494,2025-02-01,India,organic,False
C002495,2025-02-01,Canada,instagram,True
C002496,2025-02-01,Canada,referral,False
C002497,2025-02-01,India,organic,True
C002498,2025-02-01,Canada,marketplace,False
C002499,2025-02-01,Canada,instagram,True
C002500,2025-02-01,India,google_ads,True
C002501,2025-02-01,United States,instagram,True
C002502,2025-02-01,India,referral,False
C002503,2025-02-01,India,organic,True
C002504,2025-02-01,India,google_ads,True
C002505,2025-02-01,Japan,organic,True
C002506,2025-02-02,United States,organic,True
C002507,2025-02-02,Australia,instagram,False
C002508,2025-02-02,India,google_ads,False
C002509,2025-02-02,Germany,email,False
C002510,2025-02-02,India,organic,False
C002511,2025-02-02,Germany,organic,True
C002512,2025-02-02,Canada,organic,True
C002513,2025-02-02,Australia,organic,True
C002514,2025-02-02,India,organic,True
C002515,2025-02-02,United Kingdom,instagram,True
C002516,2025-02-02,India,marketplace,True
C002517,2025-02-02,India,google_ads,True
C002518,2025-02-02,UAE,email,True
C002519,2025-02-02,Canada,marketplace,False
C002520,2025-02-02,Japan,referral,True
C002521,2025-02-02,India,referral,False
C002522,2025-02-02,India,organic,True
C002523,2025-02-03,India,referral,True
C002524,2025-02-03,India,marketplace,False
C002525,2025-02-03,India,instagram,False
C002526,2025-02-03,India,marketplace,True
C002527,2025-02-03,India,referral,True
C002528,2025-02-03,Australia,email,False
C002529,2025-02-03,India,google_ads,True
C002530,2025-02-03,United States,organic,True
C002531,2025-02-04,Canada,organic,False
C002532,2025-02-04,Japan,google_ads,True
C002533,2025-02-04,Australia,organic,True
C002534,2025-02-04,India,organic,False
C002535,2025-02-04,India,organic,True
C002536,2025-02-04,India,instagram,True
C002537,2025-02-04,Germany,instagram,True
C002538,2025-02-04,Australia,instagram,True
C002539,2025-02-04,India,marketplace,False
C002540,2025-02-04,India,organic,True
C002541,2025-02-05,India,referral,False
C002542,2025-02-05,United States,google_ads,True
C002543,2025-02-05,Germany,google_ads,True
C002544,2025-02-05,Japan,google_ads,True
C002545,2025-02-05,India,instagram,False
C002546,2025-02-05,UAE,referral,True
C002547,2025-02-05,Canada,instagram,True
C002548,2025-02-05,United States,instagram,True
C002549,2025-02-05,India,organic,True
C002550,2025-02-05,India,organic,False
C002551,2025-02-05,Australia,organic,True
C002552,2025-02-05,United Kingdom,organic,True
C002553,2025-02-05,Germany,instagram,True
C002554,2025-02-05,United Kingdom,organic,True
C002555,2025-02-05,United States,instagram,False
C002556,2025-02-05,Canada,instagram,True
C002557,2025-02-05,United States,referral,True
C002558,2025-02-05,India,instagram,False
C002559,2025-02-06,India,email,True
C002560,2025-02-06,United Kingdom,organic,True
C002561,2025-02-06,Canada,organic,True
C002562,2025-02-06,India,organic,True
C002563,2025-02-06,United States,google_ads,True
C002564,2025-02-06,India,organic,True
C002565,2025-02-06,Germany,google_ads,False
C002566,2025-02-06,United States,email,True
C002567,2025-02-06,India,google_ads,False
C002568,2025-02-06,Australia,organic,False
C002569,2025-02-06,United Kingdom,organic,False
C002570,2025-02-06,India,organic,True
C002571,2025-02-06,India,referral,False
C002572,2025-02-06,Germany,organic,True
C002573,2025-02-06,Australia,instagram,False
C002574,2025-02-06,United States,organic,False
C002575,2025-02-06,India,google_ads,False
C002576,2025-02-06,India,instagram,False
C002577,2025-02-06,UAE,organic,True
C002578,2025-02-07,India,instagram,True
C002579,2025-02-07,India,instagram,False
C002580,2025-02-07,India,referral,True
C002581,2025-02-07,India,google_ads,False
C002582,2025-02-07,India,instagram,True
C002583,2025-02-07,India,referral,True
C002584,2025-02-07,United Kingdom,organic,True
C002585,2025-02-07,United Kingdom,google_ads,True
C002586,2025-02-07,United Kingdom,instagram,False
C002587,2025-02-07,India,referral,False
C002588,2025-02-07,India,instagram,True
C002589,2025-02-07,India,google_ads,True
C002590,2025-02-07,India,marketplace,False
C002591,2025-02-07,India,referral,True
C002592,2025-02-07,India,referral,False
C002593,2025-02-07,India,google_ads,False
C002594,2025-02-08,India,marketplace,True
C002595,2025-02-08,Japan,google_ads,True
C002596,2025-02-08,India,google_ads,False
C002597,2025-02-08,India,referral,True
C002598,2025-02-08,Australia,instagram,True
C002599,2025-02-08,Japan,instagram,False
C002600,2025-02-08,India,organic,True
C002601,2025-02-08,Germany,organic,False
C002602,2025-02-08,India,google_ads,True
C002603,2025-02-08,UAE,instagram,False
C002604,2025-02-08,India,instagram,True
C002605,2025-02-08,Australia,google_ads,False
C002606,2025-02-09,Australia,google_ads,True
C002607,2025-02-09,India,google_ads,True
C002608,2025-02-09,Canada,organic,True
C002609,2025-02-09,India,organic,True
C002610,2025-02-09,Germany,referral,True
C002611,2025-02-09,India,referral,True
C002612,2025-02-09,United States,referral,True
C002613,2025-02-09,Germany,organic,False
C002614,2025-02-09,India,organic,False
C002615,2025-02-10,United States,instagram,True
C002616,2025-02-10,India,marketplace,True
C002617,2025-02-10,United States,organic,True
C002618,2025-02-10,Canada,instagram,True
C002619,2025-02-10,India,instagram,True
C002620,2025-02-10,India,marketplace,False
C002621,2025-02-10,India,organic,False
C002622,2025-02-10,United States,instagram,True
C002623,2025-02-10,India,google_ads,True
C002624,2025-02-10,United States,instagram,True
C002625,2025-02-10,India,google_ads,True
C002626,2025-02-10,India,instagram,False
C002627,2025-02-11,India,organic,False
C002628,2025-02-11,Japan,google_ads,True
C002629,2025-02-11,India,instagram,True
C002630,2025-02-11,United States,organic,True
C002631,2025-02-11,India,instagram,True
C002632,2025-02-11,India,organic,True
C002633,2025-02-11,United States,instagram,True
C002634,2025-02-11,Germany,marketplace,True
C002635,2025-02-11,Australia,marketplace,True
C002636,2025-02-11,India,google_ads,False
C002637,2025-02-11,United States,google_ads,False
C002638,2025-02-11,Germany,referral,True
C002639,2025-02-12,Australia,referral,False
C002640,2025-02-12,India,instagram,False
C002641,2025-02-12,India,google_ads,False
C002642,2025-02-12,India,google_ads,False
C002643,2025-02-12,United States,organic,True
C002644,2025-02-12,United States,marketplace,True
C002645,2025-02-12,United Kingdom,google_ads,True
C002646,2025-02-12,India,marketplace,True
C002647,2025-02-12,United States,marketplace,False
C002648,2025-02-12,Germany,organic,False
C002649,2025-02-12,Canada,organic,True
C002650,2025-02-12,India,referral,True
C002651,2025-02-12,India,organic,True
C002652,2025-02-12,United States,organic,False
C002653,2025-02-12,Germany,instagram,True
C002654,2025-02-12,India,marketplace,True
C002655,2025-02-12,India,google_ads,False
C002656,2025-02-13,UAE,google_ads,False
C002657,2025-02-13,India,google_ads,True
C002658,2025-02-13,India,referral,True
C002659,2025-02-13,India,organic,False
C002660,2025-02-13,United States,marketplace,True
C002661,2025-02-13,United States,instagram,True
C002662,2025-02-13,UAE,organic,True
C002663,2025-02-13,India,instagram,True
C002664,2025-02-13,United States,instagram,True
C002665,2025-02-13,United States,instagram,False
C002666,2025-02-13,India,instagram,False
C002667,2025-02-13,India,organic,False
C002668,2025-02-13,United States,google_ads,True
C002669,2025-02-13,India,referral,False
C002670,2025-02-14,United States,instagram,True
C002671,2025-02-14,India,google_ads,True
C002672,2025-02-14,Germany,organic,True
C002673,2025-02-14,India,referral,True
C002674,2025-02-14,UAE,referral,False
C002675,2025-02-14,India,organic,True
C002676,2025-02-14,India,instagram,True
C002677,2025-02-14,Germany,organic,False
C002678,2025-02-14,United States,instagram,False
C002679,2025-02-14,India,organic,True
C002680,2025-02-14,India,marketplace,False
C002681,2025-02-14,Japan,organic,True
C002682,2025-02-14,India,organic,False
C002683,2025-02-14,India,instagram,True
C002684,2025-02-14,United States,organic,True
C002685,2025-02-14,United Kingdom,organic,False
C002686,2025-02-15,India,organic,False
C002687,2025-02-15,India,marketplace,False
C002688,2025-02-15,India,instagram,False
C002689,2025-02-15,India,instagram,True
C002690,2025-02-15,United States,marketplace,True
C002691,2025-02-15,India,organic,False
C002692,2025-02-15,Germany,google_ads,True
C002693,2025-02-15,India,instagram,True
C002694,2025-02-15,India,marketplace,True
C002695,2025-02-15,India,google_ads,True
C002696,2025-02-15,India,google_ads,False
C002697,2025-02-15,India,instagram,True
C002698,2025-02-15,India,instagram,True
C002699,2025-02-15,India,organic,False
C002700,2025-02-15,United States,organic,False
C002701,2025-02-15,India,instagram,False
C002702,2025-02-15,Canada,instagram,False
C002703,2025-02-15,India,organic,False
C002704,2025-02-15,India,organic,True
C002705,2025-02-15,India,marketplace,False
C002706,2025-02-15,United Kingdom,instagram,True
C002707,2025-02-16,India,marketplace,True
C002708,2025-02-16,India,organic,False
C002709,2025-02-16,India,referral,False
C002710,2025-02-16,India,referral,True
C002711,2025-02-16,India,marketplace,True
C002712,2025-02-16,United Kingdom,instagram,True
C002713,2025-02-16,India,referral,True
C002714,2025-02-16,United States,instagram,True
C002715,2025-02-16,India,organic,True
C002716,2025-02-16,India,organic,True
C002717,2025-02-16,Canada,organic,False
C002718,2025-02-16,United States,instagram,True
C002719,2025-02-16,Australia,referral,True
C002720,2025-02-16,India,marketplace,True
C002721,2025-02-17,United Kingdom,organic,True
C002722,2025-02-17,United Kingdom,instagram,True
C002723,2025-02-17,India,email,True
C002724,2025-02-17,United States,organic,True
C002725,2025-02-17,India,google_ads,False
C002726,2025-02-17,India,referral,False
C002727,2025-02-17,India,instagram,False
C002728,2025-02-17,United Kingdom,organic,True
C002729,2025-02-17,India,instagram,True
C002730,2025-02-18,India,organic,True
C002731,2025-02-18,Australia,organic,True
C002732,2025-02-18,United States,organic,True
C002733,2025-02-18,India,organic,True
C002734,2025-02-18,United States,organic,True
C002735,2025-02-18,India,marketplace,True
C002736,2025-02-18,UAE,marketplace,True
C002737,2025-02-18,India,google_ads,False
C002738,2025-02-18,India,organic,False
C002739,2025-02-18,Australia,google_ads,False
C002740,2025-02-18,India,marketplace,True
C002741,2025-02-18,India,referral,True
C002742,2025-02-18,India,google_ads,True
C002743,2025-02-18,India,organic,True
C002744,2025-02-18,India,marketplace,True
C002745,2025-02-18,Germany,organic,True
C002746,2025-02-18,India,organic,False
C002747,2025-02-19,Japan,referral,False
C002748,2025-02-19,India,instagram,False
C002749,2025-02-19,United States,referral,True
C002750,2025-02-19,Germany,marketplace,True
C002751,2025-02-19,India,marketplace,False
C002752,2025-02-19,India,google_ads,True
C002753,2025-02-19,United States,marketplace,True
C002754,2025-02-19,India,organic,False
C002755,2025-02-19,India,google_ads,False
C002756,2025-02-19,India,instagram,False
C002757,2025-02-19,India,organic,True
C002758,2025-02-19,Germany,google_ads,False
C002759,2025-02-19,India,instagram,False
C002760,2025-02-19,India,instagram,False
C002761,2025-02-19,India,organic,False
C002762,2025-02-19,United States,google_ads,False
C002763,2025-02-19,India,organic,True
C002764,2025-02-19,Canada,instagram,False
C002765,2025-02-19,India,google_ads,True
C002766,2025-02-20,India,google_ads,False
C002767,2025-02-20,India,google_ads,True
C002768,2025-02-20,India,google_ads,True
C002769,2025-02-20,Australia,organic,True
C002770,2025-02-20,India,organic,False
C002771,2025-02-20,India,referral,True
C002772,2025-02-20,Germany,organic,False
C002773,2025-02-20,India,organic,False
C002774,2025-02-20,India,organic,True
C002775,2025-02-20,United States,marketplace,True
C002776,2025-02-20,Canada,email,True
C002777,2025-02-20,Japan,marketplace,False
C002778,2025-02-20,India,instagram,True
C002779,2025-02-20,India,organic,True
C002780,2025-02-20,Germany,organic,False
C002781,2025-02-20,India,google_ads,True
C002782,2025-02-20,United States,instagram,True
C002783,2025-02-20,Germany,referral,True
C002784,2025-02-21,United Kingdom,instagram,False
C002785,2025-02-21,United States,organic,True
C002786,2025-02-21,UAE,instagram,False
C002787,2025-02-21,United Kingdom,organic,True
C002788,2025-02-21,India,referral,False
C002789,2025-02-21,India,referral,False
C002790,2025-02-21,United Kingdom,organic,True
C002791,2025-02-21,India,marketplace,True
C002792,2025-02-21,India,organic,False
C002793,2025-02-21,UAE,marketplace,False
C002794,2025-02-21,United States,organic,True
C002795,2025-02-21,India,marketplace,False
C002796,2025-02-21,India,organic,True
C002797,2025-02-21,Canada,google_ads,False
C002798,2025-02-21,India,instagram,True
C002799,2025-02-21,United States,google_ads,False
C002800,2025-02-22,UAE,email,True
C002801,2025-02-22,India,google_ads,True
C002802,2025-02-22,India,marketplace,True
C002803,2025-02-22,India,instagram,True
C002804,2025-02-22,India,instagram,False
C002805,2025-02-22,India,referral,False
C002806,2025-02-22,United Kingdom,instagram,True
C002807,2025-02-22,Japan,google_ads,False
C002808,2025-02-22,India,organic,False
C002809,2025-02-22,India,organic,True
C002810,2025-02-22,India,organic,False
C002811,2025-02-22,Germany,email,False
C002812,2025-02-22,India,google_ads,False
C002813,2025-02-22,United States,instagram,True
C002814,2025-02-22,UAE,marketplace,False
C002815,2025-02-22,India,organic,False
C002816,2025-02-22,India,organic,False
C002817,2025-02-22,United States,google_ads,True
C002818,2025-02-22,India,google_ads,True
C002819,2025-02-22,India,organic,True
C002820,2025-02-22,United Kingdom,organic,False
C002821,2025-02-23,United States,organic,True
C002822,2025-02-23,Australia,organic,True
C002823,2025-02-23,India,organic,True
C002824,2025-02-23,United Kingdom,instagram,False
C002825,2025-02-23,India,instagram,True
C002826,2025-02-23,United States,organic,False
C002827,2025-02-23,United States,marketplace,True
C002828,2025-02-23,United Kingdom,email,True
C002829,2025-02-23,Australia,instagram,True
C002830,2025-02-23,India,organic,False
C002831,2025-02-23,United States,organic,True
C002832,2025-02-23,India,marketplace,True
C002833,2025-02-23,United States,instagram,True
C002834,2025-02-23,India,marketplace,False
C002835,2025-02-23,India,google_ads,True
C002836,2025-02-23,UAE,organic,True
C002837,2025-02-23,Germany,google_ads,True
C002838,2025-02-23,India,google_ads,True
C002839,2025-02-23,India,organic,True
C002840,2025-02-23,India,organic,True
C002841,2025-02-23,Germany,instagram,False
C002842,2025-02-23,United Kingdom,referral,True
C002843,2025-02-24,India,instagram,True
C002844,2025-02-24,United States,instagram,False
C002845,2025-02-24,United Kingdom,instagram,True
C002846,2025-02-24,India,organic,True
C002847,2025-02-24,India,organic,True
C002848,2025-02-24,India,organic,True
C002849,2025-02-24,UAE,organic,True
C002850,2025-02-24,UAE,organic,False
C002851,2025-02-25,India,instagram,True
C002852,2025-02-25,United States,organic,False
C002853,2025-02-25,India,marketplace,True
C002854,2025-02-25,Australia,organic,True
C002855,2025-02-25,Canada,google_ads,False
C002856,2025-02-25,India,marketplace,True
C002857,2025-02-25,India,referral,True
C002858,2025-02-25,India,organic,True
C002859,2025-02-25,India,instagram,True
C002860,2025-02-25,United States,instagram,False
C002861,2025-02-25,India,organic,False
C002862,2025-02-25,India,organic,False
C002863,2025-02-25,UAE,referral,True
C002864,2025-02-25,United Kingdom,organic,True
C002865,2025-02-25,United States,email,False
C002866,2025-02-26,Germany,google_ads,True
C002867,2025-02-26,Germany,marketplace,True
C002868,2025-02-26,United States,organic,True
C002869,2025-02-26,UAE,email,True
C002870,2025-02-26,United States,google_ads,False
C002871,2025-02-26,India,instagram,True
C002872,2025-02-26,India,referral,False
C002873,2025-02-26,United States,instagram,True
C002874,2025-02-26,India,instagram,False
C002875,2025-02-26,India,organic,False
C002876,2025-02-26,United States,google_ads,True
C002877,2025-02-26,India,instagram,False
C002878,2025-02-26,United States,organic,True
C002879,2025-02-26,India,organic,False
C002880,2025-02-26,United States,organic,False
C002881,2025-02-26,United States,email,False
C002882,2025-02-26,India,organic,False
C002883,2025-02-27,Canada,organic,False
C002884,2025-02-27,India,email,False
C002885,2025-02-27,United Kingdom,referral,False
C002886,2025-02-27,Canada,organic,True
C002887,2025-02-27,India,referral,True
C002888,2025-02-27,India,referral,True
C002889,2025-02-27,United States,organic,True
C002890,2025-02-27,United States,instagram,False
C002891,2025-02-27,India,instagram,False
C002892,2025-02-27,United States,marketplace,False
C002893,2025-02-27,India,instagram,False
C002894,2025-02-27,India,instagram,True
C002895,2025-02-27,India,marketplace,True
C002896,2025-02-27,Australia,instagram,True
C002897,2025-02-27,United States,marketplace,False
C002898,2025-02-28,Japan,google_ads,False
C002899,2025-02-28,India,email,True
C002900,2025-02-28,India,organic,True
C002901,2025-02-28,India,organic,False
C002902,2025-02-28,United Kingdom,organic,True
C002903,2025-02-28,India,referral,True
C002904,2025-02-28,Australia,organic,False
C002905,2025-02-28,India,google_ads,False
C002906,2025-02-28,India,instagram,True
C002907,2025-02-28,India,instagram,False
C002908,2025-02-28,United Kingdom,email,True
C002909,2025-02-28,India,referral,False
C002910,2025-02-28,India,organic,False
C002911,2025-02-28,India,email,True
C002912,2025-02-28,India,organic,True
C002913,2025-02-28,India,instagram,False
C002914,2025-02-28,India,instagram,True
C002915,2025-02-28,India,organic,True
C002916,2025-02-28,United States,organic,False
C002917,2025-02-28,India,google_ads,True
C002918,2025-03-01,UAE,email,True
C002919,2025-03-01,India,google_ads,True
C002920,2025-03-01,Canada,google_ads,True
C002921,2025-03-01,India,google_ads,True
C002922,2025-03-01,United Kingdom,organic,True
C002923,2025-03-01,Germany,referral,True
C002924,2025-03-01,Canada,instagram,True
C002925,2025-03-01,United States,instagram,True
C002926,2025-03-01,India,organic,False
C002927,2025-03-01,Germany,marketplace,False
C002928,2025-03-01,United States,organic,True
C002929,2025-03-01,United States,referral,False
C002930,2025-03-01,United Kingdom,instagram,False
C002931,2025-03-01,United Kingdom,instagram,True
C002932,2025-03-01,Germany,organic,True
C002933,2025-03-01,India,instagram,True
C002934,2025-03-01,India,google_ads,False
C002935,2025-03-01,United States,marketplace,False
C002936,2025-03-01,India,instagram,False
C002937,2025-03-01,United States,google_ads,False
C002938,2025-03-02,United States,marketplace,False
C002939,2025-03-02,United Kingdom,google_ads,True
C002940,2025-03-02,Germany,instagram,True
C002941,2025-03-02,India,organic,True
C002942,2025-03-02,Japan,marketplace,False
C002943,2025-03-02,United States,organic,True
C002944,2025-03-02,Germany,organic,True
C002945,2025-03-02,India,google_ads,False
C002946,2025-03-02,India,email,True
C002947,2025-03-02,India,organic,True
C002948,2025-03-02,India,marketplace,False
C002949,2025-03-02,India,google_ads,False
C002950,2025-03-02,India,google_ads,True
C002951,2025-03-02,India,organic,False
C002952,2025-03-02,India,organic,False
C002953,2025-03-02,United States,marketplace,False
C002954,2025-03-03,India,referral,True
C002955,2025-03-03,India,organic,True
C002956,2025-03-03,United States,instagram,True
C002957,2025-03-03,Australia,organic,False
C002958,2025-03-03,United States,google_ads,True
C002959,2025-03-03,Australia,google_ads,False
C002960,2025-03-03,India,instagram,True
C002961,2025-03-03,United Kingdom,organic,True
C002962,2025-03-03,United States,marketplace,True
C002963,2025-03-03,Japan,organic,False
C002964,2025-03-03,Canada,google_ads,False
C002965,2025-03-03,United States,organic,False
C002966,2025-03-03,India,organic,False
C002967,2025-03-04,India,organic,False
C002968,2025-03-04,United Kingdom,organic,False
C002969,2025-03-04,United States,organic,True
C002970,2025-03-04,Japan,organic,True
C002971,2025-03-04,Australia,instagram,False
C002972,2025-03-04,India,email,True
C002973,2025-03-04,United States,marketplace,True
C002974,2025-03-04,Germany,instagram,True
C002975,2025-03-04,India,organic,True
C002976,2025-03-04,India,google_ads,True
C002977,2025-03-04,India,email,False
C002978,2025-03-04,Australia,organic,True
C002979,2025-03-04,India,instagram,True
C002980,2025-03-04,India,organic,False
C002981,2025-03-04,United Kingdom,marketplace,True
C002982,2025-03-04,India,organic,True
C002983,2025-03-04,India,instagram,True
C002984,2025-03-05,India,marketplace,False
C002985,2025-03-05,Australia,organic,True
C002986,2025-03-05,Japan,organic,True
C002987,2025-03-05,India,google_ads,True
C002988,2025-03-05,India,marketplace,True
C002989,2025-03-05,India,instagram,True
C002990,2025-03-05,United Kingdom,instagram,True
C002991,2025-03-05,India,organic,True
C002992,2025-03-05,United States,instagram,False
C002993,2025-03-05,India,organic,True
C002994,2025-03-05,India,google_ads,False
C002995,2025-03-05,India,marketplace,True
C002996,2025-03-05,India,referral,True
C002997,2025-03-05,United States,email,False
C002998,2025-03-06,India,google_ads,True
C002999,2025-03-06,India,marketplace,True
C003000,2025-03-06,United States,google_ads,True
C003001,2025-03-06,United States,instagram,False
C003002,2025-03-06,United Kingdom,organic,False
C003003,2025-03-06,Germany,instagram,True
C003004,2025-03-06,India,organic,True
C003005,2025-03-06,Japan,marketplace,True
C003006,2025-03-06,United States,referral,True
C003007,2025-03-06,India,organic,True
C003008,2025-03-06,India,organic,False
C003009,2025-03-06,India,google_ads,False
C003010,2025-03-06,India,google_ads,False
C003011,2025-03-06,United States,google_ads,False
C003012,2025-03-06,India,referral,True
C003013,2025-03-06,India,instagram,True
C003014,2025-03-06,India,instagram,True
C003015,2025-03-06,India,instagram,True
C003016,2025-03-06,India,email,True
C003017,2025-03-06,Germany,instagram,True
C003018,2025-03-06,India,organic,False
C003019,2025-03-06,India,referral,False
C003020,2025-03-07,India,google_ads,False
C003021,2025-03-07,United Kingdom,google_ads,False
C003022,2025-03-07,Germany,instagram,True
C003023,2025-03-07,United Kingdom,organic,False
C003024,2025-03-07,United States,google_ads,True
C003025,2025-03-07,India,email,True
C003026,2025-03-07,India,organic,True
C003027,2025-03-07,India,organic,False
C003028,2025-03-07,Australia,instagram,True
C003029,2025-03-07,India,email,True
C003030,2025-03-07,United States,google_ads,False
C003031,2025-03-08,United States,instagram,True
C003032,2025-03-08,United States,google_ads,True
C003033,2025-03-08,India,google_ads,True
C003034,2025-03-08,United Kingdom,instagram,True
C003035,2025-03-08,India,google_ads,True
C003036,2025-03-08,United States,google_ads,True
C003037,2025-03-08,India,google_ads,False
C003038,2025-03-08,UAE,google_ads,False
C003039,2025-03-08,Germany,email,False
C003040,2025-03-08,India,instagram,False
C003041,2025-03-09,India,email,True
C003042,2025-03-09,Japan,google_ads,False
C003043,2025-03-09,India,organic,True
C003044,2025-03-09,India,marketplace,False
C003045,2025-03-09,United Kingdom,organic,False
C003046,2025-03-09,United Kingdom,referral,False
C003047,2025-03-09,India,organic,True
C003048,2025-03-09,Germany,instagram,True
C003049,2025-03-09,United States,organic,False
C003050,2025-03-09,India,google_ads,False
C003051,2025-03-09,India,organic,False
C003052,2025-03-09,Germany,google_ads,False
C003053,2025-03-09,India,referral,False
C003054,2025-03-09,Japan,organic,True
C003055,2025-03-09,United Kingdom,google_ads,False
C003056,2025-03-09,Germany,instagram,False
C003057,2025-03-09,United Kingdom,google_ads,True
C003058,2025-03-09,Germany,referral,False
C003059,2025-03-09,United Kingdom,organic,False
C003060,2025-03-10,India,google_ads,False
C003061,2025-03-10,India,google_ads,True
C003062,2025-03-10,Germany,instagram,True
C003063,2025-03-10,United States,google_ads,False
C003064,2025-03-10,Japan,organic,False
C003065,2025-03-10,India,organic,True
C003066,2025-03-10,India,referral,False
C003067,2025-03-10,India,referral,True
C003068,2025-03-10,United Kingdom,referral,True
C003069,2025-03-10,India,instagram,False
C003070,2025-03-10,India,instagram,True
C003071,2025-03-10,United States,instagram,False
C003072,2025-03-10,United Kingdom,google_ads,True
C003073,2025-03-10,UAE,instagram,True
C003074,2025-03-10,India,email,True
C003075,2025-03-11,United States,organic,True
C003076,2025-03-11,India,instagram,True
C003077,2025-03-11,United States,google_ads,False
C003078,2025-03-11,India,instagram,False
C003079,2025-03-11,India,marketplace,True
C003080,2025-03-11,India,email,False
C003081,2025-03-11,India,referral,True
C003082,2025-03-11,India,instagram,False
C003083,2025-03-11,India,instagram,True
C003084,2025-03-11,United States,instagram,True
C003085,2025-03-11,Germany,instagram,True
C003086,2025-03-11,India,marketplace,True
C003087,2025-03-11,India,google_ads,False
C003088,2025-03-12,India,marketplace,True
C003089,2025-03-12,Germany,organic,False
C003090,2025-03-12,India,referral,True
C003091,2025-03-12,Canada,organic,True
C003092,2025-03-12,United States,google_ads,False
C003093,2025-03-12,United States,email,False
C003094,2025-03-12,India,organic,True
C003095,2025-03-12,India,google_ads,False
C003096,2025-03-12,Australia,instagram,False
C003097,2025-03-12,Canada,google_ads,True
C003098,2025-03-12,India,organic,True
C003099,2025-03-13,United Kingdom,email,True
C003100,2025-03-13,India,marketplace,False
C003101,2025-03-13,United Kingdom,organic,True
C003102,2025-03-13,United States,google_ads,False
C003103,2025-03-13,India,google_ads,True
C003104,2025-03-13,India,google_ads,True
C003105,2025-03-13,India,referral,False
C003106,2025-03-13,Canada,referral,True
C003107,2025-03-13,India,instagram,True
C003108,2025-03-13,India,google_ads,False
C003109,2025-03-13,India,instagram,False
C003110,2025-03-13,United States,organic,True
C003111,2025-03-13,Germany,referral,False
C003112,2025-03-13,India,google_ads,True
C003113,2025-03-14,India,referral,True
C003114,2025-03-14,United States,organic,False
C003115,2025-03-14,India,instagram,False
C003116,2025-03-14,United Kingdom,instagram,True
C003117,2025-03-14,United States,organic,False
C003118,2025-03-14,India,marketplace,False
C003119,2025-03-14,UAE,email,True
C003120,2025-03-14,Canada,instagram,True
C003121,2025-03-14,India,organic,True
C003122,2025-03-14,India,referral,False
C003123,2025-03-14,India,referral,True
C003124,2025-03-14,United States,organic,False
C003125,2025-03-14,India,instagram,False
C003126,2025-03-14,India,organic,True
C003127,2025-03-14,Germany,google_ads,True
C003128,2025-03-14,Australia,google_ads,True
C003129,2025-03-14,United Kingdom,google_ads,True
C003130,2025-03-15,India,instagram,False
C003131,2025-03-15,India,google_ads,True
C003132,2025-03-15,India,referral,False
C003133,2025-03-15,United Kingdom,marketplace,False
C003134,2025-03-15,India,organic,True
C003135,2025-03-15,India,referral,True
C003136,2025-03-15,India,instagram,False
C003137,2025-03-15,United Kingdom,google_ads,True
C003138,2025-03-15,Australia,marketplace,False
C003139,2025-03-15,India,instagram,True
C003140,2025-03-15,India,marketplace,False
C003141,2025-03-16,India,marketplace,True
C003142,2025-03-16,UAE,instagram,True
C003143,2025-03-16,India,organic,True
C003144,2025-03-16,India,organic,True
C003145,2025-03-16,UAE,google_ads,True
C003146,2025-03-16,Australia,organic,True
C003147,2025-03-16,India,instagram,False
C003148,2025-03-16,India,instagram,False
C003149,2025-03-16,India,referral,False
C003150,2025-03-16,India,instagram,True
C003151,2025-03-16,India,organic,True
C003152,2025-03-16,India,referral,False
C003153,2025-03-16,India,organic,False
C003154,2025-03-16,United States,instagram,False
C003155,2025-03-16,India,referral,False
C003156,2025-03-16,India,marketplace,True
C003157,2025-03-16,United States,organic,False
C003158,2025-03-17,United States,organic,False
C003159,2025-03-17,India,instagram,True
C003160,2025-03-17,United Kingdom,google_ads,False
C003161,2025-03-17,Germany,google_ads,False
C003162,2025-03-17,India,marketplace,True
C003163,2025-03-17,India,instagram,True
C003164,2025-03-17,United States,marketplace,False
C003165,2025-03-17,United States,google_ads,False
C003166,2025-03-17,India,marketplace,True
C003167,2025-03-17,United States,referral,False
C003168,2025-03-17,Japan,organic,True
C003169,2025-03-17,India,organic,True
C003170,2025-03-17,India,referral,True
C003171,2025-03-17,Germany,instagram,True
C003172,2025-03-18,India,google_ads,True
C003173,2025-03-18,India,organic,False
C003174,2025-03-18,United Kingdom,instagram,True
C003175,2025-03-18,Germany,google_ads,False
C003176,2025-03-18,India,organic,False
C003177,2025-03-18,India,google_ads,True
C003178,2025-03-18,India,organic,True
C003179,2025-03-18,India,organic,True
C003180,2025-03-18,United Kingdom,marketplace,True
C003181,2025-03-18,India,organic,False
C003182,2025-03-18,India,organic,False
C003183,2025-03-18,United Kingdom,google_ads,True
C003184,2025-03-18,India,organic,True
C003185,2025-03-18,UAE,google_ads,True
C003186,2025-03-18,India,organic,True
C003187,2025-03-19,India,google_ads,False
C003188,2025-03-19,United Kingdom,referral,True
C003189,2025-03-19,United States,organic,False
C003190,2025-03-19,Germany,instagram,False
C003191,2025-03-19,United States,google_ads,False
C003192,2025-03-19,India,google_ads,True
C003193,2025-03-19,India,organic,True
C003194,2025-03-19,United Kingdom,referral,True
C003195,2025-03-19,United States,organic,False
C003196,2025-03-19,India,instagram,False
C003197,2025-03-19,Germany,organic,True
C003198,2025-03-19,India,marketplace,False
C003199,2025-03-19,United Kingdom,marketplace,True
C003200,2025-03-19,India,referral,True
C003201,2025-03-19,India,google_ads,True
C003202,2025-03-19,Canada,marketplace,True
C003203,2025-03-20,India,instagram,True
C003204,2025-03-20,Germany,organic,True
C003205,2025-03-20,India,instagram,False
C003206,2025-03-20,Japan,organic,False
C003207,2025-03-20,Germany,organic,False
C003208,2025-03-20,India,organic,False
C003209,2025-03-20,United Kingdom,instagram,True
C003210,2025-03-20,India,marketplace,True
C003211,2025-03-20,India,google_ads,True
C003212,2025-03-20,United States,instagram,True
C003213,2025-03-20,Germany,marketplace,False
C003214,2025-03-20,India,organic,True
C003215,2025-03-20,India,google_ads,True
C003216,2025-03-20,India,instagram,False
C003217,2025-03-20,India,instagram,False
C003218,2025-03-20,India,instagram,True
C003219,2025-03-20,India,google_ads,True
C003220,2025-03-20,UAE,organic,True
C003221,2025-03-20,India,instagram,True
C003222,2025-03-21,India,organic,True
C003223,2025-03-21,India,instagram,True
C003224,2025-03-21,India,organic,False
C003225,2025-03-21,Australia,marketplace,True
C003226,2025-03-21,India,instagram,False
C003227,2025-03-21,UAE,organic,False
C003228,2025-03-21,United States,instagram,True
C003229,2025-03-21,India,organic,True
C003230,2025-03-21,United Kingdom,google_ads,True
C003231,2025-03-21,India,marketplace,True
C003232,2025-03-21,India,google_ads,False
C003233,2025-03-21,Japan,google_ads,True
C003234,2025-03-21,India,email,True
C003235,2025-03-21,India,marketplace,True
C003236,2025-03-22,United States,google_ads,True
C003237,2025-03-22,United Kingdom,instagram,False
C003238,2025-03-22,Canada,instagram,False
C003239,2025-03-22,United States,instagram,False
C003240,2025-03-22,India,organic,False
C003241,2025-03-22,India,marketplace,False
C003242,2025-03-22,Canada,marketplace,True
C003243,2025-03-22,United States,google_ads,False
C003244,2025-03-22,India,instagram,True
C003245,2025-03-22,United Kingdom,organic,True
C003246,2025-03-22,United States,organic,False
C003247,2025-03-22,Canada,organic,False
C003248,2025-03-22,UAE,organic,True
C003249,2025-03-22,India,instagram,False
C003250,2025-03-22,India,organic,True
C003251,2025-03-22,India,google_ads,True
C003252,2025-03-22,India,organic,True
C003253,2025-03-22,India,organic,True
C003254,2025-03-22,India,referral,False
C003255,2025-03-23,United States,google_ads,True
C003256,2025-03-23,India,organic,False
C003257,2025-03-23,India,organic,False
C003258,2025-03-23,India,google_ads,True
C003259,2025-03-23,United Kingdom,google_ads,True
C003260,2025-03-23,India,organic,True
C003261,2025-03-23,Canada,instagram,True
C003262,2025-03-23,India,instagram,False
C003263,2025-03-23,India,organic,False
C003264,2025-03-23,United Kingdom,google_ads,False
C003265,2025-03-23,United States,google_ads,False
C003266,2025-03-23,UAE,organic,True
C003267,2025-03-23,Japan,google_ads,False
C003268,2025-03-23,India,google_ads,True
C003269,2025-03-23,United States,instagram,True
C003270,2025-03-23,India,organic,True
C003271,2025-03-23,India,organic,True
C003272,2025-03-24,India,google_ads,False
C003273,2025-03-24,India,email,True
C003274,2025-03-24,United States,organic,True
C003275,2025-03-24,India,instagram,False
C003276,2025-03-24,India,google_ads,True
C003277,2025-03-24,India,instagram,False
C003278,2025-03-24,United States,instagram,False
C003279,2025-03-24,India,marketplace,False
C003280,2025-03-25,India,email,False
C003281,2025-03-25,Canada,organic,True
C003282,2025-03-25,India,referral,True
C003283,2025-03-25,India,google_ads,False
C003284,2025-03-25,Germany,referral,False
C003285,2025-03-25,India,referral,False
C003286,2025-03-25,Australia,organic,True
C003287,2025-03-25,India,instagram,True
C003288,2025-03-25,Canada,google_ads,True
C003289,2025-03-25,UAE,instagram,False
C003290,2025-03-25,United States,referral,False
C003291,2025-03-25,Japan,google_ads,True
C003292,2025-03-25,Japan,organic,True
C003293,2025-03-25,United States,email,True
C003294,2025-03-26,India,marketplace,True
C003295,2025-03-26,United States,google_ads,True
C003296,2025-03-26,United Kingdom,google_ads,False
C003297,2025-03-26,United Kingdom,google_ads,True
C003298,2025-03-26,India,email,True
C003299,2025-03-26,United States,organic,True
C003300,2025-03-26,India,google_ads,True
C003301,2025-03-26,Canada,organic,False
C003302,2025-03-26,United Kingdom,organic,True
C003303,2025-03-26,Japan,instagram,True
C003304,2025-03-26,India,organic,False
C003305,2025-03-26,India,instagram,True
C003306,2025-03-26,Japan,instagram,False
C003307,2025-03-26,Japan,organic,True
C003308,2025-03-26,Germany,instagram,True
C003309,2025-03-26,Canada,organic,False
C003310,2025-03-26,Germany,instagram,True
C003311,2025-03-26,India,email,True
C003312,2025-03-26,India,instagram,False
C003313,2025-03-26,India,email,True
C003314,2025-03-27,India,marketplace,True
C003315,2025-03-27,India,organic,True
C003316,2025-03-27,United Kingdom,referral,True
C003317,2025-03-27,India,google_ads,True
C003318,2025-03-27,Japan,google_ads,False
C003319,2025-03-27,India,organic,True
C003320,2025-03-27,India,referral,True
C003321,2025-03-27,United States,instagram,True
C003322,2025-03-27,United Kingdom,organic,False
C003323,2025-03-27,India,google_ads,False
C003324,2025-03-27,India,organic,True
C003325,2025-03-27,India,organic,False
C003326,2025-03-27,United States,organic,False
C003327,2025-03-27,United States,google_ads,True
C003328,2025-03-28,United States,marketplace,True
C003329,2025-03-28,India,organic,True
C003330,2025-03-28,India,email,False
C003331,2025-03-28,Japan,organic,True
C003332,2025-03-28,United States,organic,True
C003333,2025-03-28,India,instagram,False
C003334,2025-03-28,Japan,referral,False
C003335,2025-03-28,Canada,organic,True
C003336,2025-03-28,United Kingdom,instagram,True
C003337,2025-03-28,India,instagram,True
C003338,2025-03-28,India,organic,False
C003339,2025-03-29,United States,google_ads,True
C003340,2025-03-29,India,google_ads,True
C003341,2025-03-29,Japan,organic,True
C003342,2025-03-29,India,instagram,False
C003343,2025-03-29,Germany,google_ads,True
C003344,2025-03-29,Japan,organic,True
C003345,2025-03-29,India,instagram,True
C003346,2025-03-29,India,google_ads,True
C003347,2025-03-29,UAE,organic,False
C003348,2025-03-30,Canada,instagram,False
C003349,2025-03-30,India,instagram,True
C003350,2025-03-30,India,organic,False
C003351,2025-03-30,India,google_ads,False
C003352,2025-03-30,United States,organic,True
C003353,2025-03-30,India,google_ads,True
C003354,2025-03-30,India,google_ads,False
C003355,2025-03-30,UAE,google_ads,False
C003356,2025-03-30,Germany,instagram,False
C003357,2025-03-30,India,referral,True
C003358,2025-03-30,Germany,google_ads,False
C003359,2025-03-30,India,google_ads,True
C003360,2025-03-30,United Kingdom,instagram,True
C003361,2025-03-30,India,google_ads,False
C003362,2025-03-30,Germany,google_ads,False
C003363,2025-03-30,India,organic,False
C003364,2025-03-30,India,marketplace,True
C003365,2025-03-30,India,marketplace,True
C003366,2025-03-30,India,instagram,True
C003367,2025-03-30,United States,marketplace,True
C003368,2025-03-30,United States,google_ads,True
C003369,2025-03-31,India,email,False
C003370,2025-03-31,Germany,instagram,False
C003371,2025-03-31,India,organic,True
C003372,2025-03-31,Australia,marketplace,True
C003373,2025-03-31,India,marketplace,False
C003374,2025-03-31,United States,google_ads,True
C003375,2025-03-31,Canada,organic,True
C003376,2025-03-31,India,organic,False
C003377,2025-03-31,India,organic,False
C003378,2025-03-31,United States,organic,False
C003379,2025-03-31,United States,marketplace,True
C003380,2025-03-31,India,organic,True
C003381,2025-03-31,India,google_ads,True
C003382,2025-03-31,India,organic,False
C003383,2025-04-01,India,google_ads,False
C003384,2025-04-01,India,organic,True
C003385,2025-04-01,Australia,google_ads,True
C003386,2025-04-01,United States,google_ads,False
C003387,2025-04-01,India,google_ads,False
C003388,2025-04-01,United States,organic,True
C003389,2025-04-01,India,marketplace,False
C003390,2025-04-01,India,marketplace,False
C003391,2025-04-01,India,organic,False
C003392,2025-04-01,India,google_ads,True
C003393,2025-04-01,India,instagram,True
C003394,2025-04-01,India,organic,True
C003395,2025-04-01,Canada,google_ads,True
C003396,2025-04-01,India,instagram,False
C003397,2025-04-01,United Kingdom,instagram,True
C003398,2025-04-01,India,instagram,False
C003399,2025-04-01,Japan,google_ads,False
C003400,2025-04-02,India,referral,False
C003401,2025-04-02,India,organic,True
C003402,2025-04-02,United States,google_ads,True
C003403,2025-04-02,India,instagram,True
C003404,2025-04-02,Australia,email,True
C003405,2025-04-02,India,organic,True
C003406,2025-04-02,India,instagram,True
C003407,2025-04-02,Australia,referral,True
C003408,2025-04-02,United Kingdom,instagram,True
C003409,2025-04-02,India,instagram,True
C003410,2025-04-02,United States,email,True
C003411,2025-04-02,Japan,google_ads,False
C003412,2025-04-02,India,organic,True
C003413,2025-04-02,India,marketplace,True
C003414,2025-04-02,United States,instagram,True
C003415,2025-04-02,United Kingdom,instagram,True
C003416,2025-04-02,Japan,email,False
C003417,2025-04-02,India,instagram,True
C003418,2025-04-02,India,organic,True
C003419,2025-04-02,India,organic,False
C003420,2025-04-02,UAE,organic,True
C003421,2025-04-03,India,google_ads,False
C003422,2025-04-03,India,organic,True
C003423,2025-04-03,India,google_ads,True
C003424,2025-04-03,India,referral,False
C003425,2025-04-03,United States,organic,False
C003426,2025-04-03,Australia,google_ads,True
C003427,2025-04-03,United Kingdom,marketplace,False
C003428,2025-04-03,India,organic,False
C003429,2025-04-03,India,instagram,True
C003430,2025-04-03,India,organic,True
C003431,2025-04-03,India,organic,True
C003432,2025-04-03,Australia,organic,True
C003433,2025-04-03,India,organic,True
C003434,2025-04-03,United States,organic,False
C003435,2025-04-03,India,marketplace,False
C003436,2025-04-04,Australia,google_ads,False
C003437,2025-04-04,India,instagram,False
C003438,2025-04-04,India,google_ads,False
C003439,2025-04-04,India,organic,True
C003440,2025-04-04,India,instagram,False
C003441,2025-04-04,United States,google_ads,True
C003442,2025-04-04,Japan,instagram,False
C003443,2025-04-04,India,google_ads,False
C003444,2025-04-04,India,organic,True
C003445,2025-04-04,United States,organic,True
C003446,2025-04-04,United States,organic,False
C003447,2025-04-04,India,email,True
C003448,2025-04-05,India,organic,True
C003449,2025-04-05,India,organic,False
C003450,2025-04-05,India,google_ads,False
C003451,2025-04-05,India,organic,False
C003452,2025-04-05,India,instagram,False
C003453,2025-04-05,India,email,False
C003454,2025-04-05,United Kingdom,google_ads,False
C003455,2025-04-05,India,instagram,True
C003456,2025-04-05,Australia,organic,True
C003457,2025-04-05,Germany,google_ads,True
C003458,2025-04-05,United States,google_ads,False
C003459,2025-04-05,United Kingdom,organic,True
C003460,2025-04-05,India,google_ads,False
C003461,2025-04-05,Japan,referral,False
C003462,2025-04-05,India,organic,False
C003463,2025-04-06,United Kingdom,instagram,True
C003464,2025-04-06,Germany,instagram,True
C003465,2025-04-06,United States,organic,True
C003466,2025-04-06,India,organic,True
C003467,2025-04-06,India,organic,False
C003468,2025-04-06,Canada,organic,False
C003469,2025-04-06,United States,google_ads,True
C003470,2025-04-06,United States,google_ads,True
C003471,2025-04-06,India,instagram,True
C003472,2025-04-06,India,google_ads,True
C003473,2025-04-06,India,marketplace,True
C003474,2025-04-06,Japan,instagram,True
C003475,2025-04-06,India,organic,False
C003476,2025-04-06,Japan,marketplace,True
C003477,2025-04-06,India,email,True
C003478,2025-04-06,India,referral,False
C003479,2025-04-06,United Kingdom,instagram,True
C003480,2025-04-06,Germany,organic,True
C003481,2025-04-06,Canada,organic,True
C003482,2025-04-07,India,marketplace,True
C003483,2025-04-07,Japan,google_ads,True
C003484,2025-04-07,India,referral,False
C003485,2025-04-07,India,organic,True
C003486,2025-04-07,Australia,organic,False
C003487,2025-04-07,India,email,False
C003488,2025-04-07,India,google_ads,True
C003489,2025-04-07,United States,google_ads,True
C003490,2025-04-07,United States,google_ads,False
C003491,2025-04-07,India,marketplace,True
C003492,2025-04-07,India,referral,True
C003493,2025-04-07,UAE,organic,True
C003494,2025-04-08,Germany,organic,True
C003495,2025-04-08,United States,email,False
C003496,2025-04-08,India,organic,False
C003497,2025-04-08,United Kingdom,referral,True
C003498,2025-04-08,United Kingdom,marketplace,False
C003499,2025-04-08,UAE,organic,False
C003500,2025-04-08,India,organic,True
C003501,2025-04-08,United States,organic,True
C003502,2025-04-08,India,email,False
C003503,2025-04-08,Canada,email,True
C003504,2025-04-08,India,marketplace,False
C003505,2025-04-08,United States,organic,False
C003506,2025-04-08,UAE,referral,False
C003507,2025-04-08,India,google_ads,True
C003508,2025-04-08,India,marketplace,True
C003509,2025-04-08,Japan,email,False
C003510,2025-04-08,India,organic,False
C003511,2025-04-09,United States,instagram,False
C003512,2025-04-09,India,email,False
C003513,2025-04-09,UAE,google_ads,False
C003514,2025-04-09,Australia,google_ads,True
C003515,2025-04-09,India,organic,False
C003516,2025-04-09,India,google_ads,True
C003517,2025-04-09,India,google_ads,True
C003518,2025-04-09,Japan,google_ads,False
C003519,2025-04-09,Germany,google_ads,True
C003520,2025-04-09,United States,google_ads,False
C003521,2025-04-09,Germany,email,True
C003522,2025-04-09,Canada,instagram,False
C003523,2025-04-10,India,google_ads,True
C003524,2025-04-10,India,instagram,True
C003525,2025-04-10,India,email,False
C003526,2025-04-10,India,organic,True
C003527,2025-04-10,India,organic,False
C003528,2025-04-10,India,email,False
C003529,2025-04-10,India,google_ads,True
C003530,2025-04-10,India,marketplace,False
C003531,2025-04-10,India,organic,True
C003532,2025-04-10,India,instagram,False
C003533,2025-04-10,Australia,organic,True
C003534,2025-04-11,India,google_ads,True
C003535,2025-04-11,India,organic,False
C003536,2025-04-11,India,instagram,True
C003537,2025-04-11,United Kingdom,marketplace,True
C003538,2025-04-11,Japan,referral,False
C003539,2025-04-11,India,instagram,True
C003540,2025-04-11,India,google_ads,True
C003541,2025-04-11,India,referral,True
C003542,2025-04-11,Japan,instagram,True
C003543,2025-04-11,India,organic,True
C003544,2025-04-11,United States,instagram,True
C003545,2025-04-11,Australia,instagram,False
C003546,2025-04-11,Australia,organic,True
C003547,2025-04-11,India,organic,True
C003548,2025-04-11,United Kingdom,instagram,False
C003549,2025-04-11,India,organic,True
C003550,2025-04-11,Japan,instagram,True
C003551,2025-04-11,United Kingdom,organic,True
C003552,2025-04-11,India,marketplace,True
C003553,2025-04-11,Canada,organic,True
C003554,2025-04-12,India,instagram,True
C003555,2025-04-12,India,google_ads,True
C003556,2025-04-12,United States,organic,False
C003557,2025-04-12,India,instagram,True
C003558,2025-04-12,Australia,organic,False
C003559,2025-04-12,United States,email,False
C003560,2025-04-12,Japan,email,True
C003561,2025-04-12,Australia,instagram,True
C003562,2025-04-12,India,instagram,True
C003563,2025-04-13,United Kingdom,organic,True
C003564,2025-04-13,Canada,referral,True
C003565,2025-04-13,Canada,instagram,False
C003566,2025-04-13,India,organic,False
C003567,2025-04-13,Germany,email,True
C003568,2025-04-13,Japan,organic,True
C003569,2025-04-13,United Kingdom,google_ads,False
C003570,2025-04-13,United States,marketplace,True
C003571,2025-04-13,India,instagram,False
C003572,2025-04-13,United Kingdom,organic,False
C003573,2025-04-13,United Kingdom,organic,False
C003574,2025-04-13,India,marketplace,False
C003575,2025-04-13,India,instagram,True
C003576,2025-04-14,United States,google_ads,True
C003577,2025-04-14,India,organic,True
C003578,2025-04-14,India,google_ads,False
C003579,2025-04-14,India,organic,False
C003580,2025-04-14,India,marketplace,False
C003581,2025-04-14,India,organic,False
C003582,2025-04-14,India,marketplace,False
C003583,2025-04-14,India,instagram,False
C003584,2025-04-14,India,google_ads,True
C003585,2025-04-14,United States,google_ads,True
C003586,2025-04-14,United Kingdom,instagram,True
C003587,2025-04-14,India,google_ads,True
C003588,2025-04-14,India,instagram,True
C003589,2025-04-14,United Kingdom,organic,False
C003590,2025-04-14,Germany,referral,True
C003591,2025-04-14,United States,organic,False
C003592,2025-04-14,India,instagram,False
C003593,2025-04-14,India,referral,True
C003594,2025-04-14,United States,email,False
C003595,2025-04-14,India,referral,True
C003596,2025-04-14,Japan,organic,True
C003597,2025-04-14,United Kingdom,email,False
C003598,2025-04-15,India,organic,True
C003599,2025-04-15,Germany,google_ads,True
C003600,2025-04-15,United States,instagram,True
C003601,2025-04-15,India,marketplace,False
C003602,2025-04-15,India,google_ads,True
C003603,2025-04-15,India,instagram,True
C003604,2025-04-15,India,referral,True
C003605,2025-04-15,United States,organic,True
C003606,2025-04-15,India,organic,True
C003607,2025-04-15,India,referral,False
C003608,2025-04-15,India,google_ads,True
C003609,2025-04-15,India,instagram,False
C003610,2025-04-15,India,marketplace,True
C003611,2025-04-15,United States,organic,False
C003612,2025-04-15,India,organic,True
C003613,2025-04-16,India,email,True
C003614,2025-04-16,United Kingdom,instagram,False
C003615,2025-04-16,India,google_ads,True
C003616,2025-04-16,United States,google_ads,False
C003617,2025-04-16,India,organic,False
C003618,2025-04-16,India,instagram,True
C003619,2025-04-16,India,referral,True
C003620,2025-04-16,India,referral,False
C003621,2025-04-16,UAE,instagram,False
C003622,2025-04-16,India,instagram,False
C003623,2025-04-16,India,instagram,False
C003624,2025-04-16,Canada,organic,True
C003625,2025-04-16,India,organic,True
C003626,2025-04-17,India,referral,True
C003627,2025-04-17,India,marketplace,False
C003628,2025-04-17,India,referral,True
C003629,2025-04-17,Japan,google_ads,False
C003630,2025-04-17,United States,instagram,True
C003631,2025-04-17,India,organic,True
C003632,2025-04-17,India,organic,True
C003633,2025-04-17,United States,instagram,True
C003634,2025-04-17,India,instagram,True
C003635,2025-04-17,Germany,email,True
C003636,2025-04-17,India,referral,True
C003637,2025-04-17,India,organic,True
C003638,2025-04-17,United States,organic,True
C003639,2025-04-17,India,referral,True
C003640,2025-04-17,United Kingdom,google_ads,False
C003641,2025-04-17,United States,instagram,False
C003642,2025-04-17,United States,referral,True
C003643,2025-04-18,India,organic,True
C003644,2025-04-18,India,organic,True
C003645,2025-04-18,UAE,organic,True
C003646,2025-04-18,India,instagram,True
C003647,2025-04-18,United States,instagram,True
C003648,2025-04-18,India,instagram,True
C003649,2025-04-18,India,organic,True
C003650,2025-04-18,India,organic,True
C003651,2025-04-18,India,marketplace,True
C003652,2025-04-18,United Kingdom,instagram,True
C003653,2025-04-18,India,organic,True
C003654,2025-04-18,India,marketplace,True
C003655,2025-04-18,Australia,referral,True
C003656,2025-04-18,United Kingdom,instagram,True
C003657,2025-04-18,UAE,google_ads,True
C003658,2025-04-18,India,organic,True
C003659,2025-04-18,United States,instagram,True
C003660,2025-04-18,India,email,False
C003661,2025-04-18,India,instagram,True
C003662,2025-04-19,India,organic,True
C003663,2025-04-19,United States,organic,False
C003664,2025-04-19,India,organic,True
C003665,2025-04-19,Canada,instagram,False
C003666,2025-04-19,India,organic,True
C003667,2025-04-19,India,instagram,False
C003668,2025-04-19,India,marketplace,False
C003669,2025-04-19,India,instagram,True
C003670,2025-04-19,UAE,referral,False
C003671,2025-04-19,Australia,google_ads,True
C003672,2025-04-19,Australia,instagram,True
C003673,2025-04-19,India,instagram,False
C003674,2025-04-19,UAE,email,False
C003675,2025-04-19,United States,google_ads,False
C003676,2025-04-20,India,organic,False
C003677,2025-04-20,India,instagram,False
C003678,2025-04-20,Japan,marketplace,False
C003679,2025-04-20,Germany,google_ads,True
C003680,2025-04-20,India,google_ads,True
C003681,2025-04-20,United Kingdom,marketplace,True
C003682,2025-04-20,United States,google_ads,True
C003683,2025-04-20,India,marketplace,True
C003684,2025-04-20,UAE,instagram,True
C003685,2025-04-20,United Kingdom,email,True
C003686,2025-04-20,India,organic,True
C003687,2025-04-20,India,referral,True
C003688,2025-04-20,India,instagram,False
C003689,2025-04-20,Japan,organic,False
C003690,2025-04-20,India,organic,False
C003691,2025-04-20,UAE,google_ads,True
C003692,2025-04-20,United States,referral,True
C003693,2025-04-21,United States,organic,True
C003694,2025-04-21,India,email,True
C003695,2025-04-21,India,organic,True
C003696,2025-04-21,India,email,False
C003697,2025-04-21,India,organic,False
C003698,2025-04-21,India,email,True
C003699,2025-04-21,Japan,organic,True
C003700,2025-04-21,Germany,google_ads,False
C003701,2025-04-21,India,organic,True
C003702,2025-04-21,India,google_ads,True
C003703,2025-04-21,Germany,instagram,True
C003704,2025-04-21,Australia,marketplace,True
C003705,2025-04-21,Canada,marketplace,False
C003706,2025-04-21,India,organic,False
C003707,2025-04-21,Japan,google_ads,False
C003708,2025-04-21,Australia,marketplace,False
C003709,2025-04-22,United States,google_ads,False
C003710,2025-04-22,United States,instagram,True
C003711,2025-04-22,Canada,marketplace,True
C003712,2025-04-22,India,organic,True
C003713,2025-04-22,Australia,organic,True
C003714,2025-04-22,India,instagram,False
C003715,2025-04-23,United States,instagram,False
C003716,2025-04-23,India,email,True
C003717,2025-04-23,India,instagram,True
C003718,2025-04-23,India,instagram,True
C003719,2025-04-23,United States,instagram,False
C003720,2025-04-23,United Kingdom,organic,True
C003721,2025-04-23,India,google_ads,True
C003722,2025-04-23,India,instagram,True
C003723,2025-04-23,India,organic,True
C003724,2025-04-23,United Kingdom,organic,True
C003725,2025-04-23,India,organic,False
C003726,2025-04-23,United Kingdom,instagram,False
C003727,2025-04-23,United Kingdom,organic,True
C003728,2025-04-23,India,referral,False
C003729,2025-04-24,Japan,marketplace,True
C003730,2025-04-24,Canada,google_ads,True
C003731,2025-04-24,India,referral,False
C003732,2025-04-24,Australia,organic,True
C003733,2025-04-24,India,referral,True
C003734,2025-04-24,India,organic,True
C003735,2025-04-24,United States,google_ads,True
C003736,2025-04-24,UAE,marketplace,False
C003737,2025-04-24,India,referral,False
C003738,2025-04-24,United Kingdom,referral,True
C003739,2025-04-24,Germany,instagram,True
C003740,2025-04-24,United States,instagram,False
C003741,2025-04-24,India,marketplace,True
C003742,2025-04-24,India,instagram,False
C003743,2025-04-24,United States,referral,True
C003744,2025-04-24,India,referral,False
C003745,2025-04-25,United Kingdom,organic,True
C003746,2025-04-25,India,google_ads,False
C003747,2025-04-25,India,organic,True
C003748,2025-04-25,Germany,referral,True
C003749,2025-04-25,Japan,instagram,True
C003750,2025-04-25,UAE,referral,True
C003751,2025-04-25,India,organic,False
C003752,2025-04-25,India,instagram,True
C003753,2025-04-25,United States,instagram,True
C003754,2025-04-25,India,instagram,False
C003755,2025-04-25,United Kingdom,organic,True
C003756,2025-04-25,Japan,instagram,True
C003757,2025-04-25,India,instagram,True
C003758,2025-04-25,Australia,instagram,True
C003759,2025-04-25,India,google_ads,True
C003760,2025-04-25,United States,organic,False
C003761,2025-04-25,India,instagram,False
C003762,2025-04-25,India,instagram,True
C003763,2025-04-26,Germany,instagram,True
C003764,2025-04-26,Australia,organic,False
C003765,2025-04-26,United States,google_ads,False
C003766,2025-04-26,India,google_ads,True
C003767,2025-04-26,Canada,marketplace,False
C003768,2025-04-26,United States,email,False
C003769,2025-04-26,India,email,False
C003770,2025-04-26,Germany,organic,False
C003771,2025-04-26,Germany,organic,False
C003772,2025-04-26,India,organic,False
C003773,2025-04-26,India,google_ads,False
C003774,2025-04-26,United States,google_ads,True
C003775,2025-04-26,India,email,True
C003776,2025-04-26,Germany,organic,True
C003777,2025-04-26,India,instagram,False
C003778,2025-04-26,India,referral,False
C003779,2025-04-26,Germany,organic,True
C003780,2025-04-26,India,marketplace,True
C003781,2025-04-26,India,referral,False
C003782,2025-04-27,India,organic,True
C003783,2025-04-27,India,google_ads,True
C003784,2025-04-27,United States,google_ads,False
C003785,2025-04-27,United States,email,False
C003786,2025-04-27,United States,referral,True
C003787,2025-04-27,India,referral,True
C003788,2025-04-27,India,organic,True
C003789,2025-04-27,Canada,google_ads,True
C003790,2025-04-27,United States,instagram,True
C003791,2025-04-27,Japan,organic,False
C003792,2025-04-27,India,organic,True
C003793,2025-04-27,United States,organic,False
C003794,2025-04-27,India,instagram,False
C003795,2025-04-27,India,organic,False
C003796,2025-04-27,India,marketplace,False
C003797,2025-04-28,Germany,organic,True
C003798,2025-04-28,Japan,email,True
C003799,2025-04-28,India,marketplace,True
C003800,2025-04-28,United States,instagram,True
C003801,2025-04-28,India,instagram,False
C003802,2025-04-28,Australia,referral,True
C003803,2025-04-28,India,organic,False
C003804,2025-04-28,India,marketplace,False
C003805,2025-04-28,Germany,instagram,True
C003806,2025-04-28,Germany,instagram,False
C003807,2025-04-28,United Kingdom,referral,True
C003808,2025-04-28,Germany,organic,False
C003809,2025-04-28,India,organic,True
C003810,2025-04-28,India,email,True
C003811,2025-04-29,India,organic,False
C003812,2025-04-29,Germany,organic,True
C003813,2025-04-29,India,instagram,True
C003814,2025-04-29,India,organic,True
C003815,2025-04-29,India,organic,False
C003816,2025-04-29,United Kingdom,referral,True
C003817,2025-04-29,India,marketplace,False
C003818,2025-04-29,India,organic,True
C003819,2025-04-29,India,google_ads,True
C003820,2025-04-29,United Kingdom,google_ads,True
C003821,2025-04-29,United Kingdom,google_ads,True
C003822,2025-04-30,India,instagram,False
C003823,2025-04-30,United States,referral,False
C003824,2025-04-30,India,organic,False
C003825,2025-04-30,India,organic,False
C003826,2025-04-30,India,marketplace,False
C003827,2025-04-30,Australia,referral,True
C003828,2025-04-30,United Kingdom,email,True
C003829,2025-04-30,Australia,marketplace,True
C003830,2025-04-30,Canada,google_ads,False
C003831,2025-04-30,United Kingdom,organic,True
C003832,2025-04-30,United States,instagram,True
C003833,2025-04-30,India,google_ads,True
C003834,2025-04-30,India,instagram,True
C003835,2025-04-30,United Kingdom,marketplace,False
C003836,2025-04-30,India,instagram,False
C003837,2025-04-30,Japan,instagram,True
C003838,2025-04-30,India,organic,True
C003839,2025-04-30,Canada,organic,True
C003840,2025-04-30,Canada,organic,True
C003841,2025-04-30,United States,referral,False
C003842,2025-05-01,India,email,True
C003843,2025-05-01,India,instagram,True
C003844,2025-05-01,India,organic,True
C003845,2025-05-01,Germany,organic,False
C003846,2025-05-01,Canada,instagram,False
C003847,2025-05-01,Australia,referral,False
C003848,2025-05-01,Australia,marketplace,True
C003849,2025-05-01,India,organic,True
C003850,2025-05-01,United States,organic,False
C003851,2025-05-01,India,instagram,True
C003852,2025-05-02,India,google_ads,False
C003853,2025-05-02,Japan,google_ads,True
C003854,2025-05-02,United Kingdom,organic,False
C003855,2025-05-02,Japan,referral,True
C003856,2025-05-02,Germany,google_ads,False
C003857,2025-05-02,India,google_ads,True
C003858,2025-05-02,India,instagram,True
C003859,2025-05-02,India,google_ads,False
C003860,2025-05-02,Canada,organic,False
C003861,2025-05-02,Canada,organic,False
C003862,2025-05-02,India,google_ads,True
C003863,2025-05-02,India,instagram,True
C003864,2025-05-02,United States,instagram,True
C003865,2025-05-02,Canada,instagram,True
C003866,2025-05-02,United States,instagram,True
C003867,2025-05-02,Japan,google_ads,True
C003868,2025-05-02,India,organic,True
C003869,2025-05-02,Australia,organic,False
C003870,2025-05-02,Australia,instagram,True
C003871,2025-05-02,Australia,marketplace,False
C003872,2025-05-02,India,organic,True
C003873,2025-05-03,India,instagram,False
C003874,2025-05-03,India,marketplace,False
C003875,2025-05-03,India,marketplace,True
C003876,2025-05-03,United States,google_ads,False
C003877,2025-05-03,United Kingdom,instagram,True
C003878,2025-05-03,India,referral,True
C003879,2025-05-03,UAE,marketplace,False
C003880,2025-05-03,India,google_ads,True
C003881,2025-05-03,Australia,email,True
C003882,2025-05-03,Canada,instagram,True
C003883,2025-05-03,United States,referral,True
C003884,2025-05-03,India,marketplace,False
C003885,2025-05-03,India,organic,True
C003886,2025-05-03,India,google_ads,True
C003887,2025-05-03,India,google_ads,True
C003888,2025-05-03,India,instagram,False
C003889,2025-05-03,India,marketplace,True
C003890,2025-05-03,India,google_ads,False
C003891,2025-05-03,United Kingdom,instagram,True
C003892,2025-05-04,Japan,organic,False
C003893,2025-05-04,Canada,instagram,True
C003894,2025-05-04,India,marketplace,False
C003895,2025-05-04,India,google_ads,False
C003896,2025-05-04,India,instagram,True
C003897,2025-05-04,United States,organic,True
C003898,2025-05-04,India,organic,False
C003899,2025-05-04,India,referral,True
C003900,2025-05-04,United States,organic,False
C003901,2025-05-04,Japan,google_ads,True
C003902,2025-05-04,Canada,google_ads,False
C003903,2025-05-04,Australia,referral,False
C003904,2025-05-04,United Kingdom,google_ads,False
C003905,2025-05-04,United States,organic,True
C003906,2025-05-04,India,organic,True
C003907,2025-05-04,United Kingdom,instagram,True
C003908,2025-05-04,India,instagram,False
C003909,2025-05-05,India,marketplace,True
C003910,2025-05-05,UAE,referral,False
C003911,2025-05-05,India,marketplace,False
C003912,2025-05-05,India,instagram,False
C003913,2025-05-05,India,instagram,False
C003914,2025-05-05,United Kingdom,instagram,True
C003915,2025-05-05,India,instagram,False
C003916,2025-05-05,India,instagram,True
C003917,2025-05-05,India,referral,True
C003918,2025-05-05,Germany,organic,False
C003919,2025-05-05,Canada,google_ads,True
C003920,2025-05-05,India,instagram,False
C003921,2025-05-05,India,google_ads,True
C003922,2025-05-05,India,marketplace,True
C003923,2025-05-05,UAE,instagram,False
C003924,2025-05-05,India,email,True
C003925,2025-05-06,United Kingdom,instagram,True
C003926,2025-05-06,India,organic,True
C003927,2025-05-06,Japan,instagram,False
C003928,2025-05-06,India,google_ads,False
C003929,2025-05-06,United Kingdom,google_ads,False
C003930,2025-05-06,India,referral,False
C003931,2025-05-06,Canada,instagram,False
C003932,2025-05-06,India,organic,True
C003933,2025-05-06,United Kingdom,referral,True
C003934,2025-05-06,Japan,organic,True
C003935,2025-05-06,United States,marketplace,False
C003936,2025-05-06,India,instagram,True
C003937,2025-05-07,United Kingdom,organic,True
C003938,2025-05-07,United Kingdom,organic,True
C003939,2025-05-07,United States,google_ads,True
C003940,2025-05-07,Germany,organic,True
C003941,2025-05-07,India,instagram,True
C003942,2025-05-07,United States,organic,False
C003943,2025-05-07,India,instagram,False
C003944,2025-05-07,Germany,referral,False
C003945,2025-05-07,India,google_ads,False
C003946,2025-05-07,United States,organic,False
C003947,2025-05-07,UAE,google_ads,True
C003948,2025-05-07,United Kingdom,organic,False
C003949,2025-05-07,Germany,organic,True
C003950,2025-05-07,India,instagram,True
C003951,2025-05-08,UAE,organic,True
C003952,2025-05-08,United States,instagram,False
C003953,2025-05-08,India,referral,True
C003954,2025-05-08,United States,google_ads,False
C003955,2025-05-08,Germany,instagram,False
C003956,2025-05-08,India,organic,False
C003957,2025-05-08,India,google_ads,False
C003958,2025-05-08,India,google_ads,True
C003959,2025-05-08,India,organic,True
C003960,2025-05-08,United Kingdom,organic,True
C003961,2025-05-08,India,organic,False
C003962,2025-05-08,UAE,instagram,True
C003963,2025-05-08,Australia,organic,False
C003964,2025-05-08,United Kingdom,google_ads,True
C003965,2025-05-08,United States,marketplace,False
C003966,2025-05-08,India,organic,True
C003967,2025-05-08,United States,instagram,True
C003968,2025-05-08,United States,organic,True
C003969,2025-05-08,India,organic,True
C003970,2025-05-09,United States,instagram,True
C003971,2025-05-09,Germany,instagram,False
C003972,2025-05-09,UAE,organic,False
C003973,2025-05-09,India,instagram,True
C003974,2025-05-09,United States,instagram,True
C003975,2025-05-09,Canada,instagram,False
C003976,2025-05-09,United States,google_ads,True
C003977,2025-05-09,United States,instagram,True
C003978,2025-05-09,Australia,organic,True
C003979,2025-05-09,India,organic,False
C003980,2025-05-09,UAE,marketplace,False
C003981,2025-05-09,United States,google_ads,True
C003982,2025-05-09,Canada,instagram,True
C003983,2025-05-09,United States,instagram,True
C003984,2025-05-09,India,google_ads,True
C003985,2025-05-09,Germany,marketplace,True
C003986,2025-05-09,India,google_ads,True
C003987,2025-05-09,Germany,instagram,True
C003988,2025-05-09,India,instagram,True
C003989,2025-05-09,India,google_ads,True
C003990,2025-05-10,Australia,instagram,False
C003991,2025-05-10,India,organic,True
C003992,2025-05-10,United Kingdom,instagram,True
C003993,2025-05-10,India,organic,False
C003994,2025-05-10,India,google_ads,True
C003995,2025-05-10,United States,organic,False
C003996,2025-05-10,UAE,marketplace,True
C003997,2025-05-10,Canada,instagram,False
C003998,2025-05-10,United Kingdom,instagram,False
C003999,2025-05-10,United States,organic,True
C004000,2025-05-10,India,organic,True
C004001,2025-05-11,United Kingdom,marketplace,True
C004002,2025-05-11,India,organic,True
C004003,2025-05-11,United States,organic,True
C004004,2025-05-11,Canada,organic,True
C004005,2025-05-11,United States,instagram,True
C004006,2025-05-11,India,marketplace,False
C004007,2025-05-11,India,marketplace,True
C004008,2025-05-11,India,organic,True
C004009,2025-05-11,United Kingdom,organic,True
C004010,2025-05-11,United States,organic,True
C004011,2025-05-11,Australia,organic,False
C004012,2025-05-11,India,google_ads,False
C004013,2025-05-11,India,instagram,False
C004014,2025-05-11,UAE,referral,False
C004015,2025-05-11,UAE,organic,False
C004016,2025-05-11,Japan,email,False
C004017,2025-05-11,Japan,organic,False
C004018,2025-05-11,India,instagram,True
C004019,2025-05-11,India,instagram,False
C004020,2025-05-11,United States,google_ads,True
C004021,2025-05-12,India,referral,False
C004022,2025-05-12,India,referral,True
C004023,2025-05-12,United Kingdom,organic,True
C004024,2025-05-12,India,organic,True
C004025,2025-05-12,Canada,organic,True
C004026,2025-05-12,India,organic,True
C004027,2025-05-12,India,referral,False
C004028,2025-05-12,India,marketplace,True
C004029,2025-05-12,India,organic,True
C004030,2025-05-12,India,referral,True
C004031,2025-05-12,India,instagram,False
C004032,2025-05-12,United Kingdom,google_ads,False
C004033,2025-05-12,India,organic,False
C004034,2025-05-12,Australia,google_ads,False
C004035,2025-05-12,Australia,marketplace,True
C004036,2025-05-13,India,marketplace,True
C004037,2025-05-13,United States,organic,True
C004038,2025-05-13,India,organic,True
C004039,2025-05-13,India,instagram,False
C004040,2025-05-13,India,organic,False
C004041,2025-05-13,India,organic,True
C004042,2025-05-13,United Kingdom,marketplace,True
C004043,2025-05-13,India,organic,False
C004044,2025-05-13,India,organic,False
C004045,2025-05-13,India,instagram,False
C004046,2025-05-13,UAE,marketplace,False
C004047,2025-05-13,India,referral,True
C004048,2025-05-13,United Kingdom,organic,True
C004049,2025-05-13,India,google_ads,True
C004050,2025-05-13,Canada,referral,False
C004051,2025-05-13,United States,organic,True
C004052,2025-05-14,India,email,False
C004053,2025-05-14,United States,google_ads,True
C004054,2025-05-14,India,instagram,True
C004055,2025-05-14,United States,organic,True
C004056,2025-05-14,India,referral,True
C004057,2025-05-14,Japan,organic,True
C004058,2025-05-14,Canada,google_ads,True
C004059,2025-05-14,United States,instagram,True
C004060,2025-05-14,India,organic,True
C004061,2025-05-14,India,google_ads,False
C004062,2025-05-14,India,google_ads,True
C004063,2025-05-14,UAE,organic,True
C004064,2025-05-14,Canada,instagram,False
C004065,2025-05-14,UAE,organic,True
C004066,2025-05-14,United States,organic,True
C004067,2025-05-14,Canada,google_ads,True
C004068,2025-05-14,India,instagram,True
C004069,2025-05-14,India,referral,False
C004070,2025-05-14,Germany,instagram,True
C004071,2025-05-14,Australia,google_ads,True
C004072,2025-05-14,UAE,google_ads,True
C004073,2025-05-15,India,instagram,True
C004074,2025-05-15,India,instagram,True
C004075,2025-05-15,India,instagram,True
C004076,2025-05-15,India,instagram,True
C004077,2025-05-15,United States,organic,False
C004078,2025-05-15,India,instagram,False
C004079,2025-05-15,United States,google_ads,False
C004080,2025-05-15,India,organic,False
C004081,2025-05-15,United States,google_ads,True
C004082,2025-05-15,Japan,instagram,False
C004083,2025-05-15,Germany,instagram,True
C004084,2025-05-15,India,marketplace,True
C004085,2025-05-15,India,instagram,True
C004086,2025-05-15,Germany,organic,False
C004087,2025-05-15,United States,organic,True
C004088,2025-05-16,India,instagram,False
C004089,2025-05-16,UAE,organic,True
C004090,2025-05-16,United States,email,True
C004091,2025-05-16,Germany,google_ads,False
C004092,2025-05-16,India,organic,False
C004093,2025-05-16,India,referral,False
C004094,2025-05-16,United States,google_ads,True
C004095,2025-05-16,United Kingdom,instagram,False
C004096,2025-05-16,United States,referral,False
C004097,2025-05-16,India,google_ads,True
C004098,2025-05-16,United States,marketplace,True
C004099,2025-05-16,India,marketplace,True
C004100,2025-05-16,India,instagram,True
C004101,2025-05-16,United Kingdom,instagram,False
C004102,2025-05-17,India,instagram,True
C004103,2025-05-17,Germany,organic,True
C004104,2025-05-17,Japan,instagram,True
C004105,2025-05-17,United States,organic,True
C004106,2025-05-17,United States,organic,True
C004107,2025-05-17,Australia,google_ads,True
C004108,2025-05-17,United States,instagram,True
C004109,2025-05-17,India,instagram,True
C004110,2025-05-17,United Kingdom,google_ads,True
C004111,2025-05-17,United States,google_ads,True
C004112,2025-05-17,India,organic,True
C004113,2025-05-18,Germany,referral,True
C004114,2025-05-18,India,instagram,True
C004115,2025-05-18,Japan,google_ads,True
C004116,2025-05-18,Japan,instagram,False
C004117,2025-05-18,Germany,organic,False
C004118,2025-05-18,United States,google_ads,False
C004119,2025-05-18,India,organic,False
C004120,2025-05-18,India,google_ads,True
C004121,2025-05-18,United States,referral,False
C004122,2025-05-18,India,referral,False
C004123,2025-05-18,Japan,referral,True
C004124,2025-05-18,India,instagram,False
C004125,2025-05-18,India,email,True
C004126,2025-05-19,United States,marketplace,False
C004127,2025-05-19,United States,google_ads,True
C004128,2025-05-19,United Kingdom,instagram,False
C004129,2025-05-19,India,google_ads,True
C004130,2025-05-19,United States,instagram,True
C004131,2025-05-19,India,referral,False
C004132,2025-05-19,United States,instagram,True
C004133,2025-05-19,India,instagram,False
C004134,2025-05-19,Germany,referral,True
C004135,2025-05-19,Germany,instagram,False
C004136,2025-05-19,Australia,marketplace,True
C004137,2025-05-19,United States,referral,False
C004138,2025-05-19,India,organic,False
C004139,2025-05-19,Canada,organic,False
C004140,2025-05-19,United Kingdom,organic,True
C004141,2025-05-19,India,instagram,True
C004142,2025-05-19,India,instagram,False
C004143,2025-05-19,United Kingdom,instagram,True
C004144,2025-05-20,Japan,google_ads,True
C004145,2025-05-20,India,instagram,True
C004146,2025-05-20,India,google_ads,True
C004147,2025-05-20,India,referral,True
C004148,2025-05-20,India,google_ads,False
C004149,2025-05-20,India,instagram,True
C004150,2025-05-21,India,instagram,True
C004151,2025-05-21,India,referral,True
C004152,2025-05-21,India,marketplace,True
C004153,2025-05-21,Canada,google_ads,False
C004154,2025-05-21,India,referral,False
C004155,2025-05-21,Germany,instagram,False
C004156,2025-05-21,United Kingdom,organic,True
C004157,2025-05-21,India,instagram,False
C004158,2025-05-21,India,instagram,False
C004159,2025-05-21,United States,referral,True
C004160,2025-05-21,India,marketplace,True
C004161,2025-05-21,Canada,referral,True
C004162,2025-05-21,Canada,instagram,True
C004163,2025-05-21,India,organic,True
C004164,2025-05-22,India,instagram,True
C004165,2025-05-22,India,instagram,False
C004166,2025-05-22,India,google_ads,False
C004167,2025-05-22,India,organic,True
C004168,2025-05-22,United States,google_ads,True
C004169,2025-05-22,India,google_ads,True
C004170,2025-05-22,United States,instagram,True
C004171,2025-05-22,India,organic,True
C004172,2025-05-22,United States,instagram,True
C004173,2025-05-22,India,referral,True
C004174,2025-05-22,Germany,google_ads,False
C004175,2025-05-22,United States,referral,True
C004176,2025-05-22,United States,organic,False
C004177,2025-05-22,Australia,google_ads,False
C004178,2025-05-22,Canada,google_ads,True
C004179,2025-05-23,Japan,google_ads,True
C004180,2025-05-23,India,instagram,False
C004181,2025-05-23,United Kingdom,organic,True
C004182,2025-05-23,India,organic,True
C004183,2025-05-23,India,referral,True
C004184,2025-05-23,India,instagram,False
C004185,2025-05-23,India,marketplace,True
C004186,2025-05-23,United States,organic,True
C004187,2025-05-23,India,referral,True
C004188,2025-05-23,Japan,referral,True
C004189,2025-05-23,United Kingdom,referral,True
C004190,2025-05-23,India,instagram,True
C004191,2025-05-23,India,google_ads,True
C004192,2025-05-23,UAE,instagram,False
C004193,2025-05-23,India,marketplace,True
C004194,2025-05-23,Australia,instagram,True
C004195,2025-05-23,Canada,instagram,True
C004196,2025-05-24,United Kingdom,instagram,False
C004197,2025-05-24,India,marketplace,False
C004198,2025-05-24,India,google_ads,True
C004199,2025-05-24,India,google_ads,True
C004200,2025-05-24,UAE,referral,True
C004201,2025-05-24,UAE,google_ads,True
C004202,2025-05-24,India,organic,False
C004203,2025-05-24,India,organic,True
C004204,2025-05-24,India,organic,False
C004205,2025-05-24,United Kingdom,email,True
C004206,2025-05-24,United Kingdom,email,True
C004207,2025-05-24,India,organic,True
C004208,2025-05-24,India,instagram,False
C004209,2025-05-24,India,marketplace,False
C004210,2025-05-24,United States,instagram,False
C004211,2025-05-24,India,organic,False
C004212,2025-05-24,Japan,marketplace,False
C004213,2025-05-24,Germany,google_ads,True
C004214,2025-05-25,India,organic,True
C004215,2025-05-25,United Kingdom,google_ads,False
C004216,2025-05-25,United Kingdom,organic,True
C004217,2025-05-25,Japan,organic,True
C004218,2025-05-25,India,google_ads,True
C004219,2025-05-25,United States,google_ads,True
C004220,2025-05-25,India,instagram,False
C004221,2025-05-25,India,google_ads,True
C004222,2025-05-25,India,google_ads,True
C004223,2025-05-25,India,instagram,False
C004224,2025-05-25,United States,organic,False
C004225,2025-05-25,UAE,marketplace,True
C004226,2025-05-25,India,organic,False
C004227,2025-05-26,Germany,email,True
C004228,2025-05-26,Japan,email,True
C004229,2025-05-26,India,instagram,True
C004230,2025-05-26,United States,referral,True
C004231,2025-05-26,United States,instagram,True
C004232,2025-05-26,Japan,instagram,False
C004233,2025-05-26,India,organic,True
C004234,2025-05-26,India,email,False
C004235,2025-05-26,United States,google_ads,False
C004236,2025-05-26,United Kingdom,google_ads,True
C004237,2025-05-26,India,instagram,True
C004238,2025-05-27,India,google_ads,False
C004239,2025-05-27,Germany,instagram,False
C004240,2025-05-27,Canada,google_ads,True
C004241,2025-05-27,Canada,google_ads,False
C004242,2025-05-28,India,referral,False
C004243,2025-05-28,India,instagram,False
C004244,2025-05-28,Australia,instagram,False
C004245,2025-05-28,UAE,instagram,True
C004246,2025-05-28,United Kingdom,google_ads,True
C004247,2025-05-28,India,referral,True
C004248,2025-05-29,India,referral,False
C004249,2025-05-29,United Kingdom,organic,True
C004250,2025-05-29,India,marketplace,False
C004251,2025-05-29,Germany,organic,True
C004252,2025-05-29,India,instagram,False
C004253,2025-05-29,India,referral,False
C004254,2025-05-29,United States,organic,False
C004255,2025-05-29,United States,google_ads,True
C004256,2025-05-29,Germany,organic,False
C004257,2025-05-29,Germany,google_ads,False
C004258,2025-05-29,Canada,instagram,False
C004259,2025-05-29,India,referral,True
C004260,2025-05-29,Japan,organic,True
C004261,2025-05-29,Australia,organic,False
C004262,2025-05-29,UAE,google_ads,False
C004263,2025-05-29,India,organic,True
C004264,2025-05-29,United States,marketplace,False
C004265,2025-05-30,India,organic,True
C004266,2025-05-30,United States,referral,True
C004267,2025-05-30,United Kingdom,google_ads,True
C004268,2025-05-30,India,google_ads,False
C004269,2025-05-30,Germany,referral,False
C004270,2025-05-30,United Kingdom,instagram,True
C004271,2025-05-30,India,organic,True
C004272,2025-05-30,India,google_ads,True
C004273,2025-05-30,India,instagram,False
C004274,2025-05-30,India,organic,True
C004275,2025-05-30,India,organic,True
C004276,2025-05-30,India,instagram,True
C004277,2025-05-31,UAE,google_ads,False
C004278,2025-05-31,Japan,marketplace,False
C004279,2025-05-31,United States,marketplace,True
C004280,2025-05-31,Australia,google_ads,True
C004281,2025-05-31,India,email,False
C004282,2025-05-31,India,instagram,True
C004283,2025-05-31,India,google_ads,True
C004284,2025-05-31,Japan,organic,True
C004285,2025-05-31,United States,referral,False
C004286,2025-05-31,India,instagram,True
C004287,2025-05-31,United Kingdom,instagram,False
C004288,2025-05-31,United States,instagram,True
C004289,2025-05-31,India,google_ads,True
C004290,2025-06-01,India,referral,True
C004291,2025-06-01,United States,organic,True
C004292,2025-06-01,Japan,instagram,False
C004293,2025-06-01,India,marketplace,False
C004294,2025-06-01,United Kingdom,organic,False
C004295,2025-06-01,Canada,instagram,False
C004296,2025-06-01,United States,marketplace,False
C004297,2025-06-01,United States,google_ads,True
C004298,2025-06-01,India,marketplace,True
C004299,2025-06-01,United States,google_ads,False
C004300,2025-06-01,United States,marketplace,False
C004301,2025-06-01,India,instagram,True
C004302,2025-06-01,UAE,marketplace,True
C004303,2025-06-01,India,referral,True
C004304,2025-06-02,India,instagram,True
C004305,2025-06-02,United States,referral,True
C004306,2025-06-02,Australia,instagram,True
C004307,2025-06-02,India,organic,True
C004308,2025-06-02,United Kingdom,google_ads,True
C004309,2025-06-02,India,referral,False
C004310,2025-06-02,India,email,True
C004311,2025-06-02,India,google_ads,True
C004312,2025-06-02,India,google_ads,True
C004313,2025-06-02,India,google_ads,False
C004314,2025-06-02,India,instagram,False
C004315,2025-06-02,UAE,organic,True
C004316,2025-06-02,United States,marketplace,False
C004317,2025-06-02,India,instagram,True
C004318,2025-06-03,Australia,organic,True
C004319,2025-06-03,India,google_ads,True
C004320,2025-06-03,United States,google_ads,False
C004321,2025-06-03,India,instagram,False
C004322,2025-06-03,India,referral,True
C004323,2025-06-03,India,email,False
C004324,2025-06-03,India,organic,True
C004325,2025-06-03,United States,google_ads,True
C004326,2025-06-03,United States,instagram,False
C004327,2025-06-03,UAE,email,False
C004328,2025-06-03,Japan,email,True
C004329,2025-06-03,Canada,referral,True
C004330,2025-06-03,India,email,True
C004331,2025-06-03,United Kingdom,google_ads,False
C004332,2025-06-03,United States,instagram,True
C004333,2025-06-03,United States,instagram,True
C004334,2025-06-04,United States,instagram,True
C004335,2025-06-04,Canada,google_ads,True
C004336,2025-06-04,India,instagram,True
C004337,2025-06-04,India,marketplace,True
C004338,2025-06-04,India,instagram,True
C004339,2025-06-04,India,marketplace,True
C004340,2025-06-04,United States,organic,True
C004341,2025-06-04,India,referral,True
C004342,2025-06-04,India,referral,False
C004343,2025-06-04,Germany,google_ads,True
C004344,2025-06-04,India,instagram,True
C004345,2025-06-05,United Kingdom,email,True
C004346,2025-06-05,India,organic,False
C004347,2025-06-05,India,organic,False
C004348,2025-06-05,United States,instagram,False
C004349,2025-06-05,India,referral,False
C004350,2025-06-05,India,instagram,False
C004351,2025-06-05,Canada,referral,True
C004352,2025-06-05,United States,organic,False
C004353,2025-06-05,India,referral,False
C004354,2025-06-05,Japan,organic,True
C004355,2025-06-05,Japan,organic,True
C004356,2025-06-05,United States,instagram,False
C004357,2025-06-05,Japan,google_ads,True
C004358,2025-06-05,India,instagram,True
C004359,2025-06-05,India,instagram,True
C004360,2025-06-05,India,organic,False
C004361,2025-06-05,United States,email,True
C004362,2025-06-05,India,google_ads,True
C004363,2025-06-06,Japan,referral,True
C004364,2025-06-06,India,organic,True
C004365,2025-06-06,Germany,google_ads,True
C004366,2025-06-06,Canada,referral,True
C004367,2025-06-06,Germany,google_ads,True
C004368,2025-06-06,Canada,email,True
C004369,2025-06-06,Germany,instagram,False
C004370,2025-06-06,UAE,google_ads,True
C004371,2025-06-06,United Kingdom,instagram,False
C004372,2025-06-06,UAE,instagram,False
C004373,2025-06-06,United States,instagram,False
C004374,2025-06-07,Germany,instagram,False
C004375,2025-06-07,UAE,instagram,False
C004376,2025-06-07,Canada,google_ads,True
C004377,2025-06-07,India,marketplace,False
C004378,2025-06-07,Germany,organic,True
C004379,2025-06-07,Canada,organic,True
C004380,2025-06-07,India,marketplace,True
C004381,2025-06-07,Canada,referral,False
C004382,2025-06-07,India,organic,False
C004383,2025-06-07,India,marketplace,False
C004384,2025-06-07,Australia,organic,True
C004385,2025-06-07,Canada,referral,True
C004386,2025-06-07,India,google_ads,True
C004387,2025-06-07,India,google_ads,False
C004388,2025-06-08,Canada,organic,True
C004389,2025-06-08,India,marketplace,False
C004390,2025-06-08,India,google_ads,True
C004391,2025-06-08,Canada,organic,True
C004392,2025-06-08,United States,instagram,False
C004393,2025-06-08,Germany,referral,False
C004394,2025-06-08,India,instagram,True
C004395,2025-06-08,Japan,instagram,True
C004396,2025-06-08,India,marketplace,False
C004397,2025-06-08,United Kingdom,instagram,True
C004398,2025-06-08,India,instagram,True
C004399,2025-06-08,UAE,email,False
C004400,2025-06-08,India,marketplace,False
C004401,2025-06-08,India,instagram,True
C004402,2025-06-08,United Kingdom,referral,True
C004403,2025-06-08,India,organic,False
C004404,2025-06-08,India,marketplace,False
C004405,2025-06-08,India,marketplace,True
C004406,2025-06-08,India,organic,False
C004407,2025-06-08,India,organic,True
C004408,2025-06-09,United States,instagram,False
C004409,2025-06-09,Canada,instagram,False
C004410,2025-06-09,India,google_ads,True
C004411,2025-06-09,United States,marketplace,False
C004412,2025-06-09,India,instagram,False
C004413,2025-06-09,India,referral,False
C004414,2025-06-09,India,instagram,False
C004415,2025-06-09,United States,instagram,False
C004416,2025-06-09,United States,organic,True
C004417,2025-06-09,India,organic,False
C004418,2025-06-10,United Kingdom,google_ads,False
C004419,2025-06-10,Japan,organic,True
C004420,2025-06-10,United States,instagram,False
C004421,2025-06-10,India,organic,True
C004422,2025-06-10,United States,organic,True
C004423,2025-06-10,India,google_ads,True
C004424,2025-06-10,UAE,google_ads,True
C004425,2025-06-10,India,instagram,True
C004426,2025-06-11,United Kingdom,google_ads,False
C004427,2025-06-11,United States,organic,False
C004428,2025-06-11,United Kingdom,organic,True
C004429,2025-06-11,India,organic,True
C004430,2025-06-11,United Kingdom,google_ads,True
C004431,2025-06-11,India,organic,True
C004432,2025-06-11,United Kingdom,instagram,True
C004433,2025-06-11,India,google_ads,True
C004434,2025-06-11,India,google_ads,True
C004435,2025-06-11,Canada,instagram,False
C004436,2025-06-11,Australia,instagram,True
C004437,2025-06-11,United Kingdom,organic,True
C004438,2025-06-11,India,instagram,True
C004439,2025-06-11,Japan,google_ads,False
C004440,2025-06-11,India,organic,True
C004441,2025-06-11,United States,organic,False
C004442,2025-06-12,India,instagram,False
C004443,2025-06-12,Germany,google_ads,True
C004444,2025-06-12,India,google_ads,False
C004445,2025-06-12,UAE,email,False
C004446,2025-06-12,Germany,organic,True
C004447,2025-06-12,Japan,google_ads,False
C004448,2025-06-12,United Kingdom,organic,True
C004449,2025-06-12,Germany,organic,True
C004450,2025-06-12,India,organic,True
C004451,2025-06-12,India,organic,True
C004452,2025-06-12,Australia,instagram,True
C004453,2025-06-12,United States,marketplace,True
C004454,2025-06-12,India,google_ads,False
C004455,2025-06-12,United Kingdom,google_ads,False
C004456,2025-06-12,India,organic,True
C004457,2025-06-13,Canada,organic,True
C004458,2025-06-13,India,google_ads,False
C004459,2025-06-13,UAE,google_ads,True
C004460,2025-06-13,United States,marketplace,False
C004461,2025-06-13,India,organic,True
C004462,2025-06-13,United States,instagram,True
C004463,2025-06-13,India,google_ads,True
C004464,2025-06-13,India,instagram,False
C004465,2025-06-13,India,google_ads,False
C004466,2025-06-13,United States,organic,True
C004467,2025-06-13,Germany,instagram,True
C004468,2025-06-13,India,organic,True
C004469,2025-06-13,United Kingdom,referral,True
C004470,2025-06-13,Germany,instagram,True
C004471,2025-06-13,Australia,google_ads,True
C004472,2025-06-14,India,organic,False
C004473,2025-06-14,United States,organic,False
C004474,2025-06-14,India,referral,True
C004475,2025-06-14,India,organic,False
C004476,2025-06-14,India,instagram,True
C004477,2025-06-14,United Kingdom,referral,False
C004478,2025-06-14,India,instagram,True
C004479,2025-06-14,United States,instagram,False
C004480,2025-06-14,Canada,organic,True
C004481,2025-06-14,India,google_ads,False
C004482,2025-06-14,India,instagram,True
C004483,2025-06-14,United Kingdom,email,False
C004484,2025-06-14,United Kingdom,google_ads,True
C004485,2025-06-14,Japan,marketplace,False
C004486,2025-06-14,India,instagram,False
C004487,2025-06-14,UAE,marketplace,True
C004488,2025-06-15,India,instagram,False
C004489,2025-06-15,India,google_ads,True
C004490,2025-06-15,United States,google_ads,True
C004491,2025-06-15,Germany,instagram,True
C004492,2025-06-15,India,referral,True
C004493,2025-06-15,Canada,marketplace,True
C004494,2025-06-15,Australia,instagram,False
C004495,2025-06-15,India,instagram,True
C004496,2025-06-15,United States,organic,False
C004497,2025-06-15,India,organic,True
C004498,2025-06-15,United States,organic,True
C004499,2025-06-15,Australia,organic,False
C004500,2025-06-15,India,marketplace,False
C004501,2025-06-15,India,instagram,False
C004502,2025-06-15,India,email,False
C004503,2025-06-16,Japan,organic,True
C004504,2025-06-16,Japan,instagram,False
C004505,2025-06-16,United States,google_ads,False
C004506,2025-06-16,UAE,marketplace,True
C004507,2025-06-16,India,google_ads,True
C004508,2025-06-16,Australia,referral,False
C004509,2025-06-16,India,instagram,True
C004510,2025-06-16,India,instagram,False
C004511,2025-06-17,United States,organic,False
C004512,2025-06-17,India,referral,True
C004513,2025-06-17,Canada,organic,False
C004514,2025-06-17,United States,organic,True
C004515,2025-06-17,United States,instagram,False
C004516,2025-06-17,India,organic,True
C004517,2025-06-17,India,google_ads,False
C004518,2025-06-17,India,google_ads,False
C004519,2025-06-18,United States,instagram,False
C004520,2025-06-18,India,organic,False
C004521,2025-06-18,Germany,referral,True
C004522,2025-06-18,India,organic,True
C004523,2025-06-18,India,instagram,True
C004524,2025-06-18,India,google_ads,False
C004525,2025-06-18,India,instagram,False
C004526,2025-06-18,United States,google_ads,True
C004527,2025-06-18,Canada,organic,True
C004528,2025-06-18,United States,marketplace,True
C004529,2025-06-18,India,instagram,True
C004530,2025-06-18,United States,marketplace,True
C004531,2025-06-18,United States,email,False
C004532,2025-06-19,Japan,organic,True
C004533,2025-06-19,India,email,False
C004534,2025-06-19,India,instagram,True
C004535,2025-06-19,UAE,email,True
C004536,2025-06-19,United States,referral,True
C004537,2025-06-19,India,instagram,True
C004538,2025-06-19,India,google_ads,True
C004539,2025-06-19,India,google_ads,True
C004540,2025-06-19,India,marketplace,True
C004541,2025-06-19,India,referral,False
C004542,2025-06-19,Germany,organic,False
C004543,2025-06-19,United Kingdom,organic,False
C004544,2025-06-19,United States,email,True
C004545,2025-06-19,Australia,email,False
C004546,2025-06-20,India,marketplace,True
C004547,2025-06-20,India,google_ads,False
C004548,2025-06-20,India,referral,False
C004549,2025-06-20,United States,organic,True
C004550,2025-06-20,India,organic,True
C004551,2025-06-20,India,google_ads,True
C004552,2025-06-20,United Kingdom,google_ads,True
C004553,2025-06-20,India,instagram,True
C004554,2025-06-20,India,organic,False
C004555,2025-06-20,India,instagram,True
C004556,2025-06-20,Japan,referral,True
C004557,2025-06-20,United States,organic,True
C004558,2025-06-21,Japan,instagram,True
C004559,2025-06-21,Germany,instagram,True
C004560,2025-06-21,India,referral,True
C004561,2025-06-21,Canada,organic,True
C004562,2025-06-21,India,marketplace,True
C004563,2025-06-21,UAE,instagram,True
C004564,2025-06-21,United States,instagram,True
C004565,2025-06-21,India,instagram,True
C004566,2025-06-21,UAE,organic,True
C004567,2025-06-21,India,organic,False
C004568,2025-06-21,United States,organic,False
C004569,2025-06-21,India,organic,False
C004570,2025-06-21,United States,instagram,True
C004571,2025-06-21,United Kingdom,instagram,False
C004572,2025-06-22,India,organic,True
C004573,2025-06-22,Australia,google_ads,False
C004574,2025-06-22,India,organic,False
C004575,2025-06-22,India,email,True
C004576,2025-06-22,India,google_ads,False
C004577,2025-06-22,UAE,referral,False
C004578,2025-06-22,United States,organic,True
C004579,2025-06-22,India,instagram,True
C004580,2025-06-22,United Kingdom,organic,True
C004581,2025-06-22,India,google_ads,True
C004582,2025-06-22,Japan,organic,True
C004583,2025-06-22,India,referral,False
C004584,2025-06-22,India,google_ads,False
C004585,2025-06-22,India,google_ads,False
C004586,2025-06-22,India,organic,False
C004587,2025-06-22,Japan,instagram,True
C004588,2025-06-22,India,email,True
C004589,2025-06-22,Japan,email,True
C004590,2025-06-22,India,organic,False
C004591,2025-06-22,United States,organic,True
C004592,2025-06-22,India,organic,False
C004593,2025-06-22,UAE,google_ads,True
C004594,2025-06-22,India,instagram,True
C004595,2025-06-23,India,instagram,True
C004596,2025-06-23,Australia,instagram,False
C004597,2025-06-23,United States,organic,False
C004598,2025-06-23,Germany,google_ads,True
C004599,2025-06-23,India,instagram,True
C004600,2025-06-23,India,referral,True
C004601,2025-06-23,India,organic,False
C004602,2025-06-23,India,organic,True
C004603,2025-06-23,India,google_ads,False
C004604,2025-06-23,India,organic,True
C004605,2025-06-24,India,organic,False
C004606,2025-06-24,India,google_ads,True
C004607,2025-06-24,United States,organic,False
C004608,2025-06-24,India,google_ads,False
C004609,2025-06-24,Canada,organic,True
C004610,2025-06-24,India,instagram,True
C004611,2025-06-24,India,organic,False
C004612,2025-06-24,India,google_ads,True
C004613,2025-06-24,India,referral,False
C004614,2025-06-24,India,marketplace,True
C004615,2025-06-24,India,google_ads,False
C004616,2025-06-24,India,organic,True
C004617,2025-06-24,Canada,organic,False
C004618,2025-06-24,India,organic,False
C004619,2025-06-24,India,instagram,True
C004620,2025-06-24,United States,instagram,True
C004621,2025-06-24,India,organic,True
C004622,2025-06-24,India,email,True
C004623,2025-06-24,India,organic,True
C004624,2025-06-25,Canada,instagram,False
C004625,2025-06-25,United States,instagram,False
C004626,2025-06-25,India,instagram,True
C004627,2025-06-25,United Kingdom,instagram,False
C004628,2025-06-25,United States,marketplace,True
C004629,2025-06-25,India,instagram,False
C004630,2025-06-25,India,organic,False
C004631,2025-06-25,India,referral,False
C004632,2025-06-25,India,marketplace,False
C004633,2025-06-25,Canada,referral,True
C004634,2025-06-25,India,instagram,False
C004635,2025-06-25,India,organic,False
C004636,2025-06-25,India,organic,False
C004637,2025-06-26,United States,email,True
C004638,2025-06-26,United States,google_ads,True
C004639,2025-06-26,Germany,google_ads,True
C004640,2025-06-26,United Kingdom,email,False
C004641,2025-06-26,India,instagram,True
C004642,2025-06-26,United States,google_ads,True
C004643,2025-06-26,India,organic,False
C004644,2025-06-26,UAE,marketplace,False
C004645,2025-06-26,Australia,google_ads,True
C004646,2025-06-26,India,email,True
C004647,2025-06-26,Germany,marketplace,True
C004648,2025-06-26,United Kingdom,instagram,True
C004649,2025-06-27,India,referral,False
C004650,2025-06-27,India,google_ads,True
C004651,2025-06-27,India,google_ads,False
C004652,2025-06-27,India,marketplace,True
C004653,2025-06-27,India,instagram,False
C004654,2025-06-27,United States,google_ads,True
C004655,2025-06-27,India,marketplace,False
C004656,2025-06-27,India,marketplace,True
C004657,2025-06-27,India,instagram,True
C004658,2025-06-27,India,instagram,False
C004659,2025-06-27,India,instagram,True
C004660,2025-06-27,Canada,google_ads,True
C004661,2025-06-27,United States,marketplace,True
C004662,2025-06-27,Germany,instagram,False
C004663,2025-06-28,India,google_ads,False
C004664,2025-06-28,Japan,organic,False
C004665,2025-06-28,India,marketplace,False
C004666,2025-06-28,India,organic,False
C004667,2025-06-28,India,instagram,True
C004668,2025-06-28,India,referral,False
C004669,2025-06-28,Germany,google_ads,False
C004670,2025-06-28,UAE,google_ads,True
C004671,2025-06-28,United Kingdom,organic,True
C004672,2025-06-28,Canada,organic,True
C004673,2025-06-28,India,organic,True
C004674,2025-06-28,United States,organic,True
C004675,2025-06-28,UAE,google_ads,True
C004676,2025-06-28,India,google_ads,True
C004677,2025-06-29,United States,google_ads,True
C004678,2025-06-29,India,instagram,True
C004679,2025-06-29,India,google_ads,False
C004680,2025-06-29,Japan,referral,False
C004681,2025-06-29,United States,email,True
C004682,2025-06-29,India,marketplace,True
C004683,2025-06-29,United States,instagram,True
C004684,2025-06-29,India,google_ads,True
C004685,2025-06-29,Australia,google_ads,True
C004686,2025-06-29,India,instagram,True
C004687,2025-06-29,United Kingdom,organic,False
C004688,2025-06-29,India,marketplace,True
C004689,2025-06-29,United States,referral,True
C004690,2025-06-29,India,organic,True
C004691,2025-06-29,India,organic,True
C004692,2025-06-29,India,organic,True
C004693,2025-06-30,India,google_ads,True
C004694,2025-06-30,India,instagram,False
C004695,2025-06-30,Japan,instagram,True
C004696,2025-06-30,India,organic,True
C004697,2025-06-30,United States,google_ads,True
C004698,2025-06-30,United States,instagram,False
C004699,2025-06-30,United States,organic,True
C004700,2025-06-30,United States,referral,True
C004701,2025-06-30,India,marketplace,True
C004702,2025-06-30,India,marketplace,False
C004703,2025-06-30,India,referral,True
C004704,2025-06-30,United States,marketplace,True
C004705,2025-06-30,India,organic,True
C004706,2025-06-30,United States,instagram,True
C004707,2025-06-30,India,organic,True
C004708,2025-06-30,India,marketplace,False
C004709,2025-07-01,Germany,organic,False
C004710,2025-07-01,UAE,organic,False
C004711,2025-07-01,Canada,google_ads,True
C004712,2025-07-01,India,organic,True
C004713,2025-07-01,India,instagram,True
C004714,2025-07-01,United Kingdom,google_ads,True
C004715,2025-07-01,Japan,organic,False
C004716,2025-07-01,India,instagram,True
C004717,2025-07-01,India,instagram,True
C004718,2025-07-01,Australia,google_ads,True
C004719,2025-07-01,India,marketplace,True
C004720,2025-07-01,India,marketplace,True
C004721,2025-07-01,India,instagram,True
C004722,2025-07-02,United Kingdom,organic,True
C004723,2025-07-02,India,google_ads,False
C004724,2025-07-02,Australia,instagram,False
C004725,2025-07-02,India,google_ads,False
C004726,2025-07-02,United Kingdom,referral,True
C004727,2025-07-02,United States,referral,True
C004728,2025-07-02,India,organic,False
C004729,2025-07-02,United Kingdom,google_ads,False
C004730,2025-07-02,Germany,instagram,True
C004731,2025-07-02,India,instagram,True
C004732,2025-07-02,India,instagram,True
C004733,2025-07-02,India,organic,True
C004734,2025-07-02,India,organic,True
C004735,2025-07-03,India,instagram,False
C004736,2025-07-03,United States,marketplace,False
C004737,2025-07-03,UAE,organic,True
C004738,2025-07-03,United States,marketplace,True
C004739,2025-07-03,India,referral,False
C004740,2025-07-03,Japan,instagram,True
C004741,2025-07-03,India,organic,True
C004742,2025-07-03,India,instagram,True
C004743,2025-07-03,India,marketplace,True
C004744,2025-07-03,United Kingdom,organic,True
C004745,2025-07-03,United States,marketplace,True
C004746,2025-07-03,India,instagram,True
C004747,2025-07-03,United Kingdom,email,True
C004748,2025-07-03,India,organic,False
C004749,2025-07-04,Australia,google_ads,True
C004750,2025-07-04,UAE,google_ads,True
C004751,2025-07-04,India,instagram,False
C004752,2025-07-04,Germany,google_ads,False
C004753,2025-07-04,India,marketplace,False
C004754,2025-07-04,India,instagram,True
C004755,2025-07-04,India,google_ads,True
C004756,2025-07-04,India,referral,True
C004757,2025-07-04,India,instagram,False
C004758,2025-07-04,Canada,organic,False
C004759,2025-07-04,India,organic,False
C004760,2025-07-04,United States,referral,True
C004761,2025-07-04,India,organic,False
C004762,2025-07-04,India,instagram,True
C004763,2025-07-04,United States,instagram,False
C004764,2025-07-05,United States,instagram,True
C004765,2025-07-05,Germany,google_ads,True
C004766,2025-07-05,Japan,referral,False
C004767,2025-07-05,United States,instagram,True
C004768,2025-07-05,India,organic,False
C004769,2025-07-05,India,instagram,True
C004770,2025-07-05,India,marketplace,True
C004771,2025-07-05,United States,instagram,False
C004772,2025-07-05,India,organic,False
C004773,2025-07-05,United Kingdom,marketplace,True
C004774,2025-07-05,Canada,organic,False
C004775,2025-07-05,Canada,organic,False
C004776,2025-07-05,India,organic,True
C004777,2025-07-05,India,referral,False
C004778,2025-07-06,United States,instagram,True
C004779,2025-07-06,UAE,marketplace,True
C004780,2025-07-06,Germany,google_ads,False
C004781,2025-07-06,United States,referral,False
C004782,2025-07-06,India,marketplace,True
C004783,2025-07-06,United States,organic,False
C004784,2025-07-06,India,google_ads,False
C004785,2025-07-06,UAE,referral,True
C004786,2025-07-06,United States,instagram,False
C004787,2025-07-06,Australia,marketplace,False
C004788,2025-07-06,India,instagram,True
C004789,2025-07-06,India,instagram,False
C004790,2025-07-06,India,instagram,True
C004791,2025-07-07,India,instagram,False
C004792,2025-07-07,India,instagram,True
C004793,2025-07-07,United States,marketplace,True
C004794,2025-07-07,United Kingdom,referral,True
C004795,2025-07-07,Germany,organic,True
C004796,2025-07-07,Japan,instagram,False
C004797,2025-07-07,United States,organic,True
C004798,2025-07-07,India,google_ads,False
C004799,2025-07-07,UAE,marketplace,True
C004800,2025-07-07,Japan,google_ads,True
C004801,2025-07-07,India,email,False
C004802,2025-07-07,India,google_ads,True
C004803,2025-07-08,India,google_ads,True
C004804,2025-07-08,Canada,organic,False
C004805,2025-07-08,Japan,marketplace,False
C004806,2025-07-08,Canada,google_ads,False
C004807,2025-07-08,United States,google_ads,True
C004808,2025-07-08,Germany,organic,True
C004809,2025-07-08,India,instagram,False
C004810,2025-07-08,United Kingdom,organic,True
C004811,2025-07-08,India,organic,False
C004812,2025-07-08,United States,marketplace,False
C004813,2025-07-08,India,instagram,True
C004814,2025-07-08,Canada,google_ads,False
C004815,2025-07-08,India,organic,True
C004816,2025-07-08,India,instagram,True
C004817,2025-07-08,India,organic,False
C004818,2025-07-09,India,google_ads,True
C004819,2025-07-09,United States,instagram,False
C004820,2025-07-09,India,instagram,True
C004821,2025-07-09,India,organic,True
C004822,2025-07-09,India,organic,True
C004823,2025-07-09,United Kingdom,organic,True
C004824,2025-07-09,India,organic,True
C004825,2025-07-09,Canada,organic,False
C004826,2025-07-09,India,instagram,True
C004827,2025-07-09,India,google_ads,True
C004828,2025-07-10,India,google_ads,True
C004829,2025-07-10,Japan,email,False
C004830,2025-07-10,Germany,organic,False
C004831,2025-07-10,United Kingdom,instagram,True
C004832,2025-07-10,India,instagram,False
C004833,2025-07-10,UAE,instagram,False
C004834,2025-07-10,United Kingdom,instagram,False
C004835,2025-07-10,Australia,google_ads,True
C004836,2025-07-10,Australia,organic,True
C004837,2025-07-10,United Kingdom,organic,True
C004838,2025-07-10,India,google_ads,True
C004839,2025-07-10,Germany,organic,True
C004840,2025-07-10,United States,google_ads,True
C004841,2025-07-10,India,organic,True
C004842,2025-07-10,United Kingdom,referral,True
C004843,2025-07-10,United Kingdom,email,False
C004844,2025-07-11,United States,organic,False
C004845,2025-07-11,India,google_ads,True
C004846,2025-07-11,India,organic,True
C004847,2025-07-11,India,organic,True
C004848,2025-07-11,Japan,instagram,True
C004849,2025-07-11,United States,organic,True
C004850,2025-07-11,India,referral,False
C004851,2025-07-11,India,referral,False
C004852,2025-07-11,India,organic,True
C004853,2025-07-11,India,instagram,False
C004854,2025-07-11,India,organic,True
C004855,2025-07-11,India,instagram,True
C004856,2025-07-12,India,organic,True
C004857,2025-07-12,India,instagram,True
C004858,2025-07-12,UAE,instagram,True
C004859,2025-07-12,India,organic,True
C004860,2025-07-12,India,instagram,True
C004861,2025-07-12,India,instagram,True
C004862,2025-07-12,United Kingdom,instagram,True
C004863,2025-07-12,India,instagram,False
C004864,2025-07-12,India,referral,True
C004865,2025-07-12,India,google_ads,True
C004866,2025-07-12,India,organic,True
C004867,2025-07-12,United Kingdom,organic,False
C004868,2025-07-12,India,marketplace,True
C004869,2025-07-12,India,instagram,False
C004870,2025-07-12,India,instagram,False
C004871,2025-07-12,India,instagram,True
C004872,2025-07-12,India,instagram,True
C004873,2025-07-12,India,instagram,False
C004874,2025-07-13,India,organic,False
C004875,2025-07-13,United States,organic,False
C004876,2025-07-13,Germany,organic,True
C004877,2025-07-13,United Kingdom,google_ads,True
C004878,2025-07-13,Australia,referral,False
C004879,2025-07-13,Canada,referral,False
C004880,2025-07-13,United Kingdom,instagram,False
C004881,2025-07-13,United States,email,False
C004882,2025-07-13,United States,google_ads,True
C004883,2025-07-13,India,organic,False
C004884,2025-07-13,United States,organic,False
C004885,2025-07-13,India,google_ads,True
C004886,2025-07-13,United Kingdom,google_ads,True
C004887,2025-07-14,UAE,instagram,False
C004888,2025-07-14,Japan,google_ads,True
C004889,2025-07-14,United States,instagram,True
C004890,2025-07-14,United States,email,True
C004891,2025-07-14,India,marketplace,True
C004892,2025-07-14,India,marketplace,True
C004893,2025-07-14,India,marketplace,True
C004894,2025-07-14,UAE,organic,True
C004895,2025-07-14,United States,instagram,True
C004896,2025-07-14,India,google_ads,True
C004897,2025-07-15,India,google_ads,True
C004898,2025-07-15,Australia,google_ads,True
C004899,2025-07-15,United States,marketplace,False
C004900,2025-07-15,UAE,referral,True
C004901,2025-07-15,India,marketplace,False
C004902,2025-07-15,United States,instagram,True
C004903,2025-07-15,Germany,referral,False
C004904,2025-07-15,Germany,instagram,False
C004905,2025-07-15,United States,instagram,False
C004906,2025-07-15,United States,organic,False
C004907,2025-07-15,Australia,referral,True
C004908,2025-07-15,India,organic,True
C004909,2025-07-15,United Kingdom,google_ads,False
C004910,2025-07-15,United Kingdom,email,False
C004911,2025-07-16,India,instagram,True
C004912,2025-07-16,India,google_ads,True
C004913,2025-07-16,United Kingdom,instagram,False
C004914,2025-07-16,United States,marketplace,False
C004915,2025-07-16,India,instagram,True
C004916,2025-07-16,UAE,instagram,False
C004917,2025-07-16,India,instagram,True
C004918,2025-07-16,United Kingdom,organic,False
C004919,2025-07-16,India,google_ads,False
C004920,2025-07-16,United Kingdom,organic,True
C004921,2025-07-16,India,organic,False
C004922,2025-07-16,United States,marketplace,True
C004923,2025-07-16,India,google_ads,False
C004924,2025-07-17,UAE,organic,False
C004925,2025-07-17,India,marketplace,False
C004926,2025-07-17,India,instagram,False
C004927,2025-07-17,India,marketplace,False
C004928,2025-07-17,United Kingdom,organic,True
C004929,2025-07-17,UAE,marketplace,True
C004930,2025-07-17,India,instagram,True
C004931,2025-07-17,United States,organic,True
C004932,2025-07-17,Japan,google_ads,True
C004933,2025-07-17,United States,google_ads,True
C004934,2025-07-17,United States,instagram,True
C004935,2025-07-17,India,marketplace,False
C004936,2025-07-17,India,instagram,True
C004937,2025-07-18,India,google_ads,True
C004938,2025-07-18,Germany,google_ads,True
C004939,2025-07-18,India,instagram,True
C004940,2025-07-18,India,referral,False
C004941,2025-07-18,Germany,google_ads,False
C004942,2025-07-18,India,organic,False
C004943,2025-07-18,India,organic,True
C004944,2025-07-18,United States,instagram,True
C004945,2025-07-18,Australia,marketplace,True
C004946,2025-07-18,India,organic,True
C004947,2025-07-18,India,google_ads,True
C004948,2025-07-18,United States,marketplace,False
C004949,2025-07-18,Australia,google_ads,False
C004950,2025-07-18,United Kingdom,marketplace,False
C004951,2025-07-18,India,referral,True
C004952,2025-07-18,India,instagram,False
C004953,2025-07-18,India,instagram,True
C004954,2025-07-18,India,instagram,True
C004955,2025-07-18,Japan,instagram,True
C004956,2025-07-19,United Kingdom,referral,True
C004957,2025-07-19,United Kingdom,google_ads,True
C004958,2025-07-19,India,google_ads,True
C004959,2025-07-19,India,marketplace,False
C004960,2025-07-19,India,referral,True
C004961,2025-07-19,Germany,email,False
C004962,2025-07-19,India,organic,False
C004963,2025-07-19,India,organic,True
C004964,2025-07-19,India,referral,True
C004965,2025-07-19,India,google_ads,True
C004966,2025-07-19,United States,instagram,False
C004967,2025-07-19,Canada,organic,True
C004968,2025-07-19,United Kingdom,instagram,True
C004969,2025-07-19,India,google_ads,True
C004970,2025-07-19,Canada,google_ads,True
C004971,2025-07-19,India,organic,True
C004972,2025-07-19,United States,instagram,True
C004973,2025-07-20,United Kingdom,organic,True
C004974,2025-07-20,India,google_ads,False
C004975,2025-07-20,India,marketplace,True
C004976,2025-07-20,Canada,organic,True
C004977,2025-07-20,United States,organic,False
C004978,2025-07-20,India,instagram,True
C004979,2025-07-20,India,marketplace,True
C004980,2025-07-20,United Kingdom,google_ads,False
C004981,2025-07-20,India,organic,False
C004982,2025-07-20,India,referral,True
C004983,2025-07-20,India,referral,False
C004984,2025-07-20,Germany,organic,False
C004985,2025-07-20,India,organic,True
C004986,2025-07-20,United States,instagram,True
C004987,2025-07-20,India,email,True
C004988,2025-07-21,India,organic,False
C004989,2025-07-21,India,google_ads,True
C004990,2025-07-21,United States,referral,False
C004991,2025-07-21,United States,google_ads,False
C004992,2025-07-21,Germany,organic,True
C004993,2025-07-21,India,google_ads,True
C004994,2025-07-21,India,organic,False
C004995,2025-07-21,UAE,organic,True
C004996,2025-07-21,India,organic,True
C004997,2025-07-21,India,email,True
C004998,2025-07-21,India,google_ads,True
C004999,2025-07-21,India,google_ads,False
C005000,2025-07-21,India,marketplace,False
C005001,2025-07-21,Canada,organic,True
C005002,2025-07-21,United Kingdom,instagram,True
C005003,2025-07-21,Australia,marketplace,False
C005004,2025-07-21,United Kingdom,organic,False
C005005,2025-07-21,United Kingdom,instagram,False
C005006,2025-07-21,Australia,google_ads,True
C005007,2025-07-21,Japan,organic,True
C005008,2025-07-21,United States,instagram,False
C005009,2025-07-21,Germany,organic,True
C005010,2025-07-21,United States,instagram,True
C005011,2025-07-22,India,google_ads,False
C005012,2025-07-22,UAE,referral,False
C005013,2025-07-22,India,organic,True
C005014,2025-07-22,United States,referral,False
C005015,2025-07-22,India,organic,True
C005016,2025-07-22,India,organic,True
C005017,2025-07-22,India,organic,False
C005018,2025-07-22,Japan,google_ads,True
C005019,2025-07-22,India,google_ads,False
C005020,2025-07-22,United States,organic,True
C005021,2025-07-22,India,referral,True
C005022,2025-07-23,United Kingdom,marketplace,False
C005023,2025-07-23,India,organic,True
C005024,2025-07-23,India,instagram,True
C005025,2025-07-23,India,organic,False
C005026,2025-07-23,India,instagram,True
C005027,2025-07-23,Japan,instagram,False
C005028,2025-07-23,India,google_ads,True
C005029,2025-07-23,Japan,instagram,True
C005030,2025-07-23,India,organic,True
C005031,2025-07-23,India,organic,True
C005032,2025-07-23,India,organic,False
C005033,2025-07-23,India,instagram,False
C005034,2025-07-23,India,email,True
C005035,2025-07-24,Japan,google_ads,False
C005036,2025-07-24,United States,instagram,True
C005037,2025-07-24,United States,organic,True
C005038,2025-07-24,Germany,instagram,True
C005039,2025-07-24,United Kingdom,organic,True
C005040,2025-07-24,United States,organic,False
C005041,2025-07-24,United States,google_ads,False
C005042,2025-07-24,Japan,google_ads,True
C005043,2025-07-24,United Kingdom,marketplace,True
C005044,2025-07-24,India,referral,True
C005045,2025-07-24,Australia,instagram,True
C005046,2025-07-24,Canada,organic,True
C005047,2025-07-24,India,organic,True
C005048,2025-07-24,India,instagram,True
C005049,2025-07-24,United States,email,True
C005050,2025-07-24,United Kingdom,organic,True
C005051,2025-07-24,Canada,google_ads,True
C005052,2025-07-24,Japan,organic,True
C005053,2025-07-25,Germany,organic,True
C005054,2025-07-25,India,marketplace,True
C005055,2025-07-25,India,referral,False
C005056,2025-07-25,India,marketplace,False
C005057,2025-07-25,UAE,email,True
C005058,2025-07-25,United States,organic,True
C005059,2025-07-25,Germany,google_ads,False
C005060,2025-07-25,Canada,marketplace,False
C005061,2025-07-25,India,referral,True
C005062,2025-07-25,United Kingdom,instagram,True
C005063,2025-07-25,India,email,False
C005064,2025-07-25,India,instagram,False
C005065,2025-07-25,United Kingdom,instagram,True
C005066,2025-07-25,United Kingdom,instagram,False
C005067,2025-07-25,United Kingdom,email,False
C005068,2025-07-25,Canada,google_ads,False
C005069,2025-07-25,Germany,organic,True
C005070,2025-07-25,India,google_ads,False
C005071,2025-07-26,India,instagram,False
C005072,2025-07-26,UAE,marketplace,True
C005073,2025-07-26,India,marketplace,False
C005074,2025-07-26,India,organic,True
C005075,2025-07-26,United States,referral,True
C005076,2025-07-26,Canada,organic,True
C005077,2025-07-26,United Kingdom,google_ads,True
C005078,2025-07-26,United States,instagram,True
C005079,2025-07-26,India,organic,False
C005080,2025-07-26,India,organic,True
C005081,2025-07-26,India,organic,True
C005082,2025-07-26,India,instagram,False
C005083,2025-07-27,India,instagram,False
C005084,2025-07-27,United States,organic,True
C005085,2025-07-27,India,instagram,True
C005086,2025-07-27,India,google_ads,True
C005087,2025-07-27,India,organic,True
C005088,2025-07-27,United States,organic,True
C005089,2025-07-27,India,instagram,True
C005090,2025-07-27,India,marketplace,False
C005091,2025-07-27,India,email,True
C005092,2025-07-27,United States,organic,True
C005093,2025-07-27,India,instagram,True
C005094,2025-07-27,India,referral,False
C005095,2025-07-27,Canada,instagram,False
C005096,2025-07-27,India,referral,True
C005097,2025-07-28,India,google_ads,False
C005098,2025-07-28,UAE,organic,False
C005099,2025-07-28,Germany,instagram,True
C005100,2025-07-28,India,instagram,False
C005101,2025-07-28,India,instagram,True
C005102,2025-07-28,United States,instagram,True
C005103,2025-07-28,India,instagram,False
C005104,2025-07-28,Australia,organic,False
C005105,2025-07-28,United States,email,False
C005106,2025-07-28,India,google_ads,True
C005107,2025-07-28,India,google_ads,True
C005108,2025-07-28,United Kingdom,organic,True
C005109,2025-07-28,India,instagram,True
C005110,2025-07-28,United Kingdom,marketplace,True
C005111,2025-07-28,India,google_ads,True
C005112,2025-07-29,India,organic,True
C005113,2025-07-29,India,organic,True
C005114,2025-07-29,India,google_ads,True
C005115,2025-07-29,India,instagram,True
C005116,2025-07-29,United Kingdom,instagram,True
C005117,2025-07-29,India,email,True
C005118,2025-07-29,United States,organic,False
C005119,2025-07-29,United Kingdom,instagram,False
C005120,2025-07-29,India,google_ads,True
C005121,2025-07-29,India,referral,False
C005122,2025-07-29,India,organic,True
C005123,2025-07-29,India,email,True
C005124,2025-07-29,Australia,organic,True
C005125,2025-07-30,Japan,instagram,True
C005126,2025-07-30,India,organic,False
C005127,2025-07-30,Japan,organic,True
C005128,2025-07-30,United States,organic,True
C005129,2025-07-30,India,organic,False
C005130,2025-07-30,India,instagram,True
C005131,2025-07-30,India,instagram,True
C005132,2025-07-30,India,organic,True
C005133,2025-07-30,United States,google_ads,False
C005134,2025-07-30,United Kingdom,instagram,True
C005135,2025-07-30,Canada,organic,False
C005136,2025-07-30,India,google_ads,True
C005137,2025-07-30,Germany,google_ads,True
C005138,2025-07-30,India,google_ads,True
C005139,2025-07-30,Germany,referral,True
C005140,2025-07-30,India,organic,False
C005141,2025-07-30,Canada,referral,False
C005142,2025-07-30,Australia,instagram,True
C005143,2025-07-31,India,organic,False
C005144,2025-07-31,India,google_ads,True
C005145,2025-07-31,Australia,instagram,True
C005146,2025-07-31,India,instagram,False
C005147,2025-07-31,India,google_ads,False
C005148,2025-07-31,India,google_ads,True
C005149,2025-07-31,India,organic,True
C005150,2025-07-31,Germany,instagram,True
C005151,2025-08-01,India,referral,True
C005152,2025-08-01,India,google_ads,False
C005153,2025-08-01,India,google_ads,False
C005154,2025-08-01,India,instagram,True
C005155,2025-08-01,India,instagram,True
C005156,2025-08-01,Japan,google_ads,True
C005157,2025-08-01,India,google_ads,True
C005158,2025-08-01,India,organic,True
C005159,2025-08-01,India,email,False
C005160,2025-08-01,Germany,google_ads,False
C005161,2025-08-01,India,organic,False
C005162,2025-08-01,Canada,referral,False
C005163,2025-08-01,United States,organic,False
C005164,2025-08-02,United States,instagram,True
C005165,2025-08-02,India,marketplace,False
C005166,2025-08-02,India,marketplace,False
C005167,2025-08-02,India,google_ads,True
C005168,2025-08-02,United Kingdom,instagram,True
C005169,2025-08-02,Australia,organic,False
C005170,2025-08-02,India,referral,True
C005171,2025-08-02,United States,referral,False
C005172,2025-08-02,India,google_ads,True
C005173,2025-08-02,United States,organic,True
C005174,2025-08-02,United Kingdom,referral,True
C005175,2025-08-02,India,instagram,False
C005176,2025-08-02,India,organic,True
C005177,2025-08-02,United Kingdom,instagram,False
C005178,2025-08-02,United States,instagram,False
C005179,2025-08-03,Japan,organic,False
C005180,2025-08-03,Australia,instagram,True
C005181,2025-08-03,Japan,marketplace,False
C005182,2025-08-03,Canada,instagram,True
C005183,2025-08-03,India,google_ads,False
C005184,2025-08-03,India,instagram,True
C005185,2025-08-03,Australia,organic,True
C005186,2025-08-03,India,organic,True
C005187,2025-08-03,India,organic,False
C005188,2025-08-03,India,instagram,True
C005189,2025-08-03,Germany,marketplace,True
C005190,2025-08-03,Australia,organic,True
C005191,2025-08-03,United States,organic,False
C005192,2025-08-03,India,organic,True
C005193,2025-08-03,United States,organic,True
C005194,2025-08-03,India,instagram,True
C005195,2025-08-03,India,marketplace,False
C005196,2025-08-03,India,instagram,True
C005197,2025-08-04,India,organic,True
C005198,2025-08-04,India,instagram,True
C005199,2025-08-04,United Kingdom,marketplace,True
C005200,2025-08-04,India,marketplace,False
C005201,2025-08-04,India,referral,False
C005202,2025-08-04,Australia,marketplace,True
C005203,2025-08-04,India,instagram,False
C005204,2025-08-04,India,referral,True
C005205,2025-08-04,United States,referral,True
C005206,2025-08-04,India,organic,True
C005207,2025-08-04,India,google_ads,True
C005208,2025-08-05,United Kingdom,google_ads,False
C005209,2025-08-05,India,organic,False
C005210,2025-08-05,India,google_ads,True
C005211,2025-08-05,India,marketplace,True
C005212,2025-08-05,India,google_ads,True
C005213,2025-08-05,India,organic,True
C005214,2025-08-05,India,organic,False
C005215,2025-08-05,United Kingdom,organic,True
C005216,2025-08-05,United States,organic,True
C005217,2025-08-05,India,instagram,False
C005218,2025-08-06,India,organic,False
C005219,2025-08-06,India,referral,True
C005220,2025-08-06,India,google_ads,True
C005221,2025-08-06,India,marketplace,True
C005222,2025-08-06,United Kingdom,google_ads,True
C005223,2025-08-06,India,email,False
C005224,2025-08-06,United Kingdom,google_ads,False
C005225,2025-08-06,United States,instagram,True
C005226,2025-08-06,India,marketplace,True
C005227,2025-08-06,United States,instagram,True
C005228,2025-08-06,United Kingdom,instagram,True
C005229,2025-08-06,India,google_ads,False
C005230,2025-08-07,United States,email,True
C005231,2025-08-07,United States,instagram,True
C005232,2025-08-07,India,instagram,True
C005233,2025-08-07,India,instagram,True
C005234,2025-08-07,India,google_ads,True
C005235,2025-08-07,India,marketplace,False
C005236,2025-08-07,United States,google_ads,True
C005237,2025-08-07,India,organic,True
C005238,2025-08-07,India,google_ads,False
C005239,2025-08-08,United Kingdom,organic,True
C005240,2025-08-08,India,google_ads,True
C005241,2025-08-08,India,instagram,False
C005242,2025-08-08,India,instagram,True
C005243,2025-08-08,India,organic,False
C005244,2025-08-08,India,google_ads,False
C005245,2025-08-08,India,organic,False
C005246,2025-08-08,United States,marketplace,True
C005247,2025-08-08,Australia,google_ads,True
C005248,2025-08-08,United States,organic,False
C005249,2025-08-08,India,referral,False
C005250,2025-08-08,United States,instagram,False
C005251,2025-08-08,United States,instagram,True
C005252,2025-08-08,United Kingdom,google_ads,True
C005253,2025-08-09,Japan,marketplace,True
C005254,2025-08-09,India,organic,True
C005255,2025-08-09,India,instagram,False
C005256,2025-08-09,India,instagram,False
C005257,2025-08-09,Australia,referral,True
C005258,2025-08-09,United States,email,True
C005259,2025-08-09,India,organic,True
C005260,2025-08-09,United States,google_ads,False
C005261,2025-08-09,United Kingdom,referral,False
C005262,2025-08-09,Canada,instagram,True
C005263,2025-08-09,Japan,referral,False
C005264,2025-08-09,India,organic,True
C005265,2025-08-09,Germany,marketplace,True
C005266,2025-08-09,India,google_ads,True
C005267,2025-08-09,India,organic,True
C005268,2025-08-10,India,organic,False
C005269,2025-08-10,India,google_ads,False
C005270,2025-08-10,India,organic,False
C005271,2025-08-10,United States,marketplace,False
C005272,2025-08-10,India,google_ads,False
C005273,2025-08-10,India,google_ads,True
C005274,2025-08-10,Germany,google_ads,False
C005275,2025-08-10,India,google_ads,False
C005276,2025-08-10,India,instagram,True
C005277,2025-08-10,India,google_ads,True
C005278,2025-08-11,UAE,organic,False
C005279,2025-08-11,India,google_ads,True
C005280,2025-08-11,India,organic,True
C005281,2025-08-11,Germany,organic,True
C005282,2025-08-11,United States,organic,True
C005283,2025-08-11,United States,organic,True
C005284,2025-08-11,India,google_ads,True
C005285,2025-08-11,India,google_ads,True
C005286,2025-08-11,United States,instagram,False
C005287,2025-08-11,United Kingdom,organic,False
C005288,2025-08-11,Germany,google_ads,True
C005289,2025-08-11,United Kingdom,google_ads,False
C005290,2025-08-11,India,marketplace,True
C005291,2025-08-11,United States,google_ads,False
C005292,2025-08-11,India,organic,False
C005293,2025-08-12,UAE,instagram,True
C005294,2025-08-12,Germany,google_ads,True
C005295,2025-08-12,India,instagram,True
C005296,2025-08-12,India,organic,False
C005297,2025-08-12,India,organic,True
C005298,2025-08-12,India,organic,True
C005299,2025-08-12,Germany,organic,False
C005300,2025-08-12,India,instagram,False
C005301,2025-08-12,Japan,organic,False
C005302,2025-08-12,India,instagram,True
C005303,2025-08-12,India,marketplace,False
C005304,2025-08-12,India,referral,True
C005305,2025-08-12,United Kingdom,google_ads,True
C005306,2025-08-13,India,organic,False
C005307,2025-08-13,United Kingdom,organic,True
C005308,2025-08-13,Germany,google_ads,True
C005309,2025-08-13,United Kingdom,organic,False
C005310,2025-08-13,Australia,organic,True
C005311,2025-08-13,India,google_ads,False
C005312,2025-08-13,United Kingdom,google_ads,False
C005313,2025-08-13,United Kingdom,instagram,True
C005314,2025-08-13,India,google_ads,True
C005315,2025-08-13,India,organic,False
C005316,2025-08-13,Australia,google_ads,True
C005317,2025-08-13,UAE,email,True
C005318,2025-08-13,Australia,organic,True
C005319,2025-08-13,India,instagram,False
C005320,2025-08-13,India,instagram,False
C005321,2025-08-13,United States,google_ads,True
C005322,2025-08-13,United States,google_ads,False
C005323,2025-08-13,Germany,organic,False
C005324,2025-08-13,India,instagram,True
C005325,2025-08-14,Germany,google_ads,True
C005326,2025-08-14,Japan,marketplace,False
C005327,2025-08-14,UAE,instagram,True
C005328,2025-08-14,Australia,referral,True
C005329,2025-08-14,UAE,marketplace,False
C005330,2025-08-14,India,organic,True
C005331,2025-08-14,United States,email,True
C005332,2025-08-14,India,instagram,True
C005333,2025-08-14,India,instagram,True
C005334,2025-08-14,India,instagram,False
C005335,2025-08-14,India,organic,False
C005336,2025-08-15,India,google_ads,True
C005337,2025-08-15,India,google_ads,False
C005338,2025-08-15,India,organic,False
C005339,2025-08-15,Germany,google_ads,True
C005340,2025-08-15,India,google_ads,True
C005341,2025-08-15,Germany,referral,False
C005342,2025-08-15,Australia,marketplace,True
C005343,2025-08-15,United States,organic,False
C005344,2025-08-15,India,instagram,False
C005345,2025-08-15,United States,organic,True
C005346,2025-08-15,India,google_ads,False
C005347,2025-08-16,India,email,False
C005348,2025-08-16,Australia,marketplace,False
C005349,2025-08-16,Japan,instagram,False
C005350,2025-08-16,United States,instagram,False
C005351,2025-08-16,India,organic,False
C005352,2025-08-16,United Kingdom,referral,False
C005353,2025-08-16,United States,marketplace,True
C005354,2025-08-16,India,google_ads,False
C005355,2025-08-16,India,organic,True
C005356,2025-08-16,United States,instagram,True
C005357,2025-08-16,United States,google_ads,False
C005358,2025-08-16,Australia,google_ads,False
C005359,2025-08-16,India,marketplace,False
C005360,2025-08-16,India,organic,True
C005361,2025-08-16,India,google_ads,False
C005362,2025-08-16,India,instagram,False
C005363,2025-08-16,United Kingdom,marketplace,False
C005364,2025-08-16,India,email,True
C005365,2025-08-16,United States,organic,False
C005366,2025-08-17,India,organic,True
C005367,2025-08-17,India,instagram,False
C005368,2025-08-17,United Kingdom,instagram,False
C005369,2025-08-17,India,instagram,False
C005370,2025-08-17,India,google_ads,False
C005371,2025-08-17,Germany,organic,True
C005372,2025-08-17,India,google_ads,False
C005373,2025-08-17,India,organic,True
C005374,2025-08-17,United Kingdom,google_ads,False
C005375,2025-08-17,United States,organic,True
C005376,2025-08-17,India,organic,True
C005377,2025-08-17,India,organic,True
C005378,2025-08-17,India,organic,False
C005379,2025-08-17,Germany,organic,True
C005380,2025-08-18,India,organic,True
C005381,2025-08-18,UAE,organic,True
C005382,2025-08-18,United States,organic,False
C005383,2025-08-18,United States,instagram,True
C005384,2025-08-18,Germany,marketplace,True
C005385,2025-08-18,India,referral,True
C005386,2025-08-18,India,referral,False
C005387,2025-08-18,United States,marketplace,True
C005388,2025-08-18,United States,referral,True
C005389,2025-08-18,United Kingdom,instagram,False
C005390,2025-08-18,India,organic,True
C005391,2025-08-18,India,organic,True
C005392,2025-08-18,India,organic,True
C005393,2025-08-18,India,instagram,True
C005394,2025-08-18,Australia,email,False
C005395,2025-08-19,India,instagram,True
C005396,2025-08-19,Canada,google_ads,False
C005397,2025-08-19,India,organic,False
C005398,2025-08-19,United States,instagram,True
C005399,2025-08-19,India,google_ads,False
C005400,2025-08-19,Japan,instagram,True
C005401,2025-08-19,Japan,referral,True
C005402,2025-08-19,India,marketplace,True
C005403,2025-08-19,United States,instagram,True
C005404,2025-08-19,United States,marketplace,False
C005405,2025-08-19,India,instagram,False
C005406,2025-08-19,India,organic,True
C005407,2025-08-19,India,referral,True
C005408,2025-08-19,Japan,organic,True
C005409,2025-08-19,United Kingdom,instagram,False
C005410,2025-08-19,India,referral,False
C005411,2025-08-19,Canada,instagram,False
C005412,2025-08-19,India,organic,False
C005413,2025-08-19,India,referral,True
C005414,2025-08-20,India,organic,False
C005415,2025-08-20,India,organic,True
C005416,2025-08-20,India,marketplace,False
C005417,2025-08-20,Japan,organic,False
C005418,2025-08-20,India,instagram,True
C005419,2025-08-20,Germany,instagram,False
C005420,2025-08-20,India,organic,True
C005421,2025-08-20,United States,referral,True
C005422,2025-08-20,India,instagram,True
C005423,2025-08-20,Germany,instagram,False
C005424,2025-08-20,India,marketplace,True
C005425,2025-08-20,India,referral,False
C005426,2025-08-20,UAE,marketplace,False
C005427,2025-08-20,United States,marketplace,True
C005428,2025-08-20,India,marketplace,True
C005429,2025-08-21,India,instagram,True
C005430,2025-08-21,United Kingdom,organic,False
C005431,2025-08-21,United States,instagram,False
C005432,2025-08-21,United Kingdom,instagram,True
C005433,2025-08-21,United States,referral,False
C005434,2025-08-21,India,organic,True
C005435,2025-08-21,United States,referral,True
C005436,2025-08-21,India,instagram,True
C005437,2025-08-21,India,referral,True
C005438,2025-08-21,India,marketplace,True
C005439,2025-08-21,United States,organic,True
C005440,2025-08-21,India,organic,False
C005441,2025-08-21,Germany,google_ads,True
C005442,2025-08-21,India,instagram,True
C005443,2025-08-21,India,instagram,True
C005444,2025-08-22,India,instagram,False
C005445,2025-08-22,India,instagram,True
C005446,2025-08-22,Germany,instagram,True
C005447,2025-08-22,India,referral,True
C005448,2025-08-22,Canada,instagram,True
C005449,2025-08-22,United States,instagram,False
C005450,2025-08-22,India,instagram,False
C005451,2025-08-22,India,instagram,True
C005452,2025-08-22,India,instagram,True
C005453,2025-08-22,Japan,marketplace,False
C005454,2025-08-23,India,organic,False
C005455,2025-08-23,India,instagram,False
C005456,2025-08-23,Germany,google_ads,False
C005457,2025-08-23,Australia,google_ads,True
C005458,2025-08-23,India,organic,True
C005459,2025-08-23,Germany,organic,False
C005460,2025-08-23,India,referral,True
C005461,2025-08-23,Canada,instagram,True
C005462,2025-08-23,India,referral,False
C005463,2025-08-23,India,organic,True
C005464,2025-08-23,India,google_ads,False
C005465,2025-08-23,India,organic,True
C005466,2025-08-23,United Kingdom,marketplace,True
C005467,2025-08-23,United States,organic,True
C005468,2025-08-23,UAE,marketplace,False
C005469,2025-08-23,India,referral,True
C005470,2025-08-23,India,instagram,False
C005471,2025-08-23,United States,google_ads,True
C005472,2025-08-23,Japan,instagram,True
C005473,2025-08-24,Germany,instagram,True
C005474,2025-08-24,United States,organic,False
C005475,2025-08-24,India,organic,False
C005476,2025-08-24,India,email,False
C005477,2025-08-24,United States,instagram,True
C005478,2025-08-24,India,organic,True
C005479,2025-08-24,Canada,google_ads,False
C005480,2025-08-24,India,organic,True
C005481,2025-08-24,India,organic,False
C005482,2025-08-24,India,google_ads,True
C005483,2025-08-24,United States,google_ads,True
C005484,2025-08-24,Japan,email,False
C005485,2025-08-24,India,email,True
C005486,2025-08-24,UAE,instagram,False
C005487,2025-08-24,India,instagram,False
C005488,2025-08-24,India,organic,False
C005489,2025-08-24,India,google_ads,True
C005490,2025-08-24,Australia,instagram,False
C005491,2025-08-25,Canada,organic,True
C005492,2025-08-25,Germany,instagram,False
C005493,2025-08-25,United States,referral,False
C005494,2025-08-25,UAE,marketplace,False
C005495,2025-08-25,Germany,referral,False
C005496,2025-08-25,India,instagram,False
C005497,2025-08-25,India,organic,True
C005498,2025-08-25,India,organic,True
C005499,2025-08-25,United States,google_ads,True
C005500,2025-08-25,India,google_ads,True
C005501,2025-08-25,United States,instagram,True
C005502,2025-08-25,United States,marketplace,False
C005503,2025-08-25,United States,instagram,False
C005504,2025-08-25,India,organic,False
C005505,2025-08-25,India,organic,False
C005506,2025-08-26,Japan,instagram,True
C005507,2025-08-26,United States,referral,True
C005508,2025-08-26,United Kingdom,google_ads,True
C005509,2025-08-26,India,google_ads,True
C005510,2025-08-26,United States,organic,True
C005511,2025-08-26,India,referral,False
C005512,2025-08-26,India,organic,True
C005513,2025-08-26,Germany,instagram,True
C005514,2025-08-26,Japan,referral,True
C005515,2025-08-26,United States,instagram,False
C005516,2025-08-26,United States,email,False
C005517,2025-08-26,India,instagram,False
C005518,2025-08-26,India,organic,False
C005519,2025-08-26,India,organic,True
C005520,2025-08-26,India,instagram,True
C005521,2025-08-26,India,referral,True
C005522,2025-08-26,India,instagram,False
C005523,2025-08-26,Germany,marketplace,True
C005524,2025-08-26,Japan,instagram,True
C005525,2025-08-27,United States,marketplace,True
C005526,2025-08-27,India,instagram,False
C005527,2025-08-27,Japan,google_ads,True
C005528,2025-08-27,India,instagram,True
C005529,2025-08-27,India,instagram,True
C005530,2025-08-27,India,referral,True
C005531,2025-08-27,United States,organic,True
C005532,2025-08-27,India,organic,True
C005533,2025-08-27,United Kingdom,google_ads,False
C005534,2025-08-27,India,google_ads,True
C005535,2025-08-27,Japan,google_ads,True
C005536,2025-08-27,UAE,instagram,True
C005537,2025-08-27,United Kingdom,organic,True
C005538,2025-08-28,United States,google_ads,True
C005539,2025-08-28,India,google_ads,False
C005540,2025-08-28,Canada,instagram,True
C005541,2025-08-28,India,organic,False
C005542,2025-08-28,India,referral,True
C005543,2025-08-28,India,google_ads,True
C005544,2025-08-28,India,marketplace,True
C005545,2025-08-28,India,google_ads,True
C005546,2025-08-28,India,instagram,True
C005547,2025-08-28,UAE,instagram,True
C005548,2025-08-28,India,google_ads,True
C005549,2025-08-28,India,instagram,False
C005550,2025-08-28,UAE,organic,False
C005551,2025-08-28,India,google_ads,False
C005552,2025-08-28,India,organic,False
C005553,2025-08-28,Japan,instagram,True
C005554,2025-08-28,United States,google_ads,True
C005555,2025-08-28,United Kingdom,organic,True
C005556,2025-08-28,United States,organic,True
C005557,2025-08-28,India,organic,True
C005558,2025-08-28,India,google_ads,True
C005559,2025-08-29,United Kingdom,instagram,False
C005560,2025-08-29,India,organic,True
C005561,2025-08-29,India,google_ads,True
C005562,2025-08-29,India,instagram,True
C005563,2025-08-29,Australia,organic,True
C005564,2025-08-29,United States,instagram,True
C005565,2025-08-29,India,google_ads,False
C005566,2025-08-29,India,referral,False
C005567,2025-08-29,India,organic,True
C005568,2025-08-29,Japan,referral,False
C005569,2025-08-29,India,instagram,True
C005570,2025-08-29,United Kingdom,organic,False
C005571,2025-08-29,India,google_ads,False
C005572,2025-08-29,United States,organic,False
C005573,2025-08-29,Australia,google_ads,True
C005574,2025-08-29,United States,referral,False
C005575,2025-08-30,India,instagram,True
C005576,2025-08-30,United States,google_ads,True
C005577,2025-08-30,Germany,instagram,False
C005578,2025-08-30,Germany,instagram,True
C005579,2025-08-30,India,instagram,True
C005580,2025-08-30,Canada,instagram,True
C005581,2025-08-30,Germany,instagram,True
C005582,2025-08-30,India,organic,True
C005583,2025-08-30,United States,google_ads,True
C005584,2025-08-30,India,organic,False
C005585,2025-08-30,Japan,instagram,True
C005586,2025-08-30,Australia,marketplace,True
C005587,2025-08-30,India,instagram,True
C005588,2025-08-30,United Kingdom,instagram,True
C005589,2025-08-30,Australia,marketplace,True
C005590,2025-08-30,India,google_ads,True
C005591,2025-08-30,Germany,organic,True
C005592,2025-08-30,India,marketplace,False
C005593,2025-08-30,Australia,organic,True
C005594,2025-08-30,Germany,marketplace,True
C005595,2025-08-31,India,google_ads,True
C005596,2025-08-31,India,organic,True
C005597,2025-08-31,India,instagram,False
C005598,2025-08-31,Germany,email,False
C005599,2025-08-31,India,organic,True
C005600,2025-08-31,India,email,True
C005601,2025-08-31,United Kingdom,email,True
C005602,2025-08-31,Japan,google_ads,True
C005603,2025-08-31,India,instagram,True
C005604,2025-08-31,United States,organic,True
C005605,2025-08-31,India,referral,True
C005606,2025-09-01,United States,google_ads,True
C005607,2025-09-01,India,google_ads,True
C005608,2025-09-01,India,organic,False
C005609,2025-09-01,India,organic,False
C005610,2025-09-01,India,organic,True
C005611,2025-09-01,United Kingdom,organic,True
C005612,2025-09-01,United States,email,True
C005613,2025-09-01,Germany,google_ads,False
C005614,2025-09-01,India,email,True
C005615,2025-09-02,India,organic,False
C005616,2025-09-02,Germany,instagram,True
C005617,2025-09-02,India,instagram,True
C005618,2025-09-02,United Kingdom,referral,True
C005619,2025-09-02,India,organic,True
C005620,2025-09-02,United Kingdom,organic,True
C005621,2025-09-02,Canada,instagram,True
C005622,2025-09-02,Japan,instagram,True
C005623,2025-09-02,Canada,instagram,True
C005624,2025-09-02,United States,organic,True
C005625,2025-09-02,UAE,organic,True
C005626,2025-09-02,India,organic,True
C005627,2025-09-02,India,email,True
C005628,2025-09-02,United States,email,True
C005629,2025-09-02,UAE,instagram,False
C005630,2025-09-02,India,instagram,True
C005631,2025-09-02,India,google_ads,False
C005632,2025-09-02,India,instagram,True
C005633,2025-09-03,India,referral,True
C005634,2025-09-03,India,organic,True
C005635,2025-09-03,India,google_ads,True
C005636,2025-09-03,Canada,instagram,True
C005637,2025-09-03,Germany,instagram,True
C005638,2025-09-03,United States,instagram,False
C005639,2025-09-03,United States,organic,True
C005640,2025-09-03,India,instagram,True
C005641,2025-09-03,United Kingdom,instagram,False
C005642,2025-09-03,India,organic,True
C005643,2025-09-03,United Kingdom,instagram,True
C005644,2025-09-03,United Kingdom,organic,False
C005645,2025-09-03,India,organic,True
C005646,2025-09-03,United States,instagram,True
C005647,2025-09-03,India,referral,True
C005648,2025-09-03,India,organic,False
C005649,2025-09-03,United States,marketplace,True
C005650,2025-09-03,India,organic,False
C005651,2025-09-04,UAE,google_ads,True
C005652,2025-09-04,India,referral,False
C005653,2025-09-04,India,organic,True
C005654,2025-09-04,UAE,organic,False
C005655,2025-09-04,India,marketplace,True
C005656,2025-09-04,Japan,email,True
C005657,2025-09-04,Canada,google_ads,True
C005658,2025-09-04,United Kingdom,instagram,True
C005659,2025-09-04,Germany,organic,False
C005660,2025-09-04,India,instagram,False
C005661,2025-09-04,India,organic,False
C005662,2025-09-04,United States,instagram,False
C005663,2025-09-04,India,marketplace,True
C005664,2025-09-04,United States,instagram,True
C005665,2025-09-04,United Kingdom,organic,True
C005666,2025-09-04,India,email,False
C005667,2025-09-05,India,organic,True
C005668,2025-09-05,United States,marketplace,False
C005669,2025-09-05,India,google_ads,True
C005670,2025-09-05,India,referral,False
C005671,2025-09-05,Japan,organic,True
C005672,2025-09-05,United States,referral,True
C005673,2025-09-05,India,marketplace,True
C005674,2025-09-05,United States,organic,True
C005675,2025-09-05,United Kingdom,instagram,False
C005676,2025-09-05,Germany,referral,True
C005677,2025-09-05,India,organic,True
C005678,2025-09-05,India,referral,False
C005679,2025-09-05,Japan,instagram,True
C005680,2025-09-05,India,google_ads,False
C005681,2025-09-05,United Kingdom,marketplace,False
C005682,2025-09-05,United States,marketplace,True
C005683,2025-09-05,Germany,marketplace,True
C005684,2025-09-05,India,google_ads,False
C005685,2025-09-05,India,instagram,False
C005686,2025-09-05,United Kingdom,marketplace,True
C005687,2025-09-05,India,referral,True
C005688,2025-09-05,India,email,True
C005689,2025-09-05,India,organic,False
C005690,2025-09-05,India,google_ads,True
C005691,2025-09-06,Canada,email,True
C005692,2025-09-06,United States,instagram,False
C005693,2025-09-06,India,instagram,False
C005694,2025-09-06,India,instagram,True
C005695,2025-09-06,India,organic,False
C005696,2025-09-06,Canada,marketplace,False
C005697,2025-09-06,United States,instagram,True
C005698,2025-09-06,India,referral,True
C005699,2025-09-06,India,instagram,False
C005700,2025-09-06,Canada,organic,True
C005701,2025-09-06,United Kingdom,organic,True
C005702,2025-09-06,India,organic,True
C005703,2025-09-06,Germany,instagram,True
C005704,2025-09-06,Australia,referral,True
C005705,2025-09-06,India,referral,True
C005706,2025-09-06,Canada,organic,False
C005707,2025-09-06,United States,referral,True
C005708,2025-09-06,India,google_ads,True
C005709,2025-09-06,United States,google_ads,False
C005710,2025-09-06,United States,organic,True
C005711,2025-09-06,India,marketplace,True
C005712,2025-09-07,India,instagram,True
C005713,2025-09-07,India,referral,False
C005714,2025-09-07,UAE,organic,True
C005715,2025-09-07,Germany,marketplace,True
C005716,2025-09-07,Australia,organic,True
C005717,2025-09-07,Australia,organic,True
C005718,2025-09-07,United States,instagram,True
C005719,2025-09-07,India,instagram,False
C005720,2025-09-07,India,organic,False
C005721,2025-09-07,India,organic,True
C005722,2025-09-07,India,email,False
C005723,2025-09-07,India,instagram,True
C005724,2025-09-07,India,referral,False
C005725,2025-09-07,India,organic,True
C005726,2025-09-07,India,instagram,False
C005727,2025-09-07,India,instagram,False
C005728,2025-09-07,UAE,instagram,True
C005729,2025-09-07,Germany,marketplace,True
C005730,2025-09-07,India,referral,False
C005731,2025-09-07,Japan,referral,True
C005732,2025-09-07,India,marketplace,True
C005733,2025-09-07,India,organic,False
C005734,2025-09-08,India,google_ads,False
C005735,2025-09-08,United States,instagram,False
C005736,2025-09-08,India,organic,True
C005737,2025-09-08,UAE,referral,False
C005738,2025-09-08,India,instagram,False
C005739,2025-09-08,United States,organic,True
C005740,2025-09-08,United Kingdom,email,True
C005741,2025-09-08,United Kingdom,instagram,True
C005742,2025-09-08,United Kingdom,instagram,False
C005743,2025-09-08,India,referral,False
C005744,2025-09-08,United States,instagram,True
C005745,2025-09-08,UAE,google_ads,True
C005746,2025-09-08,India,organic,True
C005747,2025-09-08,India,marketplace,False
C005748,2025-09-08,India,referral,False
C005749,2025-09-08,United States,marketplace,False
C005750,2025-09-08,Canada,referral,False
C005751,2025-09-08,Germany,organic,False
C005752,2025-09-08,India,google_ads,True
C005753,2025-09-09,United States,instagram,True
C005754,2025-09-09,UAE,organic,True
C005755,2025-09-09,India,instagram,False
C005756,2025-09-09,India,instagram,False
C005757,2025-09-09,Canada,organic,True
C005758,2025-09-09,India,instagram,False
C005759,2025-09-09,United Kingdom,instagram,True
C005760,2025-09-09,United States,referral,True
C005761,2025-09-09,United States,google_ads,True
C005762,2025-09-09,India,organic,False
C005763,2025-09-09,India,instagram,False
C005764,2025-09-09,India,organic,True
C005765,2025-09-09,Germany,google_ads,True
C005766,2025-09-09,India,google_ads,False
C005767,2025-09-09,United States,google_ads,False
C005768,2025-09-10,Canada,organic,True
C005769,2025-09-10,Australia,instagram,True
C005770,2025-09-10,India,google_ads,True
C005771,2025-09-10,India,instagram,False
C005772,2025-09-10,India,organic,False
C005773,2025-09-10,Germany,organic,True
C005774,2025-09-10,India,organic,True
C005775,2025-09-10,India,google_ads,True
C005776,2025-09-10,United Kingdom,google_ads,True
C005777,2025-09-10,India,email,True
C005778,2025-09-10,Australia,organic,True
C005779,2025-09-10,India,referral,False
C005780,2025-09-10,India,organic,True
C005781,2025-09-10,India,google_ads,True
C005782,2025-09-10,Canada,google_ads,True
C005783,2025-09-11,India,organic,True
C005784,2025-09-11,Germany,instagram,False
C005785,2025-09-11,India,organic,True
C005786,2025-09-11,United States,referral,False
C005787,2025-09-11,India,referral,True
C005788,2025-09-11,India,instagram,True
C005789,2025-09-11,India,organic,True
C005790,2025-09-11,Canada,instagram,True
C005791,2025-09-11,India,marketplace,False
C005792,2025-09-11,Canada,instagram,False
C005793,2025-09-11,United Kingdom,instagram,True
C005794,2025-09-11,India,instagram,True
C005795,2025-09-11,India,instagram,True
C005796,2025-09-11,India,organic,False
C005797,2025-09-11,India,email,True
C005798,2025-09-11,India,instagram,True
C005799,2025-09-11,Japan,marketplace,True
C005800,2025-09-12,India,organic,True
C005801,2025-09-12,India,google_ads,True
C005802,2025-09-12,India,referral,False
C005803,2025-09-12,India,marketplace,True
C005804,2025-09-12,United States,organic,False
C005805,2025-09-12,India,instagram,False
C005806,2025-09-12,United States,instagram,True
C005807,2025-09-12,India,instagram,True
C005808,2025-09-12,India,marketplace,False
C005809,2025-09-12,United States,organic,True
C005810,2025-09-12,India,organic,True
C005811,2025-09-12,UAE,organic,False
C005812,2025-09-12,India,organic,True
C005813,2025-09-12,India,instagram,False
C005814,2025-09-12,India,marketplace,True
C005815,2025-09-12,United Kingdom,marketplace,True
C005816,2025-09-12,India,google_ads,False
C005817,2025-09-12,India,instagram,True
C005818,2025-09-12,India,email,False
C005819,2025-09-12,United States,organic,False
C005820,2025-09-13,Japan,marketplace,True
C005821,2025-09-13,UAE,referral,False
C005822,2025-09-13,Germany,email,True
C005823,2025-09-13,United States,organic,False
C005824,2025-09-13,Canada,google_ads,True
C005825,2025-09-13,Japan,email,True
C005826,2025-09-13,Canada,instagram,False
C005827,2025-09-13,India,instagram,True
C005828,2025-09-13,India,instagram,True
C005829,2025-09-13,India,google_ads,True
C005830,2025-09-13,India,instagram,True
C005831,2025-09-13,India,google_ads,True
C005832,2025-09-13,India,instagram,False
C005833,2025-09-13,United States,google_ads,True
C005834,2025-09-13,India,organic,False
C005835,2025-09-13,Canada,instagram,True
C005836,2025-09-13,UAE,google_ads,True
C005837,2025-09-13,India,marketplace,True
C005838,2025-09-13,United Kingdom,organic,True
C005839,2025-09-13,Australia,google_ads,False
C005840,2025-09-13,India,instagram,True
C005841,2025-09-13,United States,instagram,False
C005842,2025-09-13,India,organic,True
C005843,2025-09-14,United States,instagram,False
C005844,2025-09-14,India,instagram,True
C005845,2025-09-14,India,instagram,True
C005846,2025-09-14,India,instagram,True
C005847,2025-09-14,Canada,organic,True
C005848,2025-09-14,UAE,google_ads,False
C005849,2025-09-14,India,google_ads,False
C005850,2025-09-14,UAE,instagram,True
C005851,2025-09-14,India,organic,False
C005852,2025-09-14,India,instagram,False
C005853,2025-09-14,India,referral,False
C005854,2025-09-14,United States,google_ads,False
C005855,2025-09-14,Australia,organic,True
C005856,2025-09-14,India,instagram,True
C005857,2025-09-15,India,instagram,True
C005858,2025-09-15,United Kingdom,instagram,False
C005859,2025-09-15,United States,email,True
C005860,2025-09-15,United States,google_ads,False
C005861,2025-09-15,India,google_ads,False
C005862,2025-09-15,United Kingdom,organic,False
C005863,2025-09-15,United Kingdom,referral,True
C005864,2025-09-15,United States,organic,True
C005865,2025-09-15,India,marketplace,True
C005866,2025-09-15,India,organic,True
C005867,2025-09-15,India,organic,False
C005868,2025-09-15,India,organic,False
C005869,2025-09-15,India,organic,False
C005870,2025-09-15,India,organic,True
C005871,2025-09-16,United Kingdom,referral,True
C005872,2025-09-16,United Kingdom,marketplace,True
C005873,2025-09-16,India,organic,True
C005874,2025-09-16,Australia,instagram,False
C005875,2025-09-16,United Kingdom,referral,False
C005876,2025-09-16,Canada,instagram,False
C005877,2025-09-16,India,email,False
C005878,2025-09-16,India,instagram,True
C005879,2025-09-16,India,organic,True
C005880,2025-09-17,United States,instagram,False
C005881,2025-09-17,Japan,email,True
C005882,2025-09-17,Germany,organic,False
C005883,2025-09-17,UAE,organic,False
C005884,2025-09-17,Germany,referral,False
C005885,2025-09-17,United States,instagram,True
C005886,2025-09-17,United States,marketplace,True
C005887,2025-09-17,India,instagram,True
C005888,2025-09-17,India,instagram,False
C005889,2025-09-17,Canada,marketplace,False
C005890,2025-09-17,United States,instagram,True
C005891,2025-09-17,Australia,google_ads,True
C005892,2025-09-17,United Kingdom,marketplace,True
C005893,2025-09-17,India,instagram,False
C005894,2025-09-17,Germany,organic,False
C005895,2025-09-17,United Kingdom,instagram,False
C005896,2025-09-18,UAE,instagram,True
C005897,2025-09-18,India,marketplace,True
C005898,2025-09-18,United Kingdom,email,True
C005899,2025-09-18,India,instagram,True
C005900,2025-09-18,Germany,organic,True
C005901,2025-09-18,India,google_ads,True
C005902,2025-09-18,UAE,referral,False
C005903,2025-09-18,India,google_ads,True
C005904,2025-09-18,India,organic,True
C005905,2025-09-18,United States,instagram,True
C005906,2025-09-18,Japan,organic,False
C005907,2025-09-18,India,google_ads,True
C005908,2025-09-18,Japan,organic,True
C005909,2025-09-18,India,marketplace,True
C005910,2025-09-18,India,email,True
C005911,2025-09-18,Japan,google_ads,True
C005912,2025-09-18,India,organic,False
C005913,2025-09-18,Australia,google_ads,True
C005914,2025-09-19,India,google_ads,True
C005915,2025-09-19,India,instagram,False
C005916,2025-09-19,United States,instagram,True
C005917,2025-09-19,United Kingdom,instagram,False
C005918,2025-09-19,Canada,marketplace,False
C005919,2025-09-19,Australia,referral,True
C005920,2025-09-19,India,marketplace,True
C005921,2025-09-19,India,google_ads,True
C005922,2025-09-19,Canada,referral,True
C005923,2025-09-19,India,google_ads,False
C005924,2025-09-20,United States,marketplace,True
C005925,2025-09-20,India,marketplace,True
C005926,2025-09-20,India,referral,True
C005927,2025-09-20,India,instagram,True
C005928,2025-09-20,India,organic,True
C005929,2025-09-20,India,marketplace,False
C005930,2025-09-20,Germany,organic,True
C005931,2025-09-20,India,organic,True
C005932,2025-09-20,United States,instagram,False
C005933,2025-09-20,Australia,instagram,True
C005934,2025-09-20,Japan,organic,True
C005935,2025-09-20,India,instagram,False
C005936,2025-09-20,Germany,instagram,True
C005937,2025-09-20,India,organic,True
C005938,2025-09-20,India,instagram,False
C005939,2025-09-20,India,email,False
C005940,2025-09-20,India,organic,True
C005941,2025-09-20,India,google_ads,False
C005942,2025-09-20,Australia,organic,False
C005943,2025-09-20,India,google_ads,False
C005944,2025-09-20,Japan,organic,True
C005945,2025-09-20,India,organic,False
C005946,2025-09-20,United States,organic,False
C005947,2025-09-21,India,marketplace,False
C005948,2025-09-21,India,organic,True
C005949,2025-09-21,United States,google_ads,False
C005950,2025-09-21,United States,referral,True
C005951,2025-09-21,United Kingdom,referral,True
C005952,2025-09-21,India,instagram,False
C005953,2025-09-21,United States,organic,True
C005954,2025-09-21,India,google_ads,True
C005955,2025-09-21,India,instagram,True
C005956,2025-09-21,United States,referral,True
C005957,2025-09-22,India,organic,True
C005958,2025-09-22,United States,instagram,True
C005959,2025-09-22,United States,marketplace,True
C005960,2025-09-22,India,instagram,False
C005961,2025-09-22,India,organic,True
C005962,2025-09-22,Japan,marketplace,False
C005963,2025-09-22,United States,google_ads,True
C005964,2025-09-22,Germany,google_ads,True
C005965,2025-09-22,Japan,organic,False
C005966,2025-09-22,India,organic,False
C005967,2025-09-22,United States,instagram,True
C005968,2025-09-22,United States,google_ads,True
C005969,2025-09-22,Germany,instagram,True
C005970,2025-09-22,Australia,organic,True
C005971,2025-09-22,United Kingdom,instagram,True
C005972,2025-09-22,Germany,referral,True
C005973,2025-09-22,United States,instagram,False
C005974,2025-09-22,India,organic,False
C005975,2025-09-22,India,instagram,True
C005976,2025-09-22,India,marketplace,True
C005977,2025-09-22,United States,instagram,True
C005978,2025-09-23,Canada,organic,False
C005979,2025-09-23,India,instagram,True
C005980,2025-09-23,India,marketplace,False
C005981,2025-09-23,India,organic,False
C005982,2025-09-23,Germany,instagram,False
C005983,2025-09-23,India,organic,False
C005984,2025-09-23,United Kingdom,instagram,False
C005985,2025-09-23,India,google_ads,True
C005986,2025-09-23,India,referral,True
C005987,2025-09-23,Japan,organic,True
C005988,2025-09-23,United States,email,True
C005989,2025-09-23,India,instagram,False
C005990,2025-09-23,Germany,google_ads,False
C005991,2025-09-23,UAE,instagram,True
C005992,2025-09-23,India,marketplace,True
C005993,2025-09-24,United States,instagram,True
C005994,2025-09-24,India,organic,False
C005995,2025-09-24,India,instagram,False
C005996,2025-09-24,India,instagram,True
C005997,2025-09-24,United Kingdom,organic,True
C005998,2025-09-24,India,organic,True
C005999,2025-09-24,United States,organic,True
C006000,2025-09-24,India,organic,False
C006001,2025-09-24,India,google_ads,False
C006002,2025-09-24,India,email,True
C006003,2025-09-24,India,instagram,False
C006004,2025-09-24,India,marketplace,False
C006005,2025-09-24,Germany,email,True
C006006,2025-09-25,United States,organic,False
C006007,2025-09-25,India,instagram,True
C006008,2025-09-25,United States,google_ads,False
C006009,2025-09-25,India,organic,True
C006010,2025-09-25,India,marketplace,True
C006011,2025-09-25,Canada,organic,True
C006012,2025-09-25,India,organic,True
C006013,2025-09-25,Japan,google_ads,False
C006014,2025-09-25,UAE,organic,False
C006015,2025-09-25,India,organic,False
C006016,2025-09-25,India,organic,True
C006017,2025-09-25,UAE,organic,False
C006018,2025-09-25,United States,instagram,True
C006019,2025-09-25,Germany,organic,True
C006020,2025-09-25,Australia,instagram,True
C006021,2025-09-26,India,organic,False
C006022,2025-09-26,India,google_ads,True
C006023,2025-09-26,Japan,instagram,True
C006024,2025-09-26,United States,organic,True
C006025,2025-09-26,India,google_ads,False
C006026,2025-09-26,Canada,instagram,False
C006027,2025-09-26,Japan,marketplace,False
C006028,2025-09-26,United States,marketplace,True
C006029,2025-09-26,India,marketplace,False
C006030,2025-09-26,India,google_ads,False
C006031,2025-09-26,India,email,True
C006032,2025-09-26,India,instagram,False
C006033,2025-09-26,United Kingdom,google_ads,False
C006034,2025-09-26,Germany,google_ads,True
C006035,2025-09-26,India,organic,True
C006036,2025-09-26,India,email,False
C006037,2025-09-26,United States,organic,False
C006038,2025-09-26,Japan,referral,True
C006039,2025-09-26,India,instagram,False
C006040,2025-09-26,Germany,google_ads,True
C006041,2025-09-26,India,organic,True
C006042,2025-09-26,India,google_ads,False
C006043,2025-09-26,India,organic,True
C006044,2025-09-27,United States,google_ads,True
C006045,2025-09-27,Japan,referral,True
C006046,2025-09-27,Canada,organic,True
C006047,2025-09-27,United States,google_ads,False
C006048,2025-09-27,Australia,instagram,True
C006049,2025-09-27,United States,instagram,False
C006050,2025-09-27,India,referral,False
C006051,2025-09-27,Germany,organic,True
C006052,2025-09-27,India,organic,True
C006053,2025-09-27,India,referral,False
C006054,2025-09-27,India,organic,False
C006055,2025-09-27,United States,email,False
C006056,2025-09-27,India,organic,True
C006057,2025-09-27,India,organic,False
C006058,2025-09-27,United States,google_ads,True
C006059,2025-09-27,United States,instagram,False
C006060,2025-09-27,United Kingdom,instagram,False
C006061,2025-09-27,India,organic,False
C006062,2025-09-27,India,organic,False
C006063,2025-09-27,India,instagram,True
C006064,2025-09-27,India,instagram,True
C006065,2025-09-27,India,marketplace,True
C006066,2025-09-27,India,referral,True
C006067,2025-09-27,India,organic,True
C006068,2025-09-27,India,organic,False
C006069,2025-09-27,India,organic,False
C006070,2025-09-27,India,marketplace,False
C006071,2025-09-28,India,instagram,True
C006072,2025-09-28,India,organic,True
C006073,2025-09-28,India,organic,True
C006074,2025-09-28,United States,instagram,True
C006075,2025-09-28,India,instagram,True
C006076,2025-09-28,India,google_ads,False
C006077,2025-09-28,United Kingdom,organic,True
C006078,2025-09-28,India,google_ads,True
C006079,2025-09-28,Australia,google_ads,True
C006080,2025-09-28,United Kingdom,google_ads,True
C006081,2025-09-28,India,organic,True
C006082,2025-09-28,UAE,organic,True
C006083,2025-09-28,United States,instagram,True
C006084,2025-09-28,Canada,organic,True
C006085,2025-09-28,India,instagram,True
C006086,2025-09-28,India,organic,True
C006087,2025-09-28,United States,google_ads,False
C006088,2025-09-28,Australia,organic,False
C006089,2025-09-28,India,instagram,False
C006090,2025-09-29,Australia,instagram,True
C006091,2025-09-29,India,referral,False
C006092,2025-09-29,United States,instagram,True
C006093,2025-09-29,United States,instagram,False
C006094,2025-09-29,India,organic,False
C006095,2025-09-29,Japan,google_ads,True
C006096,2025-09-29,United Kingdom,organic,True
C006097,2025-09-29,India,organic,False
C006098,2025-09-29,India,organic,False
C006099,2025-09-29,Australia,referral,True
C006100,2025-09-29,India,organic,False
C006101,2025-09-29,United States,organic,True
C006102,2025-09-29,India,instagram,True
C006103,2025-09-29,India,instagram,True
C006104,2025-09-29,India,marketplace,True
C006105,2025-09-29,India,organic,False
C006106,2025-09-29,India,referral,False
C006107,2025-09-29,United States,organic,True
C006108,2025-09-29,India,organic,True
C006109,2025-09-29,United States,organic,True
C006110,2025-09-29,India,instagram,False
C006111,2025-09-30,United States,instagram,True
C006112,2025-09-30,India,organic,True
C006113,2025-09-30,India,referral,True
C006114,2025-09-30,India,instagram,True
C006115,2025-09-30,India,google_ads,True
C006116,2025-09-30,United States,marketplace,True
C006117,2025-09-30,Canada,instagram,True
C006118,2025-09-30,India,instagram,False
C006119,2025-09-30,India,google_ads,True
C006120,2025-09-30,India,marketplace,False
C006121,2025-09-30,India,marketplace,True
C006122,2025-09-30,United States,organic,True
C006123,2025-09-30,India,instagram,False
C006124,2025-09-30,United Kingdom,referral,True
C006125,2025-09-30,India,google_ads,False
C006126,2025-09-30,India,referral,True
C006127,2025-09-30,Germany,marketplace,True
C006128,2025-10-01,United Kingdom,referral,True
C006129,2025-10-01,India,instagram,True
C006130,2025-10-01,United States,organic,True
C006131,2025-10-01,United States,organic,False
C006132,2025-10-01,UAE,organic,True
C006133,2025-10-01,Germany,referral,False
C006134,2025-10-01,India,instagram,True
C006135,2025-10-01,United States,organic,True
C006136,2025-10-01,India,marketplace,True
C006137,2025-10-01,India,organic,True
C006138,2025-10-01,United States,organic,False
C006139,2025-10-01,India,organic,True
C006140,2025-10-01,India,marketplace,False
C006141,2025-10-01,India,instagram,False
C006142,2025-10-01,India,organic,True
C006143,2025-10-01,India,instagram,True
C006144,2025-10-01,India,instagram,False
C006145,2025-10-01,United States,instagram,True
C006146,2025-10-01,United States,organic,False
C006147,2025-10-01,United Kingdom,instagram,False
C006148,2025-10-02,India,instagram,True
C006149,2025-10-02,United States,google_ads,False
C006150,2025-10-02,India,organic,True
C006151,2025-10-02,India,organic,True
C006152,2025-10-02,Germany,instagram,False
C006153,2025-10-02,India,instagram,True
C006154,2025-10-02,United States,instagram,True
C006155,2025-10-02,India,organic,True
C006156,2025-10-02,India,organic,False
C006157,2025-10-02,India,google_ads,True
C006158,2025-10-02,India,organic,True
C006159,2025-10-02,India,organic,True
C006160,2025-10-02,United States,marketplace,True
C006161,2025-10-02,India,organic,False
C006162,2025-10-02,India,instagram,False
C006163,2025-10-02,United States,organic,True
C006164,2025-10-02,Australia,instagram,True
C006165,2025-10-03,Canada,organic,False
C006166,2025-10-03,United States,referral,False
C006167,2025-10-03,United States,organic,False
C006168,2025-10-03,India,instagram,True
C006169,2025-10-03,India,email,True
C006170,2025-10-03,India,marketplace,False
C006171,2025-10-03,India,email,True
C006172,2025-10-03,India,organic,False
C006173,2025-10-03,India,organic,True
C006174,2025-10-03,United Kingdom,marketplace,True
C006175,2025-10-03,UAE,email,False
C006176,2025-10-03,United States,instagram,False
C006177,2025-10-03,India,organic,True
C006178,2025-10-03,United Kingdom,organic,True
C006179,2025-10-03,India,organic,False
C006180,2025-10-03,UAE,organic,False
C006181,2025-10-03,India,google_ads,True
C006182,2025-10-03,India,google_ads,False
C006183,2025-10-03,India,organic,False
C006184,2025-10-03,Japan,google_ads,True
C006185,2025-10-03,India,email,True
C006186,2025-10-03,United States,referral,True
C006187,2025-10-03,India,marketplace,True
C006188,2025-10-03,UAE,organic,True
C006189,2025-10-03,UAE,google_ads,True
C006190,2025-10-04,Canada,instagram,True
C006191,2025-10-04,United Kingdom,marketplace,True
C006192,2025-10-04,India,referral,False
C006193,2025-10-04,India,instagram,True
C006194,2025-10-04,Japan,referral,False
C006195,2025-10-04,India,google_ads,True
C006196,2025-10-04,United States,organic,True
C006197,2025-10-04,Australia,instagram,True
C006198,2025-10-04,United States,organic,True
C006199,2025-10-04,India,organic,False
C006200,2025-10-04,UAE,instagram,False
C006201,2025-10-04,India,marketplace,True
C006202,2025-10-04,Germany,referral,True
C006203,2025-10-04,India,organic,False
C006204,2025-10-04,United States,google_ads,False
C006205,2025-10-04,India,marketplace,True
C006206,2025-10-04,India,instagram,True
C006207,2025-10-04,Germany,organic,True
C006208,2025-10-04,Australia,organic,True
C006209,2025-10-04,United States,organic,True
C006210,2025-10-04,India,organic,True
C006211,2025-10-04,United Kingdom,marketplace,False
C006212,2025-10-04,India,google_ads,True
C006213,2025-10-04,United States,email,True
C006214,2025-10-05,Japan,google_ads,True
C006215,2025-10-05,United Kingdom,google_ads,False
C006216,2025-10-05,India,google_ads,True
C006217,2025-10-05,India,instagram,True
C006218,2025-10-05,United Kingdom,referral,True
C006219,2025-10-05,UAE,organic,True
C006220,2025-10-05,Japan,referral,False
C006221,2025-10-05,India,google_ads,True
C006222,2025-10-05,India,organic,False
C006223,2025-10-05,United States,google_ads,True
C006224,2025-10-05,Canada,organic,False
C006225,2025-10-05,United States,google_ads,True
C006226,2025-10-05,Canada,organic,True
C006227,2025-10-05,India,organic,True
C006228,2025-10-05,India,marketplace,False
C006229,2025-10-05,India,google_ads,True
C006230,2025-10-05,United Kingdom,google_ads,True
C006231,2025-10-05,United States,marketplace,True
C006232,2025-10-05,India,marketplace,False
C006233,2025-10-05,India,google_ads,True
C006234,2025-10-05,India,google_ads,False
C006235,2025-10-05,India,organic,True
C006236,2025-10-05,Japan,referral,True
C006237,2025-10-05,United States,instagram,True
C006238,2025-10-05,United States,google_ads,True
C006239,2025-10-06,India,google_ads,False
C006240,2025-10-06,Australia,referral,False
C006241,2025-10-06,India,instagram,True
C006242,2025-10-06,India,referral,True
C006243,2025-10-06,United States,organic,True
C006244,2025-10-06,India,marketplace,True
C006245,2025-10-06,United Kingdom,email,True
C006246,2025-10-06,United States,instagram,True
C006247,2025-10-06,India,email,False
C006248,2025-10-06,United Kingdom,organic,True
C006249,2025-10-06,India,instagram,True
C006250,2025-10-06,India,instagram,False
C006251,2025-10-06,India,organic,True
C006252,2025-10-06,Germany,organic,False
C006253,2025-10-06,India,marketplace,True
C006254,2025-10-07,Australia,instagram,True
C006255,2025-10-07,United States,instagram,True
C006256,2025-10-07,UAE,instagram,False
C006257,2025-10-07,India,organic,False
C006258,2025-10-07,India,organic,False
C006259,2025-10-07,India,google_ads,False
C006260,2025-10-07,India,instagram,False
C006261,2025-10-07,India,email,True
C006262,2025-10-07,United Kingdom,organic,True
C006263,2025-10-07,India,instagram,True
C006264,2025-10-07,Canada,instagram,True
C006265,2025-10-07,India,instagram,True
C006266,2025-10-07,India,organic,True
C006267,2025-10-07,India,organic,True
C006268,2025-10-07,India,referral,False
C006269,2025-10-08,Germany,organic,True
C006270,2025-10-08,United States,email,True
C006271,2025-10-08,India,instagram,True
C006272,2025-10-08,India,organic,False
C006273,2025-10-08,India,instagram,False
C006274,2025-10-08,United Kingdom,organic,False
C006275,2025-10-08,Australia,organic,True
C006276,2025-10-08,Japan,google_ads,True
C006277,2025-10-08,Australia,instagram,True
C006278,2025-10-08,United Kingdom,organic,False
C006279,2025-10-08,India,organic,True
C006280,2025-10-08,Australia,google_ads,True
C006281,2025-10-08,India,organic,True
C006282,2025-10-08,Canada,organic,True
C006283,2025-10-08,Germany,organic,False
C006284,2025-10-08,India,google_ads,False
C006285,2025-10-08,India,google_ads,False
C006286,2025-10-08,India,marketplace,True
C006287,2025-10-08,India,organic,False
C006288,2025-10-08,India,instagram,True
C006289,2025-10-08,India,instagram,False
C006290,2025-10-08,Canada,organic,True
C006291,2025-10-09,United States,email,True
C006292,2025-10-09,India,referral,False
C006293,2025-10-09,India,marketplace,True
C006294,2025-10-09,India,referral,False
C006295,2025-10-09,United States,marketplace,False
C006296,2025-10-09,India,google_ads,True
C006297,2025-10-09,India,marketplace,True
C006298,2025-10-09,United Kingdom,google_ads,False
C006299,2025-10-09,India,organic,True
C006300,2025-10-09,Germany,instagram,False
C006301,2025-10-09,United States,referral,False
C006302,2025-10-09,United States,marketplace,False
C006303,2025-10-09,United Kingdom,marketplace,False
C006304,2025-10-09,India,google_ads,True
C006305,2025-10-09,UAE,organic,False
C006306,2025-10-09,United Kingdom,organic,True
C006307,2025-10-09,India,organic,False
C006308,2025-10-09,India,google_ads,True
C006309,2025-10-09,Japan,organic,False
C006310,2025-10-09,Australia,organic,True
C006311,2025-10-10,United States,instagram,True
C006312,2025-10-10,India,instagram,True
C006313,2025-10-10,India,instagram,True
C006314,2025-10-10,India,referral,False
C006315,2025-10-10,India,organic,True
C006316,2025-10-10,India,organic,False
C006317,2025-10-10,Canada,organic,False
C006318,2025-10-10,India,google_ads,False
C006319,2025-10-10,India,instagram,True
C006320,2025-10-10,India,marketplace,True
C006321,2025-10-10,India,google_ads,False
C006322,2025-10-10,India,instagram,False
C006323,2025-10-10,India,referral,True
C006324,2025-10-10,India,organic,True
C006325,2025-10-10,Germany,organic,False
C006326,2025-10-10,Germany,email,False
C006327,2025-10-10,United States,instagram,True
C006328,2025-10-10,UAE,google_ads,True
C006329,2025-10-11,United States,instagram,False
C006330,2025-10-11,United States,instagram,False
C006331,2025-10-11,United States,google_ads,True
C006332,2025-10-11,India,instagram,True
C006333,2025-10-11,India,organic,False
C006334,2025-10-11,India,organic,False
C006335,2025-10-11,United States,instagram,False
C006336,2025-10-11,United States,organic,False
C006337,2025-10-11,Japan,marketplace,True
C006338,2025-10-11,India,referral,True
C006339,2025-10-11,United States,organic,False
C006340,2025-10-11,India,instagram,True
C006341,2025-10-11,United Kingdom,instagram,True
C006342,2025-10-11,India,google_ads,False
C006343,2025-10-11,Canada,instagram,True
C006344,2025-10-11,Australia,instagram,True
C006345,2025-10-11,United States,instagram,True
C006346,2025-10-11,United Kingdom,referral,True
C006347,2025-10-11,India,instagram,False
C006348,2025-10-11,India,instagram,True
C006349,2025-10-11,India,instagram,True
C006350,2025-10-11,Germany,organic,False
C006351,2025-10-11,India,organic,True
C006352,2025-10-11,United Kingdom,email,True
C006353,2025-10-11,India,instagram,True
C006354,2025-10-11,Australia,organic,True
C006355,2025-10-11,India,google_ads,True
C006356,2025-10-11,India,referral,True
C006357,2025-10-11,United States,referral,False
C006358,2025-10-11,India,referral,True
C006359,2025-10-11,United States,google_ads,False
C006360,2025-10-11,Germany,google_ads,True
C006361,2025-10-12,Australia,organic,False
C006362,2025-10-12,India,google_ads,False
C006363,2025-10-12,Australia,instagram,True
C006364,2025-10-12,United States,instagram,False
C006365,2025-10-12,United States,marketplace,False
C006366,2025-10-12,Canada,marketplace,True
C006367,2025-10-12,Germany,instagram,True
C006368,2025-10-12,India,organic,True
C006369,2025-10-12,United States,organic,False
C006370,2025-10-12,United States,google_ads,False
C006371,2025-10-12,Australia,instagram,False
C006372,2025-10-12,United States,referral,True
C006373,2025-10-12,United States,google_ads,True
C006374,2025-10-12,India,google_ads,False
C006375,2025-10-12,Canada,instagram,True
C006376,2025-10-12,United States,organic,True
C006377,2025-10-12,India,marketplace,True
C006378,2025-10-12,India,google_ads,True
C006379,2025-10-12,India,referral,True
C006380,2025-10-12,India,referral,False
C006381,2025-10-12,Canada,organic,False
C006382,2025-10-12,Japan,google_ads,True
C006383,2025-10-12,India,referral,True
C006384,2025-10-12,UAE,google_ads,True
C006385,2025-10-12,United Kingdom,organic,True
C006386,2025-10-12,India,organic,False
C006387,2025-10-13,India,organic,True
C006388,2025-10-13,United Kingdom,google_ads,True
C006389,2025-10-13,Canada,organic,False
C006390,2025-10-13,Germany,marketplace,False
C006391,2025-10-13,India,organic,False
C006392,2025-10-13,United States,organic,False
C006393,2025-10-13,Japan,referral,False
C006394,2025-10-13,Japan,organic,True
C006395,2025-10-13,India,instagram,True
C006396,2025-10-13,Canada,marketplace,True
C006397,2025-10-13,Japan,organic,True
C006398,2025-10-13,India,instagram,False
C006399,2025-10-13,United Kingdom,instagram,True
C006400,2025-10-13,India,organic,False
C006401,2025-10-13,United States,google_ads,True
C006402,2025-10-13,India,organic,True
C006403,2025-10-13,India,organic,True
C006404,2025-10-13,India,google_ads,True
C006405,2025-10-13,India,instagram,True
C006406,2025-10-13,Japan,marketplace,True
C006407,2025-10-14,India,google_ads,True
C006408,2025-10-14,India,organic,False
C006409,2025-10-14,India,google_ads,True
C006410,2025-10-14,United States,marketplace,False
C006411,2025-10-14,United States,instagram,False
C006412,2025-10-14,Japan,marketplace,True
C006413,2025-10-14,Germany,referral,True
C006414,2025-10-14,India,instagram,True
C006415,2025-10-14,United Kingdom,marketplace,False
C006416,2025-10-14,India,organic,True
C006417,2025-10-14,India,organic,True
C006418,2025-10-14,India,referral,False
C006419,2025-10-14,India,instagram,True
C006420,2025-10-14,India,instagram,True
C006421,2025-10-14,United States,organic,True
C006422,2025-10-14,India,referral,True
C006423,2025-10-14,India,organic,True
C006424,2025-10-14,Australia,instagram,True
C006425,2025-10-14,Germany,google_ads,True
C006426,2025-10-14,India,organic,False
C006427,2025-10-14,India,instagram,True
C006428,2025-10-14,India,organic,True
C006429,2025-10-14,India,organic,False
C006430,2025-10-14,Japan,organic,True
C006431,2025-10-14,India,organic,True
C006432,2025-10-14,UAE,google_ads,True
C006433,2025-10-14,India,referral,False
C006434,2025-10-14,United Kingdom,referral,True
C006435,2025-10-15,India,organic,True
C006436,2025-10-15,India,google_ads,True
C006437,2025-10-15,India,organic,True
C006438,2025-10-15,Japan,organic,True
C006439,2025-10-15,United Kingdom,marketplace,False
C006440,2025-10-15,India,instagram,True
C006441,2025-10-15,India,organic,True
C006442,2025-10-15,India,referral,True
C006443,2025-10-15,United States,organic,False
C006444,2025-10-15,United States,email,True
C006445,2025-10-15,Canada,referral,True
C006446,2025-10-15,India,referral,True
C006447,2025-10-15,United Kingdom,referral,True
C006448,2025-10-15,India,marketplace,True
C006449,2025-10-15,India,instagram,True
C006450,2025-10-15,United Kingdom,instagram,True
C006451,2025-10-15,United Kingdom,organic,True
C006452,2025-10-15,UAE,organic,True
C006453,2025-10-15,Japan,organic,False
C006454,2025-10-15,India,referral,True
C006455,2025-10-15,Japan,marketplace,False
C006456,2025-10-16,United States,referral,False
C006457,2025-10-16,India,instagram,True
C006458,2025-10-16,Canada,organic,False
C006459,2025-10-16,United States,organic,False
C006460,2025-10-16,United States,instagram,True
C006461,2025-10-16,India,google_ads,False
C006462,2025-10-16,India,referral,True
C006463,2025-10-16,United Kingdom,instagram,True
C006464,2025-10-16,United States,referral,True
C006465,2025-10-16,India,marketplace,True
C006466,2025-10-16,India,email,False
C006467,2025-10-16,United States,marketplace,True
C006468,2025-10-16,India,google_ads,False
C006469,2025-10-16,United States,organic,False
C006470,2025-10-16,India,instagram,True
C006471,2025-10-16,India,organic,True
C006472,2025-10-16,India,organic,False
C006473,2025-10-16,United Kingdom,referral,False
C006474,2025-10-16,India,google_ads,False
C006475,2025-10-16,Japan,google_ads,True
C006476,2025-10-17,Canada,referral,True
C006477,2025-10-17,India,marketplace,True
C006478,2025-10-17,India,referral,True
C006479,2025-10-17,India,instagram,True
C006480,2025-10-17,India,instagram,False
C006481,2025-10-17,United Kingdom,organic,False
C006482,2025-10-17,India,google_ads,True
C006483,2025-10-17,UAE,referral,False
C006484,2025-10-17,Japan,google_ads,True
C006485,2025-10-17,India,organic,True
C006486,2025-10-17,United States,google_ads,False
C006487,2025-10-17,Australia,instagram,True
C006488,2025-10-17,India,instagram,True
C006489,2025-10-17,India,organic,True
C006490,2025-10-17,India,organic,False
C006491,2025-10-17,United States,google_ads,False
C006492,2025-10-17,India,google_ads,True
C006493,2025-10-17,United Kingdom,email,True
C006494,2025-10-17,United States,email,False
C006495,2025-10-17,Canada,organic,False
C006496,2025-10-17,Australia,organic,False
C006497,2025-10-17,United Kingdom,google_ads,False
C006498,2025-10-17,India,referral,False
C006499,2025-10-17,Germany,referral,True
C006500,2025-10-17,India,organic,True
C006501,2025-10-17,India,google_ads,False
C006502,2025-10-17,Germany,referral,False
C006503,2025-10-18,India,email,True
C006504,2025-10-18,UAE,google_ads,True
C006505,2025-10-18,India,marketplace,False
C006506,2025-10-18,United States,organic,True
C006507,2025-10-18,United States,organic,True
C006508,2025-10-18,UAE,google_ads,False
C006509,2025-10-18,India,google_ads,False
C006510,2025-10-18,United States,google_ads,True
C006511,2025-10-18,United States,instagram,False
C006512,2025-10-18,India,google_ads,True
C006513,2025-10-18,UAE,google_ads,True
C006514,2025-10-18,United States,email,True
C006515,2025-10-18,UAE,organic,True
C006516,2025-10-18,India,organic,True
C006517,2025-10-18,Germany,organic,True
C006518,2025-10-18,India,google_ads,True
C006519,2025-10-18,United States,organic,False
C006520,2025-10-18,India,organic,False
C006521,2025-10-18,India,marketplace,True
C006522,2025-10-18,United States,google_ads,True
C006523,2025-10-18,India,instagram,False
C006524,2025-10-18,India,marketplace,True
C006525,2025-10-18,United Kingdom,instagram,False
C006526,2025-10-18,United Kingdom,instagram,True
C006527,2025-10-18,India,marketplace,True
C006528,2025-10-18,Japan,instagram,True
C006529,2025-10-18,United Kingdom,instagram,False
C006530,2025-10-18,India,google_ads,True
C006531,2025-10-19,India,organic,False
C006532,2025-10-19,India,google_ads,False
C006533,2025-10-19,India,marketplace,True
C006534,2025-10-19,India,google_ads,False
C006535,2025-10-19,United Kingdom,referral,True
C006536,2025-10-19,Germany,google_ads,True
C006537,2025-10-19,India,instagram,True
C006538,2025-10-19,United States,organic,True
C006539,2025-10-19,Japan,google_ads,False
C006540,2025-10-19,United States,google_ads,False
C006541,2025-10-19,India,organic,True
C006542,2025-10-19,United States,organic,False
C006543,2025-10-19,India,google_ads,True
C006544,2025-10-19,United Kingdom,instagram,False
C006545,2025-10-19,India,google_ads,False
C006546,2025-10-19,United Kingdom,instagram,True
C006547,2025-10-19,United States,referral,True
C006548,2025-10-19,India,referral,True
C006549,2025-10-19,India,marketplace,True
C006550,2025-10-19,India,referral,True
C006551,2025-10-20,Australia,referral,True
C006552,2025-10-20,Japan,google_ads,False
C006553,2025-10-20,India,referral,True
C006554,2025-10-20,India,instagram,True
C006555,2025-10-20,UAE,organic,True
C006556,2025-10-20,United Kingdom,instagram,True
C006557,2025-10-20,Australia,google_ads,True
C006558,2025-10-20,India,organic,False
C006559,2025-10-20,India,instagram,True
C006560,2025-10-20,United Kingdom,marketplace,False
C006561,2025-10-20,United Kingdom,google_ads,True
C006562,2025-10-20,United States,organic,True
C006563,2025-10-20,Germany,organic,False
C006564,2025-10-20,India,google_ads,True
C006565,2025-10-20,India,instagram,False
C006566,2025-10-20,India,instagram,True
C006567,2025-10-20,India,organic,False
C006568,2025-10-20,India,marketplace,False
C006569,2025-10-20,India,google_ads,True
C006570,2025-10-20,India,referral,False
C006571,2025-10-20,United Kingdom,organic,False
C006572,2025-10-20,India,referral,True
C006573,2025-10-20,India,google_ads,True
C006574,2025-10-20,Japan,instagram,False
C006575,2025-10-21,Australia,instagram,True
C006576,2025-10-21,Germany,google_ads,True
C006577,2025-10-21,United States,google_ads,False
C006578,2025-10-21,India,instagram,True
C006579,2025-10-21,Japan,instagram,False
C006580,2025-10-21,India,organic,True
C006581,2025-10-21,India,organic,False
C006582,2025-10-21,India,organic,True
C006583,2025-10-21,India,google_ads,True
C006584,2025-10-21,India,instagram,True
C006585,2025-10-21,India,organic,True
C006586,2025-10-21,Germany,instagram,False
C006587,2025-10-21,Japan,referral,True
C006588,2025-10-21,United Kingdom,organic,False
C006589,2025-10-21,India,instagram,False
C006590,2025-10-21,India,marketplace,True
C006591,2025-10-21,India,marketplace,False
C006592,2025-10-21,United States,referral,True
C006593,2025-10-21,India,organic,False
C006594,2025-10-21,United Kingdom,instagram,True
C006595,2025-10-21,India,google_ads,True
C006596,2025-10-21,India,instagram,True
C006597,2025-10-21,Germany,organic,False
C006598,2025-10-21,Germany,google_ads,False
C006599,2025-10-21,UAE,email,True
C006600,2025-10-21,Japan,google_ads,True
C006601,2025-10-22,India,referral,False
C006602,2025-10-22,India,organic,True
C006603,2025-10-22,India,referral,True
C006604,2025-10-22,India,organic,False
C006605,2025-10-22,India,referral,True
C006606,2025-10-22,United Kingdom,google_ads,True
C006607,2025-10-22,India,google_ads,True
C006608,2025-10-22,United Kingdom,email,True
C006609,2025-10-22,India,marketplace,False
C006610,2025-10-22,India,google_ads,True
C006611,2025-10-22,Japan,instagram,True
C006612,2025-10-22,India,organic,False
C006613,2025-10-22,India,organic,True
C006614,2025-10-22,United States,organic,True
C006615,2025-10-22,Australia,google_ads,True
C006616,2025-10-22,India,organic,True
C006617,2025-10-22,UAE,instagram,False
C006618,2025-10-22,Canada,organic,False
C006619,2025-10-22,India,google_ads,False
C006620,2025-10-22,India,organic,True
C006621,2025-10-22,India,organic,False
C006622,2025-10-22,Japan,instagram,False
C006623,2025-10-23,Germany,organic,False
C006624,2025-10-23,UAE,organic,True
C006625,2025-10-23,United States,google_ads,True
C006626,2025-10-23,Australia,organic,False
C006627,2025-10-23,India,email,True
C006628,2025-10-23,India,instagram,True
C006629,2025-10-23,India,referral,True
C006630,2025-10-23,India,instagram,False
C006631,2025-10-23,India,organic,True
C006632,2025-10-23,India,organic,True
C006633,2025-10-23,United States,organic,False
C006634,2025-10-23,Germany,referral,True
C006635,2025-10-23,United States,organic,True
C006636,2025-10-23,United Kingdom,google_ads,False
C006637,2025-10-23,Australia,google_ads,True
C006638,2025-10-24,United Kingdom,instagram,True
C006639,2025-10-24,India,organic,True
C006640,2025-10-24,United Kingdom,organic,False
C006641,2025-10-24,Australia,email,False
C006642,2025-10-24,India,organic,False
C006643,2025-10-24,India,instagram,False
C006644,2025-10-24,India,instagram,False
C006645,2025-10-24,UAE,google_ads,True
C006646,2025-10-24,United States,instagram,True
C006647,2025-10-24,United Kingdom,google_ads,False
C006648,2025-10-24,India,google_ads,True
C006649,2025-10-24,India,referral,False
C006650,2025-10-24,India,organic,True
C006651,2025-10-24,India,instagram,True
C006652,2025-10-24,India,instagram,True
C006653,2025-10-24,United States,google_ads,True
C006654,2025-10-24,Japan,marketplace,True
C006655,2025-10-24,United States,organic,False
C006656,2025-10-24,India,google_ads,True
C006657,2025-10-24,India,instagram,True
C006658,2025-10-24,India,instagram,True
C006659,2025-10-24,United States,organic,False
C006660,2025-10-24,India,organic,True
C006661,2025-10-24,United Kingdom,organic,True
C006662,2025-10-24,United States,organic,False
C006663,2025-10-24,India,google_ads,True
C006664,2025-10-24,United Kingdom,google_ads,True
C006665,2025-10-25,India,google_ads,True
C006666,2025-10-25,India,instagram,True
C006667,2025-10-25,Australia,referral,True
C006668,2025-10-25,UAE,organic,True
C006669,2025-10-25,UAE,instagram,False
C006670,2025-10-25,United States,marketplace,True
C006671,2025-10-25,United States,marketplace,True
C006672,2025-10-25,India,marketplace,False
C006673,2025-10-25,India,marketplace,False
C006674,2025-10-25,India,instagram,True
C006675,2025-10-25,Canada,instagram,False
C006676,2025-10-25,Japan,instagram,True
C006677,2025-10-25,Germany,referral,True
C006678,2025-10-25,India,organic,False
C006679,2025-10-25,India,marketplace,True
C006680,2025-10-25,India,google_ads,True
C006681,2025-10-25,India,instagram,True
C006682,2025-10-25,India,email,True
C006683,2025-10-25,India,referral,True
C006684,2025-10-25,India,instagram,False
C006685,2025-10-26,UAE,organic,True
C006686,2025-10-26,United States,organic,False
C006687,2025-10-26,India,organic,True
C006688,2025-10-26,United States,instagram,True
C006689,2025-10-26,India,organic,False
C006690,2025-10-26,Japan,referral,True
C006691,2025-10-26,UAE,instagram,False
C006692,2025-10-26,United States,email,False
C006693,2025-10-26,India,referral,False
C006694,2025-10-26,Germany,email,True
C006695,2025-10-26,United States,organic,False
C006696,2025-10-26,India,instagram,True
C006697,2025-10-26,India,marketplace,True
C006698,2025-10-26,United States,google_ads,False
C006699,2025-10-26,United States,organic,False
C006700,2025-10-26,India,organic,False
C006701,2025-10-26,United States,google_ads,True
C006702,2025-10-26,United Kingdom,organic,True
C006703,2025-10-26,United States,email,True
C006704,2025-10-26,India,marketplace,True
C006705,2025-10-26,United States,email,True
C006706,2025-10-26,India,organic,True
C006707,2025-10-26,India,marketplace,False
C006708,2025-10-26,India,instagram,True
C006709,2025-10-26,India,google_ads,False
C006710,2025-10-26,United States,instagram,False
C006711,2025-10-26,United States,email,False
C006712,2025-10-26,India,instagram,True
C006713,2025-10-26,India,organic,False
C006714,2025-10-26,Canada,google_ads,True
C006715,2025-10-26,India,marketplace,True
C006716,2025-10-26,Japan,google_ads,True
C006717,2025-10-26,India,organic,False
C006718,2025-10-26,United Kingdom,google_ads,False
C006719,2025-10-27,India,email,True
C006720,2025-10-27,UAE,organic,True
C006721,2025-10-27,Australia,organic,True
C006722,2025-10-27,Germany,organic,True
C006723,2025-10-27,Japan,google_ads,True
C006724,2025-10-27,India,email,False
C006725,2025-10-27,Australia,organic,True
C006726,2025-10-27,Germany,email,True
C006727,2025-10-27,Germany,instagram,False
C006728,2025-10-27,United States,instagram,False
C006729,2025-10-27,United Kingdom,referral,True
C006730,2025-10-27,UAE,organic,False
C006731,2025-10-27,India,marketplace,False
C006732,2025-10-27,United States,organic,False
C006733,2025-10-28,India,organic,True
C006734,2025-10-28,India,google_ads,False
C006735,2025-10-28,India,google_ads,True
C006736,2025-10-28,United Kingdom,organic,True
C006737,2025-10-28,India,marketplace,True
C006738,2025-10-28,India,organic,False
C006739,2025-10-28,India,instagram,True
C006740,2025-10-28,India,organic,True
C006741,2025-10-28,India,organic,True
C006742,2025-10-28,India,organic,False
C006743,2025-10-28,India,organic,True
C006744,2025-10-28,India,instagram,True
C006745,2025-10-28,United States,marketplace,True
C006746,2025-10-28,United States,instagram,True
C006747,2025-10-28,India,instagram,True
C006748,2025-10-28,Canada,organic,False
C006749,2025-10-28,India,marketplace,True
C006750,2025-10-28,India,marketplace,True
C006751,2025-10-28,India,instagram,True
C006752,2025-10-28,Canada,organic,True
C006753,2025-10-28,India,instagram,True
C006754,2025-10-29,United Kingdom,google_ads,True
C006755,2025-10-29,Japan,organic,True
C006756,2025-10-29,UAE,organic,True
C006757,2025-10-29,Japan,organic,True
C006758,2025-10-29,United States,instagram,False
C006759,2025-10-29,United Kingdom,instagram,True
C006760,2025-10-29,Canada,organic,False
C006761,2025-10-29,India,organic,True
C006762,2025-10-29,India,marketplace,False
C006763,2025-10-29,India,instagram,True
C006764,2025-10-29,United States,organic,True
C006765,2025-10-29,Canada,instagram,False
C006766,2025-10-29,India,instagram,False
C006767,2025-10-29,India,organic,True
C006768,2025-10-29,India,google_ads,False
C006769,2025-10-29,United Kingdom,google_ads,True
C006770,2025-10-29,India,organic,True
C006771,2025-10-29,India,referral,True
C006772,2025-10-30,India,google_ads,True
C006773,2025-10-30,India,instagram,False
C006774,2025-10-30,Japan,google_ads,True
C006775,2025-10-30,India,organic,True
C006776,2025-10-30,India,instagram,False
C006777,2025-10-30,Japan,organic,False
C006778,2025-10-30,Japan,marketplace,True
C006779,2025-10-30,India,marketplace,False
C006780,2025-10-30,Australia,marketplace,True
C006781,2025-10-30,United States,instagram,True
C006782,2025-10-30,India,google_ads,False
C006783,2025-10-30,India,organic,False
C006784,2025-10-30,India,google_ads,False
C006785,2025-10-30,United Kingdom,instagram,True
C006786,2025-10-30,India,organic,True
C006787,2025-10-30,India,instagram,True
C006788,2025-10-30,United States,instagram,True
C006789,2025-10-30,India,organic,True
C006790,2025-10-30,United States,google_ads,True
C006791,2025-10-30,India,organic,False
C006792,2025-10-30,Australia,google_ads,True
C006793,2025-10-30,India,instagram,False
C006794,2025-10-30,India,organic,True
C006795,2025-10-30,United States,organic,True
C006796,2025-10-30,India,referral,False
C006797,2025-10-30,India,marketplace,True
C006798,2025-10-31,India,referral,False
C006799,2025-10-31,United Kingdom,organic,True
C006800,2025-10-31,UAE,marketplace,True
C006801,2025-10-31,India,referral,True
C006802,2025-10-31,India,organic,False
C006803,2025-10-31,India,organic,False
C006804,2025-10-31,India,marketplace,True
C006805,2025-10-31,India,instagram,False
C006806,2025-10-31,India,organic,False
C006807,2025-10-31,India,organic,True
C006808,2025-10-31,India,organic,True
C006809,2025-10-31,India,marketplace,True
C006810,2025-10-31,India,organic,True
C006811,2025-10-31,India,organic,True
C006812,2025-10-31,United States,google_ads,True
C006813,2025-10-31,India,organic,False
C006814,2025-10-31,India,organic,True
C006815,2025-10-31,Japan,organic,True
C006816,2025-10-31,UAE,instagram,True
C006817,2025-10-31,India,instagram,False
C006818,2025-10-31,India,organic,True
C006819,2025-10-31,India,organic,False
C006820,2025-10-31,UAE,organic,True
C006821,2025-10-31,India,instagram,False
C006822,2025-10-31,Canada,organic,True
C006823,2025-10-31,United States,google_ads,True
C006824,2025-10-31,India,google_ads,True
C006825,2025-11-01,India,google_ads,False
C006826,2025-11-01,India,organic,True
C006827,2025-11-01,India,organic,True
C006828,2025-11-01,United Kingdom,organic,True
C006829,2025-11-01,Germany,organic,False
C006830,2025-11-01,India,organic,True
C006831,2025-11-01,Australia,organic,True
C006832,2025-11-01,United States,marketplace,False
C006833,2025-11-01,United States,referral,False
C006834,2025-11-01,India,instagram,False
C006835,2025-11-01,Germany,referral,True
C006836,2025-11-01,UAE,instagram,True
C006837,2025-11-01,India,referral,False
C006838,2025-11-01,India,google_ads,True
C006839,2025-11-01,Canada,organic,True
C006840,2025-11-01,United States,email,True
C006841,2025-11-01,India,instagram,False
C006842,2025-11-01,United Kingdom,marketplace,True
C006843,2025-11-01,India,google_ads,True
C006844,2025-11-01,Canada,marketplace,True
C006845,2025-11-01,India,organic,True
C006846,2025-11-01,India,marketplace,False
C006847,2025-11-01,United Kingdom,organic,True
C006848,2025-11-01,UAE,google_ads,True
C006849,2025-11-02,United Kingdom,organic,False
C006850,2025-11-02,Germany,google_ads,False
C006851,2025-11-02,India,organic,False
C006852,2025-11-02,India,referral,True
C006853,2025-11-02,India,marketplace,True
C006854,2025-11-02,India,instagram,True
C006855,2025-11-02,United States,organic,False
C006856,2025-11-02,India,organic,True
C006857,2025-11-02,India,referral,True
C006858,2025-11-02,India,referral,True
C006859,2025-11-02,India,marketplace,False
C006860,2025-11-02,India,organic,True
C006861,2025-11-02,India,google_ads,True
C006862,2025-11-02,India,google_ads,True
C006863,2025-11-02,India,instagram,True
C006864,2025-11-02,India,organic,True
C006865,2025-11-02,Australia,marketplace,True
C006866,2025-11-02,United States,google_ads,False
C006867,2025-11-02,Germany,referral,True
C006868,2025-11-02,Japan,referral,True
C006869,2025-11-02,Germany,google_ads,True
C006870,2025-11-02,India,organic,True
C006871,2025-11-02,United States,instagram,True
C006872,2025-11-02,India,organic,True
C006873,2025-11-02,UAE,instagram,True
C006874,2025-11-03,Japan,referral,True
C006875,2025-11-03,Australia,referral,False
C006876,2025-11-03,United Kingdom,marketplace,False
C006877,2025-11-03,UAE,instagram,True
C006878,2025-11-03,United Kingdom,organic,False
C006879,2025-11-03,United Kingdom,instagram,True
C006880,2025-11-03,UAE,instagram,True
C006881,2025-11-03,India,referral,True
C006882,2025-11-03,India,organic,False
C006883,2025-11-03,India,organic,False
C006884,2025-11-03,Japan,instagram,False
C006885,2025-11-03,India,instagram,False
C006886,2025-11-03,Australia,instagram,False
C006887,2025-11-03,India,instagram,False
C006888,2025-11-03,India,instagram,False
C006889,2025-11-03,India,google_ads,True
C006890,2025-11-03,India,marketplace,True
C006891,2025-11-04,India,organic,False
C006892,2025-11-04,Australia,marketplace,False
C006893,2025-11-04,UAE,organic,True
C006894,2025-11-04,Canada,instagram,False
C006895,2025-11-04,United States,organic,True
C006896,2025-11-04,India,google_ads,True
C006897,2025-11-04,United Kingdom,instagram,False
C006898,2025-11-04,United States,organic,False
C006899,2025-11-04,United States,google_ads,True
C006900,2025-11-04,India,google_ads,True
C006901,2025-11-04,India,email,True
C006902,2025-11-04,India,referral,True
C006903,2025-11-04,India,instagram,False
C006904,2025-11-04,India,google_ads,True
C006905,2025-11-04,Australia,instagram,False
C006906,2025-11-04,India,marketplace,True
C006907,2025-11-04,United States,google_ads,False
C006908,2025-11-04,India,instagram,True
C006909,2025-11-04,India,marketplace,True
C006910,2025-11-05,Germany,instagram,False
C006911,2025-11-05,United States,instagram,False
C006912,2025-11-05,India,referral,True
C006913,2025-11-05,United States,instagram,True
C006914,2025-11-05,United States,instagram,True
C006915,2025-11-05,India,google_ads,True
C006916,2025-11-05,India,organic,False
C006917,2025-11-05,India,organic,False
C006918,2025-11-05,India,referral,False
C006919,2025-11-05,India,instagram,True
C006920,2025-11-05,India,google_ads,False
C006921,2025-11-05,India,marketplace,False
C006922,2025-11-05,India,referral,True
C006923,2025-11-05,India,organic,True
C006924,2025-11-05,India,organic,True
C006925,2025-11-05,India,google_ads,True
C006926,2025-11-05,India,google_ads,True
C006927,2025-11-06,Japan,marketplace,False
C006928,2025-11-06,India,organic,False
C006929,2025-11-06,Australia,organic,False
C006930,2025-11-06,United States,organic,True
C006931,2025-11-06,United Kingdom,organic,True
C006932,2025-11-06,India,instagram,True
C006933,2025-11-06,UAE,instagram,True
C006934,2025-11-06,India,instagram,True
C006935,2025-11-06,United States,instagram,True
C006936,2025-11-06,Germany,google_ads,True
C006937,2025-11-06,United States,instagram,True
C006938,2025-11-06,India,organic,True
C006939,2025-11-06,India,organic,True
C006940,2025-11-06,India,google_ads,False
C006941,2025-11-06,India,instagram,False
C006942,2025-11-06,India,instagram,False
C006943,2025-11-06,United States,google_ads,True
C006944,2025-11-06,United Kingdom,google_ads,True
C006945,2025-11-07,India,organic,True
C006946,2025-11-07,India,instagram,False
C006947,2025-11-07,Japan,organic,False
C006948,2025-11-07,India,email,False
C006949,2025-11-07,Germany,instagram,True
C006950,2025-11-07,United Kingdom,instagram,True
C006951,2025-11-07,India,email,True
C006952,2025-11-07,India,organic,True
C006953,2025-11-07,India,organic,True
C006954,2025-11-07,India,email,False
C006955,2025-11-07,India,referral,True
C006956,2025-11-07,India,instagram,False
C006957,2025-11-07,United Kingdom,instagram,True
C006958,2025-11-07,United Kingdom,google_ads,False
C006959,2025-11-07,United Kingdom,google_ads,True
C006960,2025-11-07,United States,marketplace,False
C006961,2025-11-07,UAE,organic,False
C006962,2025-11-07,Japan,instagram,False
C006963,2025-11-07,India,referral,True
C006964,2025-11-07,India,organic,False
C006965,2025-11-07,India,google_ads,False
C006966,2025-11-08,India,marketplace,False
C006967,2025-11-08,Japan,referral,True
C006968,2025-11-08,United Kingdom,google_ads,True
C006969,2025-11-08,India,organic,True
C006970,2025-11-08,UAE,organic,True
C006971,2025-11-08,United Kingdom,organic,True
C006972,2025-11-08,Germany,instagram,True
C006973,2025-11-08,India,organic,False
C006974,2025-11-08,India,organic,True
C006975,2025-11-08,India,instagram,False
C006976,2025-11-08,United States,organic,True
C006977,2025-11-08,United Kingdom,google_ads,True
C006978,2025-11-08,India,organic,False
C006979,2025-11-08,United Kingdom,organic,False
C006980,2025-11-08,India,google_ads,False
C006981,2025-11-08,India,instagram,False
C006982,2025-11-08,India,organic,False
C006983,2025-11-08,India,organic,True
C006984,2025-11-08,India,instagram,True
C006985,2025-11-08,India,google_ads,True
C006986,2025-11-08,United Kingdom,marketplace,False
C006987,2025-11-08,India,google_ads,True
C006988,2025-11-08,India,instagram,False
C006989,2025-11-08,India,google_ads,True
C006990,2025-11-08,Japan,marketplace,True
C006991,2025-11-08,United States,instagram,False
C006992,2025-11-09,India,email,False
C006993,2025-11-09,United States,marketplace,False
C006994,2025-11-09,India,instagram,True
C006995,2025-11-09,India,instagram,True
C006996,2025-11-09,United States,google_ads,False
C006997,2025-11-09,India,marketplace,False
C006998,2025-11-09,India,organic,True
C006999,2025-11-09,Germany,google_ads,False
C007000,2025-11-09,Canada,google_ads,True
C007001,2025-11-09,United States,instagram,True
C007002,2025-11-09,India,instagram,True
C007003,2025-11-09,India,organic,True
C007004,2025-11-09,India,google_ads,False
C007005,2025-11-09,United States,google_ads,False
C007006,2025-11-09,India,email,True
C007007,2025-11-09,India,organic,True
C007008,2025-11-09,India,referral,False
C007009,2025-11-09,Canada,organic,True
C007010,2025-11-09,India,instagram,True
C007011,2025-11-09,India,google_ads,True
C007012,2025-11-09,India,google_ads,True
C007013,2025-11-09,India,google_ads,True
C007014,2025-11-09,India,marketplace,True
C007015,2025-11-09,India,instagram,False
C007016,2025-11-09,United States,instagram,True
C007017,2025-11-09,Australia,instagram,True
C007018,2025-11-09,Australia,organic,True
C007019,2025-11-10,India,referral,True
C007020,2025-11-10,UAE,marketplace,False
C007021,2025-11-10,United States,referral,True
C007022,2025-11-10,India,organic,False
C007023,2025-11-10,United States,organic,False
C007024,2025-11-10,United States,google_ads,True
C007025,2025-11-10,India,email,True
C007026,2025-11-10,Japan,instagram,False
C007027,2025-11-10,India,instagram,False
C007028,2025-11-10,India,marketplace,True
C007029,2025-11-10,India,google_ads,True
C007030,2025-11-10,India,google_ads,False
C007031,2025-11-10,Canada,marketplace,True
C007032,2025-11-10,United States,referral,True
C007033,2025-11-10,India,organic,True
C007034,2025-11-10,United States,organic,False
C007035,2025-11-10,Germany,referral,False
C007036,2025-11-10,United States,instagram,False
C007037,2025-11-10,Canada,marketplace,True
C007038,2025-11-10,India,google_ads,True
C007039,2025-11-10,India,instagram,True
C007040,2025-11-10,United States,organic,True
C007041,2025-11-10,India,organic,False
C007042,2025-11-10,India,google_ads,False
C007043,2025-11-10,Germany,instagram,True
C007044,2025-11-11,Japan,email,True
C007045,2025-11-11,UAE,instagram,False
C007046,2025-11-11,India,instagram,True
C007047,2025-11-11,India,google_ads,False
C007048,2025-11-11,Japan,google_ads,True
C007049,2025-11-11,India,instagram,True
C007050,2025-11-11,India,referral,True
C007051,2025-11-11,Australia,referral,True
C007052,2025-11-11,India,google_ads,True
C007053,2025-11-11,India,organic,False
C007054,2025-11-11,UAE,google_ads,False
C007055,2025-11-11,Canada,organic,True
C007056,2025-11-11,India,google_ads,False
C007057,2025-11-11,India,instagram,False
C007058,2025-11-11,India,organic,False
C007059,2025-11-11,India,marketplace,True
C007060,2025-11-11,Australia,instagram,True
C007061,2025-11-11,United Kingdom,referral,True
C007062,2025-11-11,India,instagram,True
C007063,2025-11-11,India,instagram,True
C007064,2025-11-11,United States,organic,False
C007065,2025-11-11,United States,referral,False
C007066,2025-11-11,United Kingdom,instagram,True
C007067,2025-11-11,India,instagram,False
C007068,2025-11-11,India,instagram,True
C007069,2025-11-11,India,instagram,True
C007070,2025-11-11,India,google_ads,False
C007071,2025-11-11,United Kingdom,instagram,True
C007072,2025-11-12,Australia,referral,True
C007073,2025-11-12,United States,organic,True
C007074,2025-11-12,United Kingdom,instagram,False
C007075,2025-11-12,India,marketplace,True
C007076,2025-11-12,India,organic,True
C007077,2025-11-12,United Kingdom,google_ads,False
C007078,2025-11-12,India,organic,False
C007079,2025-11-12,United Kingdom,instagram,True
C007080,2025-11-12,Germany,marketplace,True
C007081,2025-11-12,India,instagram,True
C007082,2025-11-12,Germany,referral,True
C007083,2025-11-12,UAE,instagram,True
C007084,2025-11-12,India,instagram,True
C007085,2025-11-12,India,google_ads,False
C007086,2025-11-12,Canada,google_ads,False
C007087,2025-11-12,India,instagram,True
C007088,2025-11-12,Australia,referral,False
C007089,2025-11-12,India,email,True
C007090,2025-11-12,United States,organic,False
C007091,2025-11-12,India,marketplace,False
C007092,2025-11-12,India,referral,True
C007093,2025-11-12,Australia,instagram,False
C007094,2025-11-13,Germany,instagram,False
C007095,2025-11-13,India,organic,False
C007096,2025-11-13,United States,google_ads,True
C007097,2025-11-13,India,referral,False
C007098,2025-11-13,United States,google_ads,True
C007099,2025-11-13,Australia,organic,False
C007100,2025-11-13,India,organic,False
C007101,2025-11-13,India,organic,True
C007102,2025-11-13,India,organic,False
C007103,2025-11-13,Germany,referral,True
C007104,2025-11-13,India,organic,False
C007105,2025-11-13,India,instagram,True
C007106,2025-11-13,UAE,instagram,True
C007107,2025-11-13,India,organic,True
C007108,2025-11-13,India,referral,True
C007109,2025-11-14,United Kingdom,google_ads,True
C007110,2025-11-14,India,organic,True
C007111,2025-11-14,United Kingdom,marketplace,False
C007112,2025-11-14,India,google_ads,True
C007113,2025-11-14,India,instagram,True
C007114,2025-11-14,United States,instagram,True
C007115,2025-11-14,United States,marketplace,True
C007116,2025-11-14,India,organic,False
C007117,2025-11-14,India,google_ads,True
C007118,2025-11-14,India,organic,False
C007119,2025-11-14,India,google_ads,False
C007120,2025-11-14,India,organic,False
C007121,2025-11-14,United States,organic,True
C007122,2025-11-14,United States,organic,True
C007123,2025-11-14,Germany,organic,False
C007124,2025-11-14,India,referral,False
C007125,2025-11-14,India,google_ads,False
C007126,2025-11-14,India,google_ads,True
C007127,2025-11-14,India,google_ads,True
C007128,2025-11-14,India,google_ads,True
C007129,2025-11-14,India,organic,True
C007130,2025-11-14,India,marketplace,False
C007131,2025-11-15,United States,instagram,True
C007132,2025-11-15,Japan,organic,False
C007133,2025-11-15,India,organic,True
C007134,2025-11-15,United Kingdom,organic,False
C007135,2025-11-15,United Kingdom,instagram,True
C007136,2025-11-15,India,marketplace,True
C007137,2025-11-15,India,google_ads,True
C007138,2025-11-15,Japan,referral,True
C007139,2025-11-15,Germany,instagram,False
C007140,2025-11-15,United States,organic,True
C007141,2025-11-15,United States,instagram,True
C007142,2025-11-15,India,instagram,True
C007143,2025-11-15,India,instagram,True
C007144,2025-11-15,India,referral,True
C007145,2025-11-15,India,marketplace,False
C007146,2025-11-15,United States,referral,True
C007147,2025-11-15,Germany,google_ads,False
C007148,2025-11-15,India,instagram,True
C007149,2025-11-15,India,marketplace,True
C007150,2025-11-15,India,google_ads,False
C007151,2025-11-15,United Kingdom,instagram,False
C007152,2025-11-15,India,instagram,False
C007153,2025-11-15,India,instagram,True
C007154,2025-11-15,Germany,google_ads,False
C007155,2025-11-15,Germany,organic,True
C007156,2025-11-15,UAE,marketplace,True
C007157,2025-11-15,India,referral,True
C007158,2025-11-15,India,email,True
C007159,2025-11-15,United States,organic,False
C007160,2025-11-15,United States,google_ads,True
C007161,2025-11-15,Germany,organic,False
C007162,2025-11-16,United States,organic,False
C007163,2025-11-16,United States,referral,False
C007164,2025-11-16,India,marketplace,True
C007165,2025-11-16,Japan,marketplace,True
C007166,2025-11-16,India,marketplace,False
C007167,2025-11-16,India,instagram,True
C007168,2025-11-16,India,google_ads,False
C007169,2025-11-16,Japan,referral,False
C007170,2025-11-16,United States,referral,True
C007171,2025-11-16,India,instagram,True
C007172,2025-11-16,India,organic,True
C007173,2025-11-16,India,marketplace,True
C007174,2025-11-16,United States,referral,True
C007175,2025-11-16,India,instagram,True
C007176,2025-11-16,United States,google_ads,False
C007177,2025-11-16,India,organic,False
C007178,2025-11-16,India,marketplace,True
C007179,2025-11-16,Canada,marketplace,True
C007180,2025-11-16,UAE,organic,True
C007181,2025-11-16,India,organic,True
C007182,2025-11-16,Japan,google_ads,True
C007183,2025-11-17,India,google_ads,True
C007184,2025-11-17,India,referral,True
C007185,2025-11-17,United States,organic,True
C007186,2025-11-17,India,google_ads,True
C007187,2025-11-17,Canada,google_ads,True
C007188,2025-11-17,India,google_ads,True
C007189,2025-11-17,India,google_ads,True
C007190,2025-11-17,United States,instagram,False
C007191,2025-11-17,Australia,google_ads,True
C007192,2025-11-17,India,google_ads,True
C007193,2025-11-17,India,marketplace,False
C007194,2025-11-17,India,instagram,True
C007195,2025-11-17,United States,email,True
C007196,2025-11-17,Australia,organic,True
C007197,2025-11-17,United States,email,False
C007198,2025-11-17,United Kingdom,organic,False
C007199,2025-11-17,Japan,instagram,False
C007200,2025-11-17,Australia,instagram,True
C007201,2025-11-17,United Kingdom,marketplace,True
C007202,2025-11-17,Germany,instagram,False
C007203,2025-11-17,India,organic,False
C007204,2025-11-17,India,instagram,False
C007205,2025-11-17,India,google_ads,True
C007206,2025-11-18,Germany,organic,True
C007207,2025-11-18,India,referral,False
C007208,2025-11-18,India,google_ads,True
C007209,2025-11-18,India,referral,False
C007210,2025-11-18,Japan,google_ads,False
C007211,2025-11-18,India,google_ads,True
C007212,2025-11-18,Germany,referral,True
C007213,2025-11-18,India,organic,False
C007214,2025-11-18,India,organic,False
C007215,2025-11-18,Australia,organic,True
C007216,2025-11-18,India,organic,True
C007217,2025-11-18,India,google_ads,True
C007218,2025-11-18,United States,google_ads,True
C007219,2025-11-18,Germany,instagram,False
C007220,2025-11-18,India,google_ads,True
C007221,2025-11-18,India,marketplace,False
C007222,2025-11-18,India,referral,False
C007223,2025-11-19,United States,organic,False
C007224,2025-11-19,United States,email,True
C007225,2025-11-19,United Kingdom,organic,True
C007226,2025-11-19,India,referral,True
C007227,2025-11-19,Japan,organic,True
C007228,2025-11-19,India,email,True
C007229,2025-11-19,United Kingdom,organic,False
C007230,2025-11-19,India,google_ads,True
C007231,2025-11-19,Australia,referral,False
C007232,2025-11-19,India,marketplace,True
C007233,2025-11-19,United Kingdom,instagram,True
C007234,2025-11-19,United States,referral,True
C007235,2025-11-19,India,referral,True
C007236,2025-11-19,India,referral,True
C007237,2025-11-19,India,organic,True
C007238,2025-11-19,India,organic,True
C007239,2025-11-19,United Kingdom,organic,True
C007240,2025-11-19,United Kingdom,instagram,False
C007241,2025-11-19,India,google_ads,True
C007242,2025-11-19,India,instagram,True
C007243,2025-11-19,United Kingdom,referral,True
C007244,2025-11-19,India,google_ads,True
C007245,2025-11-19,India,google_ads,False
C007246,2025-11-19,India,organic,True
C007247,2025-11-19,India,organic,True
C007248,2025-11-19,Japan,referral,False
C007249,2025-11-20,India,organic,False
C007250,2025-11-20,India,organic,False
C007251,2025-11-20,United Kingdom,organic,True
C007252,2025-11-20,UAE,google_ads,False
C007253,2025-11-20,India,organic,True
C007254,2025-11-20,India,organic,False
C007255,2025-11-20,India,google_ads,False
C007256,2025-11-20,Japan,marketplace,False
C007257,2025-11-20,India,organic,True
C007258,2025-11-20,India,organic,True
C007259,2025-11-20,Japan,marketplace,False
C007260,2025-11-20,Germany,referral,False
C007261,2025-11-20,India,referral,False
C007262,2025-11-20,India,organic,True
C007263,2025-11-20,India,instagram,True
C007264,2025-11-21,Australia,organic,True
C007265,2025-11-21,India,organic,True
C007266,2025-11-21,United States,organic,True
C007267,2025-11-21,India,google_ads,True
C007268,2025-11-21,India,instagram,False
C007269,2025-11-21,India,instagram,False
C007270,2025-11-21,United Kingdom,referral,True
C007271,2025-11-21,United Kingdom,marketplace,False
C007272,2025-11-21,India,marketplace,True
C007273,2025-11-21,India,instagram,True
C007274,2025-11-21,Japan,google_ads,True
C007275,2025-11-21,United States,instagram,True
C007276,2025-11-21,India,google_ads,True
C007277,2025-11-21,India,instagram,False
C007278,2025-11-22,India,marketplace,True
C007279,2025-11-22,Japan,instagram,True
C007280,2025-11-22,India,marketplace,True
C007281,2025-11-22,UAE,instagram,False
C007282,2025-11-22,India,organic,True
C007283,2025-11-22,India,organic,True
C007284,2025-11-22,United Kingdom,instagram,True
C007285,2025-11-22,India,organic,False
C007286,2025-11-22,Australia,instagram,True
C007287,2025-11-22,India,organic,True
C007288,2025-11-22,India,referral,True
C007289,2025-11-22,Germany,marketplace,True
C007290,2025-11-22,Japan,instagram,True
C007291,2025-11-22,United States,google_ads,True
C007292,2025-11-22,India,instagram,False
C007293,2025-11-22,Canada,instagram,True
C007294,2025-11-22,India,instagram,True
C007295,2025-11-22,Japan,instagram,False
C007296,2025-11-22,United Kingdom,organic,False
C007297,2025-11-22,India,organic,True
C007298,2025-11-22,India,email,True
C007299,2025-11-22,India,organic,True
C007300,2025-11-22,India,organic,False
C007301,2025-11-22,Germany,instagram,False
C007302,2025-11-22,India,instagram,True
C007303,2025-11-22,India,email,False
C007304,2025-11-22,India,organic,False
C007305,2025-11-22,India,marketplace,False
C007306,2025-11-22,Australia,referral,False
C007307,2025-11-22,India,google_ads,True
C007308,2025-11-22,India,instagram,True
C007309,2025-11-23,India,google_ads,True
C007310,2025-11-23,UAE,instagram,True
C007311,2025-11-23,United States,google_ads,True
C007312,2025-11-23,India,google_ads,False
C007313,2025-11-23,India,organic,False
C007314,2025-11-23,India,instagram,False
C007315,2025-11-23,Canada,instagram,False
C007316,2025-11-23,Australia,organic,True
C007317,2025-11-23,India,organic,True
C007318,2025-11-23,India,organic,False
C007319,2025-11-23,India,google_ads,False
C007320,2025-11-23,India,organic,False
C007321,2025-11-23,Germany,google_ads,True
C007322,2025-11-23,United States,instagram,False
C007323,2025-11-23,India,referral,True
C007324,2025-11-23,India,google_ads,False
C007325,2025-11-23,United States,organic,True
C007326,2025-11-23,Germany,referral,True
C007327,2025-11-23,India,instagram,True
C007328,2025-11-23,India,instagram,True
C007329,2025-11-23,United States,organic,False
C007330,2025-11-23,India,google_ads,False
C007331,2025-11-23,United States,email,False
C007332,2025-11-23,India,email,True
C007333,2025-11-23,Germany,organic,True
C007334,2025-11-23,India,instagram,True
C007335,2025-11-23,Germany,organic,False
C007336,2025-11-23,India,google_ads,True
C007337,2025-11-23,India,instagram,True
C007338,2025-11-23,India,instagram,True
C007339,2025-11-24,United States,instagram,True
C007340,2025-11-24,India,referral,True
C007341,2025-11-24,United States,marketplace,False
C007342,2025-11-24,United States,organic,True
C007343,2025-11-24,India,organic,False
C007344,2025-11-24,Canada,organic,False
C007345,2025-11-24,Germany,marketplace,False
C007346,2025-11-24,UAE,instagram,False
C007347,2025-11-24,United States,organic,True
C007348,2025-11-24,United States,organic,True
C007349,2025-11-24,Australia,instagram,False
C007350,2025-11-24,Canada,google_ads,True
C007351,2025-11-24,India,google_ads,True
C007352,2025-11-24,United States,organic,True
C007353,2025-11-24,India,google_ads,False
C007354,2025-11-24,UAE,email,False
C007355,2025-11-24,United States,google_ads,True
C007356,2025-11-24,India,organic,False
C007357,2025-11-24,Canada,marketplace,True
C007358,2025-11-24,India,referral,True
C007359,2025-11-24,India,google_ads,False
C007360,2025-11-24,United States,instagram,False
C007361,2025-11-24,India,marketplace,False
C007362,2025-11-24,United States,google_ads,False
C007363,2025-11-24,India,instagram,False
C007364,2025-11-24,India,instagram,True
C007365,2025-11-24,India,organic,False
C007366,2025-11-24,India,instagram,False
C007367,2025-11-24,India,instagram,False
C007368,2025-11-24,United States,google_ads,True
C007369,2025-11-24,India,marketplace,True
C007370,2025-11-24,UAE,instagram,True
C007371,2025-11-24,United States,instagram,True
C007372,2025-11-24,United Kingdom,instagram,True
C007373,2025-11-25,India,marketplace,False
C007374,2025-11-25,United States,marketplace,True
C007375,2025-11-25,India,instagram,True
C007376,2025-11-25,India,organic,True
C007377,2025-11-25,India,organic,False
C007378,2025-11-25,United States,google_ads,False
C007379,2025-11-25,India,instagram,True
C007380,2025-11-25,United States,instagram,False
C007381,2025-11-25,India,instagram,False
C007382,2025-11-25,India,instagram,True
C007383,2025-11-25,India,instagram,False
C007384,2025-11-25,India,organic,True
C007385,2025-11-25,India,organic,True
C007386,2025-11-25,India,marketplace,False
C007387,2025-11-25,India,instagram,True
C007388,2025-11-25,India,instagram,True
C007389,2025-11-25,India,email,True
C007390,2025-11-25,India,marketplace,True
C007391,2025-11-25,India,google_ads,True
C007392,2025-11-25,United Kingdom,instagram,False
C007393,2025-11-25,Japan,organic,True
C007394,2025-11-25,India,instagram,True
C007395,2025-11-25,Canada,google_ads,True
C007396,2025-11-25,Germany,organic,True
C007397,2025-11-25,United States,organic,False
C007398,2025-11-25,Japan,google_ads,True
C007399,2025-11-25,India,organic,True
C007400,2025-11-25,Germany,google_ads,True
C007401,2025-11-26,India,google_ads,False
C007402,2025-11-26,India,google_ads,True
C007403,2025-11-26,India,instagram,False
C007404,2025-11-26,UAE,organic,True
C007405,2025-11-26,India,google_ads,True
C007406,2025-11-26,United States,marketplace,True
C007407,2025-11-26,India,organic,True
C007408,2025-11-26,Japan,google_ads,False
C007409,2025-11-26,India,organic,False
C007410,2025-11-26,United States,instagram,False
C007411,2025-11-26,India,referral,True
C007412,2025-11-26,India,instagram,True
C007413,2025-11-26,India,instagram,True
C007414,2025-11-26,India,instagram,True
C007415,2025-11-26,United States,organic,True
C007416,2025-11-26,Canada,referral,False
C007417,2025-11-26,India,referral,False
C007418,2025-11-26,India,organic,True
C007419,2025-11-26,United Kingdom,google_ads,True
C007420,2025-11-26,Germany,google_ads,True
C007421,2025-11-26,India,organic,True
C007422,2025-11-26,United States,google_ads,False
C007423,2025-11-26,United States,organic,True
C007424,2025-11-26,UAE,google_ads,False
C007425,2025-11-26,India,google_ads,False
C007426,2025-11-26,India,email,True
C007427,2025-11-26,India,google_ads,True
C007428,2025-11-26,India,organic,True
C007429,2025-11-26,India,google_ads,True
C007430,2025-11-26,Germany,instagram,True
C007431,2025-11-26,India,organic,False
C007432,2025-11-26,India,organic,False
C007433,2025-11-26,India,organic,False
C007434,2025-11-26,India,organic,True
C007435,2025-11-26,United States,organic,True
C007436,2025-11-26,Japan,organic,False
C007437,2025-11-26,India,organic,True
C007438,2025-11-26,India,organic,True
C007439,2025-11-27,United States,instagram,False
C007440,2025-11-27,India,google_ads,True
C007441,2025-11-27,India,email,True
C007442,2025-11-27,India,instagram,True
C007443,2025-11-27,Germany,google_ads,False
C007444,2025-11-27,India,instagram,True
C007445,2025-11-27,United States,instagram,True
C007446,2025-11-27,India,organic,True
C007447,2025-11-27,Germany,organic,True
C007448,2025-11-27,India,referral,True
C007449,2025-11-27,India,instagram,True
C007450,2025-11-27,India,instagram,False
C007451,2025-11-27,Germany,organic,False
C007452,2025-11-27,India,google_ads,True
C007453,2025-11-27,United Kingdom,instagram,True
C007454,2025-11-27,India,instagram,True
C007455,2025-11-27,India,instagram,False
C007456,2025-11-27,UAE,instagram,False
C007457,2025-11-27,United States,google_ads,False
C007458,2025-11-27,India,marketplace,False
C007459,2025-11-27,United States,google_ads,True
C007460,2025-11-27,India,email,False
C007461,2025-11-27,India,instagram,True
C007462,2025-11-27,India,referral,True
C007463,2025-11-27,United States,referral,True
C007464,2025-11-27,United Kingdom,organic,True
C007465,2025-11-27,United States,organic,True
C007466,2025-11-27,India,organic,True
C007467,2025-11-27,Australia,instagram,False
C007468,2025-11-27,India,marketplace,False
C007469,2025-11-27,India,google_ads,False
C007470,2025-11-27,India,organic,False
C007471,2025-11-27,India,google_ads,True
C007472,2025-11-27,India,marketplace,True
C007473,2025-11-28,India,organic,False
C007474,2025-11-28,India,instagram,True
C007475,2025-11-28,United States,organic,False
C007476,2025-11-28,UAE,instagram,False
C007477,2025-11-28,United States,google_ads,False
C007478,2025-11-28,United States,referral,True
C007479,2025-11-28,India,organic,False
C007480,2025-11-28,India,instagram,True
C007481,2025-11-28,India,instagram,True
C007482,2025-11-28,United Kingdom,instagram,False
C007483,2025-11-28,United Kingdom,marketplace,False
C007484,2025-11-28,India,google_ads,True
C007485,2025-11-28,India,instagram,False
C007486,2025-11-28,India,organic,True
C007487,2025-11-28,United States,referral,False
C007488,2025-11-28,India,referral,False
C007489,2025-11-28,India,email,True
C007490,2025-11-28,Japan,google_ads,True
C007491,2025-11-28,UAE,marketplace,True
C007492,2025-11-28,India,organic,False
C007493,2025-11-28,India,organic,True
C007494,2025-11-28,India,google_ads,True
C007495,2025-11-28,United States,google_ads,False
C007496,2025-11-28,UAE,organic,True
C007497,2025-11-28,India,google_ads,False
C007498,2025-11-28,United States,marketplace,True
C007499,2025-11-28,India,organic,True
C007500,2025-11-28,UAE,organic,True
C007501,2025-11-28,Canada,organic,True
C007502,2025-11-28,India,organic,False
C007503,2025-11-28,India,email,True
C007504,2025-11-28,Australia,organic,True
C007505,2025-11-28,India,google_ads,False
C007506,2025-11-28,India,organic,False
C007507,2025-11-28,United States,instagram,True
C007508,2025-11-28,India,organic,True
C007509,2025-11-29,United States,organic,True
C007510,2025-11-29,United States,organic,False
C007511,2025-11-29,India,referral,False
C007512,2025-11-29,India,instagram,False
C007513,2025-11-29,India,email,False
C007514,2025-11-29,Germany,instagram,False
C007515,2025-11-29,India,organic,False
C007516,2025-11-29,Australia,organic,True
C007517,2025-11-29,United Kingdom,email,True
C007518,2025-11-29,United States,google_ads,True
C007519,2025-11-29,India,instagram,True
C007520,2025-11-29,India,google_ads,False
C007521,2025-11-29,United States,organic,False
C007522,2025-11-29,United Kingdom,organic,False
C007523,2025-11-29,UAE,marketplace,True
C007524,2025-11-29,India,referral,True
C007525,2025-11-29,India,referral,True
C007526,2025-11-29,India,google_ads,False
C007527,2025-11-29,Japan,google_ads,False
C007528,2025-11-29,UAE,referral,True
C007529,2025-11-29,United States,email,False
C007530,2025-11-29,Japan,google_ads,False
C007531,2025-11-29,Canada,instagram,False
C007532,2025-11-29,India,organic,True
C007533,2025-11-29,Australia,marketplace,False
C007534,2025-11-29,India,marketplace,True
C007535,2025-11-29,Germany,instagram,True
C007536,2025-11-29,India,google_ads,True
C007537,2025-11-29,Canada,google_ads,False
C007538,2025-11-29,India,instagram,True
C007539,2025-11-29,India,organic,True
C007540,2025-11-29,India,instagram,True
C007541,2025-11-29,India,google_ads,True
C007542,2025-11-29,India,instagram,True
C007543,2025-11-29,United States,referral,True
C007544,2025-11-29,Germany,google_ads,False
C007545,2025-11-29,Germany,referral,True
C007546,2025-11-29,India,marketplace,True
C007547,2025-11-29,United States,google_ads,True
C007548,2025-11-29,United Kingdom,email,False
C007549,2025-11-29,United States,organic,False
C007550,2025-11-29,India,instagram,True
C007551,2025-11-29,Germany,google_ads,True
C007552,2025-11-29,India,organic,False
C007553,2025-11-29,India,referral,True
C007554,2025-11-29,Canada,instagram,True
C007555,2025-11-30,Canada,instagram,False
C007556,2025-11-30,United Kingdom,instagram,True
C007557,2025-11-30,United States,instagram,True
C007558,2025-11-30,India,organic,False
C007559,2025-11-30,United Kingdom,instagram,True
C007560,2025-11-30,India,referral,False
C007561,2025-11-30,India,google_ads,False
C007562,2025-11-30,India,instagram,True
C007563,2025-11-30,UAE,referral,True
C007564,2025-11-30,India,instagram,True
C007565,2025-11-30,United States,instagram,False
C007566,2025-11-30,United States,google_ads,True
C007567,2025-11-30,India,organic,False
C007568,2025-11-30,United Kingdom,instagram,False
C007569,2025-11-30,India,organic,False
C007570,2025-11-30,India,organic,False
C007571,2025-11-30,India,instagram,True
C007572,2025-11-30,India,marketplace,True
C007573,2025-11-30,Germany,marketplace,True
C007574,2025-11-30,India,instagram,True
C007575,2025-11-30,United States,organic,True
C007576,2025-11-30,UAE,google_ads,True
C007577,2025-11-30,India,instagram,True
C007578,2025-11-30,Australia,instagram,True
C007579,2025-11-30,United States,organic,True
C007580,2025-11-30,Japan,email,True
C007581,2025-11-30,Japan,organic,False
C007582,2025-11-30,India,instagram,False
C007583,2025-11-30,India,referral,True
C007584,2025-11-30,Germany,instagram,False
C007585,2025-11-30,Canada,instagram,True
C007586,2025-11-30,UAE,google_ads,False
C007587,2025-12-01,India,google_ads,False
C007588,2025-12-01,United States,referral,True
C007589,2025-12-01,United States,instagram,True
C007590,2025-12-01,United States,organic,True
C007591,2025-12-01,India,organic,False
C007592,2025-12-01,Australia,email,True
C007593,2025-12-01,India,marketplace,False
C007594,2025-12-01,Germany,email,False
C007595,2025-12-01,United States,marketplace,False
C007596,2025-12-01,United States,organic,False
C007597,2025-12-01,India,organic,True
C007598,2025-12-01,India,organic,True
C007599,2025-12-01,India,google_ads,False
C007600,2025-12-01,India,organic,False
C007601,2025-12-01,India,marketplace,False
C007602,2025-12-01,India,google_ads,False
C007603,2025-12-02,United States,google_ads,False
C007604,2025-12-02,Australia,instagram,True
C007605,2025-12-02,India,email,True
C007606,2025-12-02,United States,instagram,True
C007607,2025-12-02,India,organic,True
C007608,2025-12-02,India,marketplace,True
C007609,2025-12-02,Germany,google_ads,False
C007610,2025-12-02,UAE,marketplace,True
C007611,2025-12-02,Australia,organic,True
C007612,2025-12-02,India,marketplace,True
C007613,2025-12-02,United Kingdom,instagram,False
C007614,2025-12-02,India,marketplace,False
C007615,2025-12-02,India,instagram,True
C007616,2025-12-02,India,organic,False
C007617,2025-12-02,Germany,marketplace,False
C007618,2025-12-02,India,organic,True
C007619,2025-12-02,United States,organic,True
C007620,2025-12-02,India,organic,True
C007621,2025-12-02,India,organic,True
C007622,2025-12-02,United Kingdom,google_ads,False
C007623,2025-12-02,United States,referral,False
C007624,2025-12-02,UAE,organic,True
C007625,2025-12-03,India,instagram,True
C007626,2025-12-03,Australia,instagram,True
C007627,2025-12-03,UAE,instagram,True
C007628,2025-12-03,United States,instagram,False
C007629,2025-12-03,India,marketplace,False
C007630,2025-12-03,United States,google_ads,False
C007631,2025-12-03,India,google_ads,True
C007632,2025-12-03,UAE,marketplace,True
C007633,2025-12-03,India,referral,False
C007634,2025-12-03,India,marketplace,True
C007635,2025-12-03,India,organic,True
C007636,2025-12-03,United States,instagram,True
C007637,2025-12-03,United States,google_ads,True
C007638,2025-12-03,India,instagram,True
C007639,2025-12-03,United States,instagram,True
C007640,2025-12-03,India,organic,True
C007641,2025-12-03,United Kingdom,marketplace,False
C007642,2025-12-03,India,instagram,False
C007643,2025-12-03,India,instagram,True
C007644,2025-12-04,India,instagram,True
C007645,2025-12-04,UAE,instagram,True
C007646,2025-12-04,India,google_ads,True
C007647,2025-12-04,United States,email,True
C007648,2025-12-04,India,organic,True
C007649,2025-12-04,Canada,email,True
C007650,2025-12-04,India,marketplace,False
C007651,2025-12-04,India,organic,False
C007652,2025-12-04,United Kingdom,marketplace,True
C007653,2025-12-04,Canada,marketplace,False
C007654,2025-12-04,Australia,organic,False
C007655,2025-12-04,Germany,google_ads,True
C007656,2025-12-04,India,marketplace,True
C007657,2025-12-04,United States,organic,True
C007658,2025-12-04,United States,referral,True
C007659,2025-12-04,United Kingdom,google_ads,False
C007660,2025-12-04,United States,organic,False
C007661,2025-12-04,India,email,True
C007662,2025-12-04,India,instagram,True
C007663,2025-12-04,India,organic,False
C007664,2025-12-05,Germany,marketplace,False
C007665,2025-12-05,India,organic,True
C007666,2025-12-05,United States,instagram,True
C007667,2025-12-05,United States,organic,True
C007668,2025-12-05,Japan,google_ads,False
C007669,2025-12-05,India,email,False
C007670,2025-12-05,India,marketplace,False
C007671,2025-12-05,United States,google_ads,True
C007672,2025-12-05,United Kingdom,google_ads,False
C007673,2025-12-05,India,organic,True
C007674,2025-12-05,India,marketplace,False
C007675,2025-12-05,India,organic,True
C007676,2025-12-05,Australia,instagram,False
C007677,2025-12-05,India,google_ads,False
C007678,2025-12-05,United Kingdom,organic,True
C007679,2025-12-05,India,instagram,True
C007680,2025-12-05,United States,instagram,True
C007681,2025-12-05,India,organic,True
C007682,2025-12-05,Japan,marketplace,True
C007683,2025-12-05,UAE,google_ads,True
C007684,2025-12-06,India,referral,True
C007685,2025-12-06,India,instagram,True
C007686,2025-12-06,Japan,organic,True
C007687,2025-12-06,India,organic,True
C007688,2025-12-06,United States,instagram,False
C007689,2025-12-06,India,organic,False
C007690,2025-12-06,India,organic,False
C007691,2025-12-06,India,organic,False
C007692,2025-12-06,India,organic,True
C007693,2025-12-06,India,organic,True
C007694,2025-12-06,United States,organic,False
C007695,2025-12-06,India,marketplace,True
C007696,2025-12-06,India,google_ads,True
C007697,2025-12-06,Canada,email,True
C007698,2025-12-06,India,google_ads,False
C007699,2025-12-06,United Kingdom,organic,True
C007700,2025-12-06,India,google_ads,False
C007701,2025-12-06,United Kingdom,instagram,True
C007702,2025-12-06,India,google_ads,True
C007703,2025-12-06,India,marketplace,False
C007704,2025-12-07,India,marketplace,False
C007705,2025-12-07,India,instagram,True
C007706,2025-12-07,India,google_ads,False
C007707,2025-12-07,Canada,organic,True
C007708,2025-12-07,Japan,referral,True
C007709,2025-12-07,UAE,instagram,True
C007710,2025-12-07,India,referral,True
C007711,2025-12-07,Canada,organic,False
C007712,2025-12-07,India,google_ads,True
C007713,2025-12-07,Australia,organic,True
C007714,2025-12-07,Germany,organic,True
C007715,2025-12-07,United States,organic,False
C007716,2025-12-07,India,organic,True
C007717,2025-12-07,India,google_ads,False
C007718,2025-12-07,Germany,instagram,True
C007719,2025-12-07,United States,google_ads,True
C007720,2025-12-07,India,organic,False
C007721,2025-12-07,India,marketplace,False
C007722,2025-12-07,India,instagram,False
C007723,2025-12-07,United States,organic,False
C007724,2025-12-07,Japan,organic,True
C007725,2025-12-08,India,marketplace,False
C007726,2025-12-08,India,organic,False
C007727,2025-12-08,India,organic,False
C007728,2025-12-08,United States,instagram,False
C007729,2025-12-08,India,organic,True
C007730,2025-12-08,United Kingdom,email,True
C007731,2025-12-08,Japan,google_ads,True
C007732,2025-12-08,India,email,True
C007733,2025-12-08,India,google_ads,True
C007734,2025-12-08,India,referral,False
C007735,2025-12-08,India,organic,False
C007736,2025-12-08,United Kingdom,organic,False
C007737,2025-12-08,Canada,instagram,False
C007738,2025-12-08,India,google_ads,True
C007739,2025-12-08,Canada,google_ads,True
C007740,2025-12-08,Japan,organic,True
C007741,2025-12-08,India,marketplace,True
C007742,2025-12-08,India,google_ads,False
C007743,2025-12-08,United States,email,False
C007744,2025-12-08,India,google_ads,False
C007745,2025-12-08,Australia,organic,True
C007746,2025-12-09,United States,marketplace,False
C007747,2025-12-09,India,referral,True
C007748,2025-12-09,Germany,organic,False
C007749,2025-12-09,United Kingdom,instagram,False
C007750,2025-12-09,United States,marketplace,True
C007751,2025-12-09,India,google_ads,True
C007752,2025-12-09,India,email,True
C007753,2025-12-09,United States,email,False
C007754,2025-12-09,India,instagram,True
C007755,2025-12-09,India,organic,True
C007756,2025-12-09,India,organic,False
C007757,2025-12-09,United Kingdom,referral,False
C007758,2025-12-09,Germany,instagram,True
C007759,2025-12-09,India,organic,True
C007760,2025-12-09,India,referral,True
C007761,2025-12-09,India,instagram,False
C007762,2025-12-10,Japan,instagram,True
C007763,2025-12-10,United States,organic,False
C007764,2025-12-10,Germany,instagram,True
C007765,2025-12-10,India,organic,True
C007766,2025-12-10,India,instagram,True
C007767,2025-12-10,United Kingdom,referral,False
C007768,2025-12-10,United States,google_ads,True
C007769,2025-12-10,United States,organic,False
C007770,2025-12-10,India,marketplace,True
C007771,2025-12-10,Germany,instagram,True
C007772,2025-12-10,India,instagram,True
C007773,2025-12-10,India,instagram,False
C007774,2025-12-10,India,instagram,True
C007775,2025-12-10,Australia,instagram,True
C007776,2025-12-10,United States,instagram,False
C007777,2025-12-10,Canada,organic,True
C007778,2025-12-10,Japan,referral,True
C007779,2025-12-11,UAE,organic,True
C007780,2025-12-11,United States,organic,True
C007781,2025-12-11,Australia,google_ads,True
C007782,2025-12-11,India,organic,False
C007783,2025-12-11,Germany,organic,True
C007784,2025-12-11,Germany,referral,True
C007785,2025-12-11,United States,organic,False
C007786,2025-12-11,India,google_ads,True
C007787,2025-12-11,India,organic,True
C007788,2025-12-11,India,marketplace,True
C007789,2025-12-11,Germany,instagram,True
C007790,2025-12-11,India,referral,False
C007791,2025-12-11,Germany,instagram,False
C007792,2025-12-11,Canada,marketplace,True
C007793,2025-12-11,Germany,marketplace,True
C007794,2025-12-11,India,organic,True
C007795,2025-12-11,UAE,google_ads,True
C007796,2025-12-11,Japan,organic,True
C007797,2025-12-11,India,google_ads,True
C007798,2025-12-11,UAE,organic,False
C007799,2025-12-11,India,instagram,False
C007800,2025-12-11,India,organic,True
C007801,2025-12-11,India,instagram,True
C007802,2025-12-11,India,instagram,True
C007803,2025-12-11,UAE,instagram,True
C007804,2025-12-11,United States,instagram,True
C007805,2025-12-11,United Kingdom,instagram,True
C007806,2025-12-12,Canada,referral,True
C007807,2025-12-12,United Kingdom,referral,True
C007808,2025-12-12,India,organic,True
C007809,2025-12-12,India,organic,False
C007810,2025-12-12,India,organic,False
C007811,2025-12-12,Germany,google_ads,True
C007812,2025-12-12,United States,instagram,True
C007813,2025-12-12,United States,referral,False
C007814,2025-12-12,India,email,True
C007815,2025-12-12,India,google_ads,True
C007816,2025-12-12,United States,google_ads,True
C007817,2025-12-12,India,google_ads,False
C007818,2025-12-12,Canada,instagram,True
C007819,2025-12-12,India,google_ads,False
C007820,2025-12-12,United States,organic,True
C007821,2025-12-12,India,organic,True
C007822,2025-12-12,India,google_ads,False
C007823,2025-12-12,United Kingdom,instagram,True
C007824,2025-12-12,United Kingdom,marketplace,True
C007825,2025-12-12,UAE,organic,False
C007826,2025-12-12,United Kingdom,instagram,True
C007827,2025-12-12,Canada,google_ads,True
C007828,2025-12-12,United Kingdom,marketplace,True
C007829,2025-12-12,UAE,google_ads,True
C007830,2025-12-13,India,instagram,True
C007831,2025-12-13,India,organic,True
C007832,2025-12-13,India,instagram,True
C007833,2025-12-13,India,google_ads,False
C007834,2025-12-13,Canada,organic,False
C007835,2025-12-13,India,google_ads,False
C007836,2025-12-13,United Kingdom,organic,False
C007837,2025-12-13,India,google_ads,True
C007838,2025-12-13,United States,organic,False
C007839,2025-12-13,India,organic,True
C007840,2025-12-13,India,instagram,False
C007841,2025-12-13,India,organic,True
C007842,2025-12-13,United States,google_ads,False
C007843,2025-12-13,UAE,instagram,True
C007844,2025-12-13,Germany,referral,True
C007845,2025-12-13,United States,google_ads,False
C007846,2025-12-13,United Kingdom,instagram,True
C007847,2025-12-13,India,referral,False
C007848,2025-12-13,India,instagram,True
C007849,2025-12-13,India,organic,True
C007850,2025-12-13,India,google_ads,True
C007851,2025-12-13,India,instagram,True
C007852,2025-12-13,Germany,organic,True
C007853,2025-12-13,India,google_ads,False
C007854,2025-12-13,United Kingdom,instagram,False
C007855,2025-12-14,United States,google_ads,True
C007856,2025-12-14,India,instagram,True
C007857,2025-12-14,United Kingdom,organic,False
C007858,2025-12-14,UAE,referral,True
C007859,2025-12-14,India,referral,True
C007860,2025-12-14,United States,instagram,False
C007861,2025-12-14,United States,google_ads,True
C007862,2025-12-14,India,email,True
C007863,2025-12-14,Japan,organic,True
C007864,2025-12-14,India,google_ads,False
C007865,2025-12-14,UAE,instagram,False
C007866,2025-12-14,United Kingdom,marketplace,True
C007867,2025-12-14,United States,organic,True
C007868,2025-12-14,United Kingdom,google_ads,True
C007869,2025-12-14,India,google_ads,True
C007870,2025-12-14,Japan,organic,False
C007871,2025-12-14,United Kingdom,referral,True
C007872,2025-12-14,India,marketplace,False
C007873,2025-12-14,United States,organic,True
C007874,2025-12-14,India,google_ads,True
C007875,2025-12-14,Germany,organic,False
C007876,2025-12-14,United Kingdom,google_ads,True
C007877,2025-12-14,India,marketplace,True
C007878,2025-12-14,Canada,instagram,False
C007879,2025-12-14,India,google_ads,True
C007880,2025-12-15,India,organic,False
C007881,2025-12-15,India,instagram,True
C007882,2025-12-15,India,instagram,True
C007883,2025-12-15,India,instagram,True
C007884,2025-12-15,United States,email,True
C007885,2025-12-15,India,organic,False
C007886,2025-12-15,UAE,referral,False
C007887,2025-12-15,India,instagram,False
C007888,2025-12-15,India,google_ads,False
C007889,2025-12-15,United Kingdom,instagram,True
C007890,2025-12-15,India,referral,False
C007891,2025-12-15,UAE,instagram,False
C007892,2025-12-15,India,organic,False
C007893,2025-12-15,India,google_ads,True
C007894,2025-12-15,India,organic,False
C007895,2025-12-15,India,organic,True
C007896,2025-12-15,India,google_ads,True
C007897,2025-12-15,India,instagram,True
C007898,2025-12-15,India,organic,False
C007899,2025-12-16,Australia,google_ads,True
C007900,2025-12-16,Canada,instagram,False
C007901,2025-12-16,Canada,marketplace,True
C007902,2025-12-16,United States,organic,False
C007903,2025-12-16,United States,instagram,False
C007904,2025-12-16,Australia,instagram,False
C007905,2025-12-16,United States,marketplace,False
C007906,2025-12-16,United States,instagram,True
C007907,2025-12-16,United States,instagram,False
C007908,2025-12-16,India,organic,True
C007909,2025-12-16,India,instagram,False
C007910,2025-12-16,United States,organic,True
C007911,2025-12-16,Japan,instagram,False
C007912,2025-12-16,India,referral,True
C007913,2025-12-16,United States,organic,True
C007914,2025-12-16,Germany,instagram,True
C007915,2025-12-16,India,marketplace,True
C007916,2025-12-16,Japan,google_ads,True
C007917,2025-12-16,UAE,instagram,True
C007918,2025-12-16,India,google_ads,True
C007919,2025-12-17,India,instagram,False
C007920,2025-12-17,United States,instagram,True
C007921,2025-12-17,India,marketplace,False
C007922,2025-12-17,India,organic,True
C007923,2025-12-17,United Kingdom,google_ads,True
C007924,2025-12-17,United States,marketplace,False
C007925,2025-12-17,Germany,instagram,True
C007926,2025-12-17,Germany,organic,True
C007927,2025-12-17,India,organic,True
C007928,2025-12-17,Germany,organic,True
C007929,2025-12-17,India,google_ads,False
C007930,2025-12-17,India,instagram,False
C007931,2025-12-17,India,organic,False
C007932,2025-12-17,India,google_ads,True
C007933,2025-12-17,India,google_ads,False
C007934,2025-12-17,India,instagram,True
C007935,2025-12-17,India,organic,True
C007936,2025-12-17,Canada,instagram,False
C007937,2025-12-18,India,instagram,True
C007938,2025-12-18,India,organic,True
C007939,2025-12-18,India,organic,True
C007940,2025-12-18,United States,email,True
C007941,2025-12-18,Germany,organic,False
C007942,2025-12-18,Germany,organic,False
C007943,2025-12-18,Germany,referral,True
C007944,2025-12-18,Canada,organic,True
C007945,2025-12-18,India,instagram,True
C007946,2025-12-18,Japan,organic,True
C007947,2025-12-18,India,marketplace,False
C007948,2025-12-18,India,organic,False
C007949,2025-12-18,United Kingdom,organic,False
C007950,2025-12-18,United Kingdom,google_ads,False
C007951,2025-12-18,United Kingdom,instagram,True
C007952,2025-12-18,Germany,marketplace,True
C007953,2025-12-18,India,organic,True
C007954,2025-12-18,India,referral,False
C007955,2025-12-18,India,email,False
C007956,2025-12-19,United Kingdom,google_ads,True
C007957,2025-12-19,India,marketplace,True
C007958,2025-12-19,United States,marketplace,True
C007959,2025-12-19,United States,google_ads,True
C007960,2025-12-19,United Kingdom,organic,False
C007961,2025-12-19,India,google_ads,True
C007962,2025-12-19,India,referral,True
C007963,2025-12-19,India,instagram,True
C007964,2025-12-19,India,organic,True
C007965,2025-12-19,India,marketplace,True
C007966,2025-12-19,United States,instagram,False
C007967,2025-12-19,India,organic,True
C007968,2025-12-19,India,organic,False
C007969,2025-12-19,United States,organic,False
C007970,2025-12-19,United States,organic,True
C007971,2025-12-19,Germany,marketplace,True
C007972,2025-12-19,United States,instagram,True
C007973,2025-12-19,India,instagram,False
C007974,2025-12-19,Japan,instagram,True
C007975,2025-12-19,United Kingdom,google_ads,True
C007976,2025-12-19,India,google_ads,False
C007977,2025-12-19,India,instagram,True
C007978,2025-12-20,India,organic,True
C007979,2025-12-20,India,instagram,True
C007980,2025-12-20,United States,instagram,True
C007981,2025-12-20,Germany,google_ads,True
C007982,2025-12-20,India,organic,False
C007983,2025-12-20,India,email,False
C007984,2025-12-20,India,organic,True
C007985,2025-12-20,India,google_ads,True
C007986,2025-12-20,India,google_ads,False
C007987,2025-12-20,India,instagram,True
C007988,2025-12-20,United Kingdom,email,False
C007989,2025-12-20,India,instagram,False
C007990,2025-12-20,United States,google_ads,False
C007991,2025-12-20,India,marketplace,True
C007992,2025-12-20,India,organic,False
C007993,2025-12-20,Australia,marketplace,False
C007994,2025-12-20,India,referral,False
C007995,2025-12-20,Australia,referral,False
C007996,2025-12-20,India,instagram,False
C007997,2025-12-20,India,instagram,False
C007998,2025-12-20,India,marketplace,False
C007999,2025-12-20,India,referral,False
C008000,2025-12-20,United Kingdom,organic,False
C008001,2025-12-20,India,instagram,True
C008002,2025-12-20,Canada,google_ads,False
C008003,2025-12-20,Canada,organic,True
C008004,2025-12-20,India,referral,True
C008005,2025-12-20,India,instagram,False
C008006,2025-12-21,UAE,instagram,True
C008007,2025-12-21,Germany,google_ads,True
C008008,2025-12-21,Canada,referral,True
C008009,2025-12-21,United States,email,False
C008010,2025-12-21,India,organic,True
C008011,2025-12-21,United States,referral,False
C008012,2025-12-21,India,marketplace,True
C008013,2025-12-21,India,google_ads,True
C008014,2025-12-21,United States,instagram,False
C008015,2025-12-21,Japan,organic,True
C008016,2025-12-21,United States,email,True
C008017,2025-12-21,United States,organic,True
C008018,2025-12-21,India,instagram,True
C008019,2025-12-21,India,organic,True
C008020,2025-12-21,United Kingdom,referral,True
C008021,2025-12-21,India,organic,True
C008022,2025-12-21,Japan,google_ads,True
C008023,2025-12-21,India,organic,True
C008024,2025-12-21,India,marketplace,True
C008025,2025-12-21,India,google_ads,True
C008026,2025-12-22,United States,instagram,True
C008027,2025-12-22,India,instagram,False
C008028,2025-12-22,India,organic,False
C008029,2025-12-22,India,organic,True
C008030,2025-12-22,UAE,instagram,False
C008031,2025-12-22,India,marketplace,True
C008032,2025-12-22,India,instagram,True
C008033,2025-12-22,India,google_ads,True
C008034,2025-12-22,India,marketplace,False
C008035,2025-12-22,India,referral,False
C008036,2025-12-22,United States,google_ads,False
C008037,2025-12-22,Germany,marketplace,True
C008038,2025-12-22,India,organic,True
C008039,2025-12-22,India,instagram,False
C008040,2025-12-22,India,referral,False
C008041,2025-12-22,India,instagram,False
C008042,2025-12-22,United States,instagram,True
C008043,2025-12-22,India,organic,True
C008044,2025-12-22,Japan,organic,True
C008045,2025-12-22,India,organic,True
C008046,2025-12-22,United States,organic,True
C008047,2025-12-22,India,instagram,True
C008048,2025-12-22,Australia,google_ads,True
C008049,2025-12-22,India,instagram,True
C008050,2025-12-22,Germany,organic,True
C008051,2025-12-22,United Kingdom,referral,True
C008052,2025-12-22,United States,email,True
C008053,2025-12-22,India,referral,False
C008054,2025-12-22,India,organic,True
C008055,2025-12-22,India,referral,True
C008056,2025-12-22,Germany,organic,True
C008057,2025-12-22,India,referral,True
C008058,2025-12-22,UAE,organic,False
C008059,2025-12-23,Australia,organic,True
C008060,2025-12-23,United Kingdom,google_ads,True
C008061,2025-12-23,India,instagram,True
C008062,2025-12-23,India,google_ads,True
C008063,2025-12-23,India,instagram,False
C008064,2025-12-23,Canada,organic,True
C008065,2025-12-23,India,marketplace,False
C008066,2025-12-23,Germany,google_ads,False
C008067,2025-12-23,India,organic,True
C008068,2025-12-23,United States,instagram,True
C008069,2025-12-23,India,organic,True
C008070,2025-12-23,Australia,instagram,True
C008071,2025-12-23,Germany,instagram,True
C008072,2025-12-23,Germany,organic,True
C008073,2025-12-23,India,instagram,True
C008074,2025-12-23,Japan,organic,True
C008075,2025-12-23,Japan,instagram,False
C008076,2025-12-24,United Kingdom,organic,True
C008077,2025-12-24,United States,organic,False
C008078,2025-12-24,India,marketplace,True
C008079,2025-12-24,UAE,instagram,False
C008080,2025-12-24,Germany,referral,True
C008081,2025-12-24,UAE,referral,True
C008082,2025-12-24,United States,instagram,False
C008083,2025-12-24,United States,organic,True
C008084,2025-12-24,India,referral,False
C008085,2025-12-24,India,instagram,False
C008086,2025-12-24,India,referral,True
C008087,2025-12-24,India,google_ads,True
C008088,2025-12-24,Japan,organic,True
C008089,2025-12-24,India,marketplace,True
C008090,2025-12-24,India,referral,True
C008091,2025-12-24,Australia,organic,False
C008092,2025-12-24,India,organic,False
C008093,2025-12-24,Japan,instagram,False
C008094,2025-12-24,India,organic,True
C008095,2025-12-24,India,organic,True
C008096,2025-12-24,Canada,organic,False
C008097,2025-12-24,India,referral,True
C008098,2025-12-24,Germany,google_ads,True
C008099,2025-12-24,UAE,email,True
C008100,2025-12-24,India,google_ads,True
C008101,2025-12-24,India,organic,True
C008102,2025-12-24,India,organic,True
C008103,2025-12-24,India,organic,False
C008104,2025-12-24,India,google_ads,True
C008105,2025-12-25,UAE,marketplace,True
C008106,2025-12-25,Japan,referral,False
C008107,2025-12-25,India,instagram,True
C008108,2025-12-25,India,instagram,False
C008109,2025-12-25,United Kingdom,marketplace,False
C008110,2025-12-25,India,marketplace,False
C008111,2025-12-25,Australia,google_ads,False
C008112,2025-12-25,India,organic,False
C008113,2025-12-25,Canada,referral,False
C008114,2025-12-25,India,organic,True
C008115,2025-12-25,India,organic,False
C008116,2025-12-25,India,marketplace,False
C008117,2025-12-25,United States,organic,True
C008118,2025-12-25,United States,referral,False
C008119,2025-12-25,India,marketplace,True
C008120,2025-12-25,United States,google_ads,False
C008121,2025-12-25,Germany,marketplace,True
C008122,2025-12-25,United Kingdom,organic,True
C008123,2025-12-26,India,referral,True
C008124,2025-12-26,United States,email,False
C008125,2025-12-26,UAE,instagram,True
C008126,2025-12-26,India,instagram,True
C008127,2025-12-26,Germany,google_ads,False
C008128,2025-12-26,Germany,google_ads,True
C008129,2025-12-26,United States,marketplace,True
C008130,2025-12-26,United Kingdom,instagram,True
C008131,2025-12-26,UAE,instagram,True
C008132,2025-12-26,India,google_ads,False
C008133,2025-12-26,Japan,organic,True
C008134,2025-12-26,Japan,organic,True
C008135,2025-12-26,United States,referral,True
C008136,2025-12-26,Germany,marketplace,True
C008137,2025-12-26,United Kingdom,marketplace,True
C008138,2025-12-26,India,instagram,False
C008139,2025-12-26,United States,organic,True
C008140,2025-12-26,India,organic,False
C008141,2025-12-26,India,organic,True
C008142,2025-12-26,Japan,google_ads,False
C008143,2025-12-26,India,organic,False
C008144,2025-12-26,India,instagram,True
C008145,2025-12-26,Australia,instagram,False
C008146,2025-12-26,India,google_ads,False
C008147,2025-12-26,UAE,google_ads,False
C008148,2025-12-26,India,instagram,True
C008149,2025-12-27,India,referral,False
C008150,2025-12-27,India,referral,False
C008151,2025-12-27,United Kingdom,referral,True
C008152,2025-12-27,India,instagram,True
C008153,2025-12-27,United Kingdom,google_ads,True
C008154,2025-12-27,Australia,instagram,False
C008155,2025-12-27,Japan,marketplace,True
C008156,2025-12-27,India,instagram,True
C008157,2025-12-27,India,organic,True
C008158,2025-12-27,United Kingdom,organic,True
C008159,2025-12-27,United Kingdom,email,True
C008160,2025-12-27,United States,instagram,True
C008161,2025-12-27,United States,organic,True
C008162,2025-12-27,India,organic,True
C008163,2025-12-27,India,google_ads,True
C008164,2025-12-27,India,referral,True
C008165,2025-12-27,Germany,organic,True
C008166,2025-12-27,India,marketplace,True
C008167,2025-12-27,India,instagram,False
C008168,2025-12-27,India,instagram,False
C008169,2025-12-27,India,organic,False
C008170,2025-12-27,Germany,organic,True
C008171,2025-12-27,India,google_ads,True
C008172,2025-12-27,India,organic,True
C008173,2025-12-27,United States,organic,True
C008174,2025-12-27,India,organic,True
C008175,2025-12-27,UAE,google_ads,True
C008176,2025-12-27,United Kingdom,referral,True
C008177,2025-12-27,India,organic,False
C008178,2025-12-28,United States,organic,True
C008179,2025-12-28,United Kingdom,instagram,True
C008180,2025-12-28,India,instagram,False
C008181,2025-12-28,Japan,instagram,False
C008182,2025-12-28,United States,referral,True
C008183,2025-12-28,India,instagram,True
C008184,2025-12-28,United Kingdom,organic,False
C008185,2025-12-28,India,referral,True
C008186,2025-12-28,India,organic,True
C008187,2025-12-28,United Kingdom,referral,True
C008188,2025-12-28,United Kingdom,referral,False
C008189,2025-12-28,India,marketplace,True
C008190,2025-12-28,India,google_ads,False
C008191,2025-12-28,India,instagram,True
C008192,2025-12-28,India,marketplace,False
C008193,2025-12-28,Japan,google_ads,True
C008194,2025-12-28,India,google_ads,True
C008195,2025-12-28,India,instagram,True
C008196,2025-12-28,India,marketplace,True
C008197,2025-12-28,India,organic,False
C008198,2025-12-29,India,email,False
C008199,2025-12-29,India,organic,True
C008200,2025-12-29,Canada,google_ads,False
C008201,2025-12-29,UAE,instagram,True
C008202,2025-12-29,India,organic,True
C008203,2025-12-29,India,organic,True
C008204,2025-12-29,United Kingdom,instagram,True
C008205,2025-12-29,India,google_ads,False
C008206,2025-12-29,Australia,organic,False
C008207,2025-12-29,India,google_ads,True
C008208,2025-12-29,India,google_ads,False
C008209,2025-12-29,United Kingdom,google_ads,False
C008210,2025-12-29,Australia,organic,True
C008211,2025-12-29,India,marketplace,False
C008212,2025-12-29,UAE,instagram,False
C008213,2025-12-29,United States,organic,True
C008214,2025-12-29,India,referral,True
C008215,2025-12-29,India,email,True
C008216,2025-12-29,United Kingdom,instagram,False
C008217,2025-12-29,Germany,organic,True
C008218,2025-12-29,United States,instagram,False
C008219,2025-12-29,Japan,organic,False
C008220,2025-12-29,United Kingdom,instagram,True
C008221,2025-12-29,Japan,google_ads,False
C008222,2025-12-29,Germany,google_ads,True
C008223,2025-12-29,United States,organic,True
C008224,2025-12-29,United Kingdom,google_ads,False
C008225,2025-12-30,India,referral,True
C008226,2025-12-30,India,instagram,True
C008227,2025-12-30,India,referral,True
C008228,2025-12-30,India,google_ads,False
C008229,2025-12-30,United States,google_ads,True
C008230,2025-12-30,Germany,instagram,False
C008231,2025-12-30,India,organic,True
C008232,2025-12-30,Japan,organic,True
C008233,2025-12-30,India,marketplace,True
C008234,2025-12-30,United States,organic,True
C008235,2025-12-30,India,organic,True
C008236,2025-12-30,Canada,instagram,True
C008237,2025-12-30,United Kingdom,organic,True
C008238,2025-12-30,India,google_ads,False
C008239,2025-12-30,Germany,instagram,False
C008240,2025-12-30,India,referral,True
C008241,2025-12-30,India,instagram,True
C008242,2025-12-30,India,google_ads,True
C008243,2025-12-30,United States,google_ads,False
C008244,2025-12-30,United States,instagram,False
C008245,2025-12-30,United States,organic,False
C008246,2025-12-30,Germany,marketplace,True
C008247,2025-12-30,India,marketplace,False
C008248,2025-12-31,United Kingdom,referral,False
C008249,2025-12-31,United States,google_ads,True
C008250,2025-12-31,Germany,referral,True
C008251,2025-12-31,Australia,referral,True
C008252,2025-12-31,India,marketplace,False
C008253,2025-12-31,Australia,referral,False
C008254,2025-12-31,Japan,email,True
C008255,2025-12-31,Canada,marketplace,True
C008256,2025-12-31,Canada,referral,True
C008257,2025-12-31,United States,marketplace,True
C008258,2025-12-31,United Kingdom,instagram,True
C008259,2025-12-31,United States,marketplace,False
C008260,2025-12-31,India,google_ads,True
C008261,2025-12-31,United Kingdom,marketplace,True
C008262,2025-12-31,United States,google_ads,False
C008263,2025-12-31,India,email,True
C008264,2025-12-31,India,referral,True
C008265,2025-12-31,United States,marketplace,False
C008266,2025-12-31,India,marketplace,True
C008267,2026-01-01,United States,marketplace,False
C008268,2026-01-01,India,organic,True
C008269,2026-01-01,Japan,email,True
C008270,2026-01-01,Germany,email,False
C008271,2026-01-01,India,instagram,False
C008272,2026-01-01,United Kingdom,google_ads,False
C008273,2026-01-01,India,marketplace,False
C008274,2026-01-01,India,organic,True
C008275,2026-01-01,India,instagram,False
C008276,2026-01-01,India,instagram,False
C008277,2026-01-01,India,instagram,True
C008278,2026-01-01,United States,instagram,True
C008279,2026-01-01,Japan,organic,True
C008280,2026-01-01,Japan,instagram,True
C008281,2026-01-01,United Kingdom,marketplace,True
C008282,2026-01-01,United Kingdom,instagram,True
C008283,2026-01-01,UAE,email,False
C008284,2026-01-01,India,instagram,True
C008285,2026-01-01,United Kingdom,instagram,True
C008286,2026-01-01,United Kingdom,referral,True
C008287,2026-01-02,UAE,instagram,True
C008288,2026-01-02,United States,marketplace,True
C008289,2026-01-02,India,organic,False
C008290,2026-01-02,India,marketplace,False
C008291,2026-01-02,Japan,organic,True
C008292,2026-01-02,India,instagram,True
C008293,2026-01-02,United States,google_ads,False
C008294,2026-01-02,India,instagram,True
C008295,2026-01-02,Japan,organic,True
C008296,2026-01-02,India,google_ads,True
C008297,2026-01-02,United States,email,False
C008298,2026-01-02,United States,instagram,True
C008299,2026-01-02,India,organic,True
C008300,2026-01-02,India,instagram,False
C008301,2026-01-02,India,google_ads,False
C008302,2026-01-02,Japan,marketplace,True
C008303,2026-01-02,Germany,organic,True
C008304,2026-01-02,Germany,google_ads,True
C008305,2026-01-02,India,instagram,False
C008306,2026-01-02,United States,google_ads,True
C008307,2026-01-02,Australia,organic,False
C008308,2026-01-02,Germany,google_ads,True
C008309,2026-01-02,India,organic,True
C008310,2026-01-03,India,organic,False
C008311,2026-01-03,Japan,organic,False
C008312,2026-01-03,United States,instagram,True
C008313,2026-01-03,United Kingdom,instagram,True
C008314,2026-01-03,India,google_ads,False
C008315,2026-01-03,United States,referral,False
C008316,2026-01-03,India,instagram,False
C008317,2026-01-03,Germany,organic,True
C008318,2026-01-03,India,referral,True
C008319,2026-01-03,India,instagram,True
C008320,2026-01-03,UAE,instagram,False
C008321,2026-01-03,Australia,instagram,True
C008322,2026-01-03,India,google_ads,True
C008323,2026-01-03,United States,instagram,True
C008324,2026-01-03,Germany,google_ads,False
C008325,2026-01-03,United Kingdom,email,True
C008326,2026-01-03,India,organic,False
C008327,2026-01-03,Japan,organic,False
C008328,2026-01-03,United Kingdom,google_ads,False
C008329,2026-01-03,Canada,instagram,False
C008330,2026-01-03,UAE,organic,True
C008331,2026-01-03,United States,instagram,True
C008332,2026-01-03,United States,email,True
C008333,2026-01-03,India,google_ads,False
C008334,2026-01-03,United Kingdom,organic,False
C008335,2026-01-03,India,organic,False
C008336,2026-01-03,UAE,organic,True
C008337,2026-01-04,Germany,referral,True
C008338,2026-01-04,India,marketplace,False
C008339,2026-01-04,United Kingdom,referral,False
C008340,2026-01-04,Australia,google_ads,False
C008341,2026-01-04,India,google_ads,True
C008342,2026-01-04,India,google_ads,True
C008343,2026-01-04,United States,instagram,True
C008344,2026-01-04,United Kingdom,google_ads,False
C008345,2026-01-04,United States,organic,False
C008346,2026-01-04,India,marketplace,False
C008347,2026-01-04,India,google_ads,False
C008348,2026-01-04,UAE,google_ads,True
C008349,2026-01-04,India,organic,False
C008350,2026-01-04,Australia,instagram,True
C008351,2026-01-04,India,instagram,True
C008352,2026-01-04,India,instagram,True
C008353,2026-01-04,Japan,instagram,True
C008354,2026-01-04,Japan,organic,True
C008355,2026-01-05,India,organic,True
C008356,2026-01-05,Canada,organic,False
C008357,2026-01-05,Japan,marketplace,True
C008358,2026-01-05,Japan,instagram,True
C008359,2026-01-05,Japan,marketplace,False
C008360,2026-01-05,United States,instagram,False
C008361,2026-01-05,India,google_ads,True
C008362,2026-01-05,Australia,marketplace,True
C008363,2026-01-05,India,instagram,True
C008364,2026-01-05,United Kingdom,organic,False
C008365,2026-01-05,United States,organic,True
C008366,2026-01-05,United States,referral,False
C008367,2026-01-05,India,organic,False
C008368,2026-01-05,United Kingdom,google_ads,True
C008369,2026-01-05,India,marketplace,True
C008370,2026-01-05,United States,organic,False
C008371,2026-01-06,India,google_ads,True
C008372,2026-01-06,India,organic,True
C008373,2026-01-06,Australia,referral,True
C008374,2026-01-06,India,organic,True
C008375,2026-01-06,United Kingdom,instagram,False
C008376,2026-01-06,United States,google_ads,True
C008377,2026-01-06,Canada,instagram,True
C008378,2026-01-06,India,instagram,False
C008379,2026-01-06,India,organic,True
C008380,2026-01-06,India,marketplace,True
C008381,2026-01-06,Canada,organic,False
C008382,2026-01-06,Japan,instagram,False
C008383,2026-01-06,India,organic,False
C008384,2026-01-06,United Kingdom,marketplace,False
C008385,2026-01-06,United States,organic,True
C008386,2026-01-06,India,marketplace,True
C008387,2026-01-06,India,google_ads,False
C008388,2026-01-06,India,google_ads,False
C008389,2026-01-06,United States,organic,False
C008390,2026-01-07,UAE,google_ads,False
C008391,2026-01-07,India,organic,True
C008392,2026-01-07,United Kingdom,marketplace,True
C008393,2026-01-07,India,organic,False
C008394,2026-01-07,India,organic,False
C008395,2026-01-07,India,instagram,False
C008396,2026-01-07,India,organic,True
C008397,2026-01-07,United States,instagram,False
C008398,2026-01-07,India,instagram,False
C008399,2026-01-07,United States,google_ads,False
C008400,2026-01-07,India,organic,True
C008401,2026-01-07,United States,google_ads,True
C008402,2026-01-07,India,organic,True
C008403,2026-01-07,India,marketplace,True
C008404,2026-01-07,India,instagram,True
C008405,2026-01-07,Australia,organic,False
C008406,2026-01-08,Australia,organic,True
C008407,2026-01-08,United Kingdom,google_ads,False
C008408,2026-01-08,United States,organic,True
C008409,2026-01-08,United States,marketplace,True
C008410,2026-01-08,United Kingdom,instagram,True
C008411,2026-01-08,UAE,marketplace,True
C008412,2026-01-08,India,marketplace,True
C008413,2026-01-08,United States,organic,False
C008414,2026-01-08,United States,instagram,True
C008415,2026-01-08,India,referral,True
C008416,2026-01-08,India,referral,True
C008417,2026-01-08,United States,google_ads,True
C008418,2026-01-08,India,google_ads,True
C008419,2026-01-08,India,google_ads,False
C008420,2026-01-08,United States,referral,True
C008421,2026-01-08,India,email,True
C008422,2026-01-08,United Kingdom,google_ads,True
C008423,2026-01-08,India,organic,True
C008424,2026-01-08,United States,instagram,True
C008425,2026-01-08,India,organic,False
C008426,2026-01-08,India,instagram,False
C008427,2026-01-08,India,email,True
C008428,2026-01-08,India,organic,True
C008429,2026-01-08,Japan,marketplace,False
C008430,2026-01-08,UAE,email,True
C008431,2026-01-08,India,email,False
C008432,2026-01-09,India,instagram,True
C008433,2026-01-09,UAE,google_ads,True
C008434,2026-01-09,India,google_ads,False
C008435,2026-01-09,Canada,marketplace,True
C008436,2026-01-09,Germany,instagram,True
C008437,2026-01-09,United Kingdom,instagram,True
C008438,2026-01-09,Canada,google_ads,True
C008439,2026-01-09,United States,organic,False
C008440,2026-01-09,India,organic,True
C008441,2026-01-09,Australia,google_ads,False
C008442,2026-01-09,India,referral,False
C008443,2026-01-09,Germany,organic,False
C008444,2026-01-09,India,google_ads,False
C008445,2026-01-09,India,organic,False
C008446,2026-01-09,Australia,google_ads,True
C008447,2026-01-09,India,organic,True
C008448,2026-01-09,United States,organic,True
C008449,2026-01-09,India,organic,True
C008450,2026-01-09,India,organic,False
C008451,2026-01-09,India,instagram,False
C008452,2026-01-10,UAE,google_ads,False
C008453,2026-01-10,India,google_ads,True
C008454,2026-01-10,United States,marketplace,True
C008455,2026-01-10,India,google_ads,True
C008456,2026-01-10,India,google_ads,False
C008457,2026-01-10,United Kingdom,referral,True
C008458,2026-01-10,India,instagram,False
C008459,2026-01-10,United States,organic,True
C008460,2026-01-10,United Kingdom,organic,True
C008461,2026-01-10,India,instagram,False
C008462,2026-01-10,United States,referral,False
C008463,2026-01-10,India,referral,False
C008464,2026-01-10,Canada,referral,True
C008465,2026-01-10,Japan,email,True
C008466,2026-01-10,India,organic,False
C008467,2026-01-10,India,marketplace,True
C008468,2026-01-10,India,marketplace,True
C008469,2026-01-10,India,organic,False
C008470,2026-01-11,India,google_ads,True
C008471,2026-01-11,Australia,marketplace,True
C008472,2026-01-11,Germany,marketplace,True
C008473,2026-01-11,India,google_ads,True
C008474,2026-01-11,India,referral,True
C008475,2026-01-11,India,organic,True
C008476,2026-01-11,India,organic,False
C008477,2026-01-11,India,organic,False
C008478,2026-01-11,UAE,google_ads,True
C008479,2026-01-11,India,google_ads,False
C008480,2026-01-11,India,email,True
C008481,2026-01-11,India,organic,True
C008482,2026-01-11,India,google_ads,False
C008483,2026-01-11,India,organic,True
C008484,2026-01-11,United States,email,False
C008485,2026-01-11,India,organic,False
C008486,2026-01-11,India,google_ads,True
C008487,2026-01-11,India,organic,True
C008488,2026-01-11,India,organic,True
C008489,2026-01-11,Germany,google_ads,True
C008490,2026-01-11,United States,organic,True
C008491,2026-01-11,India,instagram,True
C008492,2026-01-11,United States,referral,True
C008493,2026-01-11,India,marketplace,True
C008494,2026-01-11,United States,organic,True
C008495,2026-01-12,India,organic,False
C008496,2026-01-12,India,google_ads,False
C008497,2026-01-12,Germany,referral,True
C008498,2026-01-12,India,instagram,False
C008499,2026-01-12,India,organic,False
C008500,2026-01-12,India,referral,False
C008501,2026-01-12,United States,google_ads,False
C008502,2026-01-12,United States,organic,False
C008503,2026-01-12,India,google_ads,False
C008504,2026-01-12,India,organic,False
C008505,2026-01-12,India,google_ads,False
C008506,2026-01-12,Australia,instagram,False
C008507,2026-01-12,United States,instagram,True
C008508,2026-01-12,UAE,marketplace,True
C008509,2026-01-12,India,instagram,True
C008510,2026-01-12,India,referral,True
C008511,2026-01-12,India,email,True
C008512,2026-01-13,Germany,marketplace,True
C008513,2026-01-13,United States,google_ads,False
C008514,2026-01-13,India,organic,False
C008515,2026-01-13,India,google_ads,True
C008516,2026-01-13,India,google_ads,True
C008517,2026-01-13,India,instagram,True
C008518,2026-01-13,Japan,instagram,True
C008519,2026-01-13,India,instagram,True
C008520,2026-01-13,United States,google_ads,False
C008521,2026-01-13,Germany,instagram,True
C008522,2026-01-13,India,organic,False
C008523,2026-01-13,Canada,google_ads,True
C008524,2026-01-14,India,organic,False
C008525,2026-01-14,India,organic,True
C008526,2026-01-14,India,google_ads,True
C008527,2026-01-14,India,marketplace,True
C008528,2026-01-14,Germany,google_ads,True
C008529,2026-01-14,India,organic,True
C008530,2026-01-14,India,email,True
C008531,2026-01-14,India,referral,True
C008532,2026-01-14,UAE,google_ads,True
C008533,2026-01-14,United States,organic,True
C008534,2026-01-14,UAE,instagram,True
C008535,2026-01-14,UAE,marketplace,False
C008536,2026-01-14,Germany,organic,True
C008537,2026-01-14,Canada,google_ads,False
C008538,2026-01-14,India,instagram,False
C008539,2026-01-14,Japan,google_ads,False
C008540,2026-01-15,India,referral,True
C008541,2026-01-15,India,organic,True
C008542,2026-01-15,India,organic,True
C008543,2026-01-15,India,organic,True
C008544,2026-01-15,Canada,marketplace,True
C008545,2026-01-15,Australia,instagram,True
C008546,2026-01-15,India,organic,True
C008547,2026-01-15,India,organic,False
C008548,2026-01-15,India,organic,False
C008549,2026-01-15,India,email,False
C008550,2026-01-15,Canada,google_ads,False
C008551,2026-01-15,United States,marketplace,False
C008552,2026-01-15,India,instagram,True
C008553,2026-01-15,India,referral,True
C008554,2026-01-15,Australia,marketplace,True
C008555,2026-01-15,India,google_ads,True
C008556,2026-01-15,India,organic,False
C008557,2026-01-15,India,organic,False
C008558,2026-01-15,Japan,instagram,True
C008559,2026-01-15,India,organic,True
C008560,2026-01-15,Australia,organic,True
C008561,2026-01-15,India,instagram,True
C008562,2026-01-15,India,google_ads,True
C008563,2026-01-16,United States,google_ads,False
C008564,2026-01-16,Australia,google_ads,True
C008565,2026-01-16,United States,marketplace,True
C008566,2026-01-16,Japan,instagram,True
C008567,2026-01-16,Australia,instagram,False
C008568,2026-01-16,India,marketplace,False
C008569,2026-01-16,India,google_ads,True
C008570,2026-01-16,India,instagram,True
C008571,2026-01-16,United Kingdom,google_ads,False
C008572,2026-01-16,Germany,organic,False
C008573,2026-01-16,Canada,google_ads,False
C008574,2026-01-16,Germany,instagram,False
C008575,2026-01-16,Japan,email,True
C008576,2026-01-16,United Kingdom,referral,True
C008577,2026-01-16,India,google_ads,False
C008578,2026-01-16,India,organic,True
C008579,2026-01-16,India,instagram,True
C008580,2026-01-16,India,marketplace,False
C008581,2026-01-16,India,google_ads,False
C008582,2026-01-16,India,organic,False
C008583,2026-01-16,India,organic,True
C008584,2026-01-16,India,instagram,False
C008585,2026-01-16,India,referral,True
C008586,2026-01-16,India,marketplace,True
C008587,2026-01-17,United Kingdom,instagram,True
C008588,2026-01-17,United States,referral,True
C008589,2026-01-17,United States,organic,True
C008590,2026-01-17,Australia,referral,False
C008591,2026-01-17,India,email,True
C008592,2026-01-17,India,instagram,False
C008593,2026-01-17,India,organic,True
C008594,2026-01-17,United States,instagram,False
C008595,2026-01-17,India,referral,False
C008596,2026-01-17,India,google_ads,False
C008597,2026-01-17,Germany,email,True
C008598,2026-01-17,United States,organic,True
C008599,2026-01-17,Canada,instagram,False
C008600,2026-01-17,UAE,email,True
C008601,2026-01-17,Japan,organic,True
C008602,2026-01-17,United States,instagram,True
C008603,2026-01-17,India,instagram,True
C008604,2026-01-18,Germany,marketplace,True
C008605,2026-01-18,India,email,False
C008606,2026-01-18,United States,instagram,True
C008607,2026-01-18,United States,google_ads,False
C008608,2026-01-18,India,instagram,True
C008609,2026-01-18,Japan,instagram,False
C008610,2026-01-18,India,instagram,False
C008611,2026-01-18,United States,instagram,False
C008612,2026-01-18,United States,instagram,False
C008613,2026-01-18,United Kingdom,instagram,True
C008614,2026-01-18,India,instagram,True
C008615,2026-01-18,United States,instagram,True
C008616,2026-01-18,India,organic,True
C008617,2026-01-18,United States,instagram,True
C008618,2026-01-18,Australia,google_ads,False
C008619,2026-01-18,India,marketplace,True
C008620,2026-01-18,United States,organic,True
C008621,2026-01-18,India,instagram,True
C008622,2026-01-18,India,organic,True
C008623,2026-01-18,United States,instagram,False
C008624,2026-01-18,India,google_ads,False
C008625,2026-01-18,India,organic,True
C008626,2026-01-18,United States,instagram,True
C008627,2026-01-18,United States,marketplace,True
C008628,2026-01-18,Australia,marketplace,True
C008629,2026-01-18,United States,organic,True
C008630,2026-01-18,India,instagram,True
C008631,2026-01-19,United Kingdom,organic,False
C008632,2026-01-19,India,organic,True
C008633,2026-01-19,India,instagram,True
C008634,2026-01-19,India,google_ads,False
C008635,2026-01-19,India,google_ads,True
C008636,2026-01-19,United States,organic,False
C008637,2026-01-19,India,marketplace,True
C008638,2026-01-19,India,organic,False
C008639,2026-01-19,Canada,instagram,True
C008640,2026-01-19,India,google_ads,False
C008641,2026-01-19,India,google_ads,True
C008642,2026-01-19,United States,marketplace,True
C008643,2026-01-19,United Kingdom,google_ads,True
C008644,2026-01-19,United Kingdom,instagram,False
C008645,2026-01-19,India,google_ads,False
C008646,2026-01-19,India,organic,True
C008647,2026-01-19,United States,instagram,False
C008648,2026-01-19,India,instagram,False
C008649,2026-01-19,India,google_ads,True
C008650,2026-01-19,United States,marketplace,True
C008651,2026-01-20,Japan,referral,True
C008652,2026-01-20,India,organic,True
C008653,2026-01-20,India,organic,False
C008654,2026-01-20,United States,google_ads,True
C008655,2026-01-20,India,email,True
C008656,2026-01-20,Germany,organic,False
C008657,2026-01-20,United Kingdom,organic,True
C008658,2026-01-20,India,marketplace,True
C008659,2026-01-20,UAE,google_ads,True
C008660,2026-01-21,Germany,instagram,True
C008661,2026-01-21,India,organic,True
C008662,2026-01-21,Japan,instagram,False
C008663,2026-01-21,Australia,referral,False
C008664,2026-01-21,India,marketplace,False
C008665,2026-01-21,India,google_ads,False
C008666,2026-01-21,Canada,instagram,True
C008667,2026-01-21,India,instagram,True
C008668,2026-01-21,India,organic,True
C008669,2026-01-21,Germany,organic,True
C008670,2026-01-21,India,google_ads,True
C008671,2026-01-21,India,instagram,False
C008672,2026-01-21,Canada,instagram,True
C008673,2026-01-22,India,referral,False
C008674,2026-01-22,India,instagram,False
C008675,2026-01-22,India,instagram,True
C008676,2026-01-22,United States,referral,False
C008677,2026-01-22,UAE,instagram,False
C008678,2026-01-22,Germany,google_ads,True
C008679,2026-01-22,Germany,google_ads,True
C008680,2026-01-22,India,instagram,False
C008681,2026-01-22,Germany,organic,True
C008682,2026-01-22,United Kingdom,organic,True
C008683,2026-01-22,United States,organic,True
C008684,2026-01-22,India,organic,True
C008685,2026-01-22,Canada,google_ads,False
C008686,2026-01-22,United States,instagram,False
C008687,2026-01-22,India,instagram,True
C008688,2026-01-22,India,instagram,False
C008689,2026-01-22,India,instagram,True
C008690,2026-01-22,Australia,marketplace,True
C008691,2026-01-22,Germany,google_ads,True
C008692,2026-01-22,India,google_ads,True
C008693,2026-01-23,Japan,google_ads,True
C008694,2026-01-23,India,organic,True
C008695,2026-01-23,UAE,organic,True
C008696,2026-01-23,Australia,google_ads,True
C008697,2026-01-23,Canada,instagram,False
C008698,2026-01-23,India,instagram,False
C008699,2026-01-23,India,instagram,False
C008700,2026-01-23,India,marketplace,False
C008701,2026-01-23,Japan,instagram,False
C008702,2026-01-23,Japan,referral,True
C008703,2026-01-23,India,instagram,True
C008704,2026-01-23,India,marketplace,True
C008705,2026-01-23,United States,marketplace,True
C008706,2026-01-24,United States,organic,True
C008707,2026-01-24,India,instagram,True
C008708,2026-01-24,United States,email,True
C008709,2026-01-24,India,instagram,False
C008710,2026-01-24,Canada,referral,False
C008711,2026-01-24,Germany,instagram,False
C008712,2026-01-24,India,instagram,False
C008713,2026-01-24,Germany,referral,True
C008714,2026-01-24,India,instagram,True
C008715,2026-01-24,Australia,marketplace,True
C008716,2026-01-24,India,email,True
C008717,2026-01-24,United States,organic,False
C008718,2026-01-24,United Kingdom,referral,True
C008719,2026-01-24,India,instagram,False
C008720,2026-01-24,India,instagram,True
C008721,2026-01-24,India,referral,False
C008722,2026-01-24,United States,marketplace,True
C008723,2026-01-24,India,organic,True
C008724,2026-01-24,India,organic,True
C008725,2026-01-24,India,instagram,True
C008726,2026-01-24,India,referral,True
C008727,2026-01-24,India,organic,False
C008728,2026-01-24,Germany,google_ads,True
C008729,2026-01-24,India,google_ads,False
C008730,2026-01-24,India,instagram,True
C008731,2026-01-24,India,instagram,False
C008732,2026-01-25,India,google_ads,False
C008733,2026-01-25,UAE,google_ads,False
C008734,2026-01-25,United States,referral,False
C008735,2026-01-25,India,instagram,True
C008736,2026-01-25,India,marketplace,False
C008737,2026-01-25,Australia,organic,False
C008738,2026-01-25,India,email,True
C008739,2026-01-25,India,organic,True
C008740,2026-01-25,United States,marketplace,True
C008741,2026-01-25,India,google_ads,True
C008742,2026-01-25,India,instagram,True
C008743,2026-01-25,India,google_ads,False
C008744,2026-01-25,India,referral,True
C008745,2026-01-25,United States,instagram,True
C008746,2026-01-25,United Kingdom,organic,False
C008747,2026-01-25,United Kingdom,instagram,False
C008748,2026-01-25,UAE,marketplace,True
C008749,2026-01-25,United Kingdom,marketplace,False
C008750,2026-01-25,India,organic,False
C008751,2026-01-25,India,referral,True
C008752,2026-01-25,India,google_ads,False
C008753,2026-01-25,India,referral,False
C008754,2026-01-26,Germany,organic,True
C008755,2026-01-26,Japan,google_ads,True
C008756,2026-01-26,Germany,organic,True
C008757,2026-01-26,India,organic,True
C008758,2026-01-26,UAE,organic,True
C008759,2026-01-26,Germany,organic,True
C008760,2026-01-26,India,email,True
C008761,2026-01-26,United States,organic,True
C008762,2026-01-26,India,organic,False
C008763,2026-01-26,India,google_ads,True
C008764,2026-01-26,Canada,google_ads,True
C008765,2026-01-26,India,marketplace,True
C008766,2026-01-26,India,instagram,False
C008767,2026-01-26,Japan,instagram,True
C008768,2026-01-27,India,google_ads,True
C008769,2026-01-27,India,google_ads,True
C008770,2026-01-27,India,marketplace,True
C008771,2026-01-27,India,google_ads,False
C008772,2026-01-27,Canada,marketplace,False
C008773,2026-01-27,India,referral,False
C008774,2026-01-27,India,marketplace,True
C008775,2026-01-27,United States,google_ads,True
C008776,2026-01-27,Germany,organic,True
C008777,2026-01-27,United States,marketplace,False
C008778,2026-01-27,India,organic,True
C008779,2026-01-27,India,organic,False
C008780,2026-01-27,United Kingdom,instagram,False
C008781,2026-01-27,United States,organic,True
C008782,2026-01-27,United States,organic,True
C008783,2026-01-27,UAE,referral,False
C008784,2026-01-27,Japan,google_ads,False
C008785,2026-01-28,India,organic,False
C008786,2026-01-28,Germany,google_ads,True
C008787,2026-01-28,United States,google_ads,False
C008788,2026-01-28,India,organic,True
C008789,2026-01-28,United States,referral,False
C008790,2026-01-28,Japan,organic,False
C008791,2026-01-28,India,organic,False
C008792,2026-01-28,India,instagram,True
C008793,2026-01-28,India,instagram,True
C008794,2026-01-28,United States,organic,False
C008795,2026-01-28,India,organic,True
C008796,2026-01-28,India,instagram,False
C008797,2026-01-28,India,organic,True
C008798,2026-01-28,India,marketplace,True
C008799,2026-01-28,United States,referral,True
C008800,2026-01-28,Germany,referral,True
C008801,2026-01-28,United Kingdom,instagram,True
C008802,2026-01-29,India,referral,True
C008803,2026-01-29,United Kingdom,organic,True
C008804,2026-01-29,India,email,True
C008805,2026-01-29,India,instagram,False
C008806,2026-01-29,India,organic,True
C008807,2026-01-29,India,instagram,False
C008808,2026-01-29,India,marketplace,True
C008809,2026-01-29,India,organic,True
C008810,2026-01-29,UAE,instagram,True
C008811,2026-01-29,India,organic,True
C008812,2026-01-29,Canada,google_ads,True
C008813,2026-01-29,India,instagram,True
C008814,2026-01-29,Australia,google_ads,False
C008815,2026-01-29,United States,instagram,False
C008816,2026-01-29,India,marketplace,True
C008817,2026-01-29,India,organic,True
C008818,2026-01-29,India,instagram,False
C008819,2026-01-29,Germany,instagram,False
C008820,2026-01-29,India,google_ads,True
C008821,2026-01-29,United States,google_ads,True
C008822,2026-01-29,United States,marketplace,False
C008823,2026-01-30,United Kingdom,marketplace,True
C008824,2026-01-30,United Kingdom,referral,True
C008825,2026-01-30,Canada,google_ads,True
C008826,2026-01-30,Japan,referral,False
C008827,2026-01-30,India,google_ads,True
C008828,2026-01-30,India,instagram,True
C008829,2026-01-30,Japan,google_ads,True
C008830,2026-01-30,India,instagram,True
C008831,2026-01-30,India,marketplace,False
C008832,2026-01-30,India,referral,True
C008833,2026-01-30,Japan,referral,True
C008834,2026-01-30,India,google_ads,True
C008835,2026-01-30,Australia,marketplace,True
C008836,2026-01-30,India,marketplace,False
C008837,2026-01-30,Australia,google_ads,True
C008838,2026-01-30,India,organic,False
C008839,2026-01-30,India,organic,True
C008840,2026-01-30,United States,instagram,True
C008841,2026-01-30,India,organic,False
C008842,2026-01-31,Canada,referral,True
C008843,2026-01-31,India,organic,True
C008844,2026-01-31,India,instagram,True
C008845,2026-01-31,United States,google_ads,True
C008846,2026-01-31,Canada,organic,False
C008847,2026-01-31,India,organic,True
C008848,2026-01-31,Germany,organic,True
C008849,2026-01-31,India,instagram,False
C008850,2026-01-31,India,marketplace,False
C008851,2026-01-31,India,instagram,False
C008852,2026-01-31,United States,instagram,True
C008853,2026-01-31,India,instagram,True
C008854,2026-01-31,India,google_ads,True
C008855,2026-01-31,United States,instagram,False
C008856,2026-01-31,India,google_ads,False
C008857,2026-01-31,Japan,google_ads,False
C008858,2026-01-31,Australia,google_ads,True
C008859,2026-01-31,United Kingdom,organic,True
C008860,2026-01-31,India,organic,False
C008861,2026-02-01,India,organic,True
C008862,2026-02-01,United Kingdom,marketplace,True
C008863,2026-02-01,United States,google_ads,True
C008864,2026-02-01,India,organic,True
C008865,2026-02-01,India,organic,True
C008866,2026-02-01,Germany,organic,False
C008867,2026-02-01,Japan,google_ads,False
C008868,2026-02-01,India,organic,False
C008869,2026-02-01,India,email,True
C008870,2026-02-01,India,organic,True
C008871,2026-02-01,India,organic,False
C008872,2026-02-01,India,google_ads,False
C008873,2026-02-01,Australia,marketplace,True
C008874,2026-02-01,United Kingdom,marketplace,False
C008875,2026-02-01,India,organic,False
C008876,2026-02-01,India,organic,False
C008877,2026-02-01,Canada,organic,True
C008878,2026-02-01,India,organic,True
C008879,2026-02-01,United Kingdom,referral,False
C008880,2026-02-02,Australia,google_ads,True
C008881,2026-02-02,United States,organic,False
C008882,2026-02-02,India,google_ads,False
C008883,2026-02-02,Germany,instagram,True
C008884,2026-02-02,India,organic,False
C008885,2026-02-02,India,organic,True
C008886,2026-02-02,Japan,google_ads,True
C008887,2026-02-02,India,marketplace,True
C008888,2026-02-02,Japan,google_ads,False
C008889,2026-02-02,India,referral,True
C008890,2026-02-02,Canada,google_ads,False
C008891,2026-02-02,India,organic,False
C008892,2026-02-03,India,email,True
C008893,2026-02-03,United States,organic,True
C008894,2026-02-03,India,referral,False
C008895,2026-02-03,United Kingdom,marketplace,False
C008896,2026-02-03,India,instagram,True
C008897,2026-02-03,India,organic,True
C008898,2026-02-03,India,google_ads,False
C008899,2026-02-03,India,instagram,False
C008900,2026-02-03,India,google_ads,True
C008901,2026-02-03,India,organic,False
C008902,2026-02-03,Germany,organic,True
C008903,2026-02-03,United States,organic,True
C008904,2026-02-03,India,google_ads,True
C008905,2026-02-03,Germany,google_ads,True
C008906,2026-02-03,India,organic,True
C008907,2026-02-03,India,organic,True
C008908,2026-02-04,United States,instagram,True
C008909,2026-02-04,United States,organic,False
C008910,2026-02-04,India,instagram,True
C008911,2026-02-04,United States,organic,False
C008912,2026-02-04,India,organic,True
C008913,2026-02-04,India,referral,True
C008914,2026-02-04,India,marketplace,False
C008915,2026-02-04,United States,google_ads,True
C008916,2026-02-04,India,marketplace,False
C008917,2026-02-04,India,referral,False
C008918,2026-02-04,India,google_ads,True
C008919,2026-02-04,India,referral,False
C008920,2026-02-04,India,organic,True
C008921,2026-02-04,United States,google_ads,True
C008922,2026-02-04,India,google_ads,False
C008923,2026-02-04,India,google_ads,True
C008924,2026-02-04,United States,organic,True
C008925,2026-02-04,India,instagram,True
C008926,2026-02-05,India,organic,True
C008927,2026-02-05,India,organic,True
C008928,2026-02-05,United States,marketplace,False
C008929,2026-02-05,United States,organic,True
C008930,2026-02-05,United States,google_ads,True
C008931,2026-02-05,Germany,google_ads,True
C008932,2026-02-05,India,instagram,True
C008933,2026-02-05,Germany,organic,True
C008934,2026-02-05,United States,google_ads,False
C008935,2026-02-05,United Kingdom,organic,True
C008936,2026-02-05,India,instagram,True
C008937,2026-02-05,India,email,True
C008938,2026-02-05,India,instagram,False
C008939,2026-02-06,India,instagram,True
C008940,2026-02-06,United States,organic,True
C008941,2026-02-06,Germany,referral,True
C008942,2026-02-06,India,instagram,False
C008943,2026-02-06,India,organic,True
C008944,2026-02-06,India,marketplace,True
C008945,2026-02-06,India,marketplace,True
C008946,2026-02-06,Australia,instagram,False
C008947,2026-02-06,India,instagram,True
C008948,2026-02-06,United Kingdom,organic,True
C008949,2026-02-06,United States,organic,True
C008950,2026-02-06,India,organic,True
C008951,2026-02-07,Australia,organic,True
C008952,2026-02-07,United States,organic,False
C008953,2026-02-07,United States,instagram,True
C008954,2026-02-07,United Kingdom,marketplace,True
C008955,2026-02-07,Australia,organic,False
C008956,2026-02-07,United Kingdom,marketplace,True
C008957,2026-02-07,India,google_ads,False
C008958,2026-02-07,India,email,True
C008959,2026-02-07,India,organic,True
C008960,2026-02-07,UAE,instagram,False
C008961,2026-02-07,Germany,organic,True
C008962,2026-02-07,India,organic,False
C008963,2026-02-07,United States,organic,False
C008964,2026-02-07,India,instagram,False
C008965,2026-02-07,India,organic,False
C008966,2026-02-07,India,marketplace,True
C008967,2026-02-07,India,instagram,True
C008968,2026-02-07,Canada,email,False
C008969,2026-02-07,United States,organic,True
C008970,2026-02-08,India,instagram,True
C008971,2026-02-08,India,organic,True
C008972,2026-02-08,UAE,referral,True
C008973,2026-02-08,India,instagram,False
C008974,2026-02-08,India,google_ads,False
C008975,2026-02-08,Australia,organic,False
C008976,2026-02-08,India,instagram,True
C008977,2026-02-08,India,organic,True
C008978,2026-02-08,Japan,instagram,False
C008979,2026-02-08,India,organic,False
C008980,2026-02-08,UAE,organic,True
C008981,2026-02-08,India,email,True
C008982,2026-02-08,United States,organic,False
C008983,2026-02-08,United States,organic,True
C008984,2026-02-08,Germany,google_ads,True
C008985,2026-02-08,UAE,marketplace,False
C008986,2026-02-08,Germany,referral,False
C008987,2026-02-08,India,organic,True
C008988,2026-02-08,Australia,instagram,True
C008989,2026-02-09,Canada,google_ads,False
C008990,2026-02-09,United States,organic,False
C008991,2026-02-09,India,organic,False
C008992,2026-02-09,Australia,organic,True
C008993,2026-02-09,India,google_ads,False
C008994,2026-02-09,Australia,google_ads,True
C008995,2026-02-09,India,marketplace,False
C008996,2026-02-09,India,referral,False
C008997,2026-02-09,Japan,organic,True
C008998,2026-02-09,United Kingdom,google_ads,True
C008999,2026-02-09,Germany,marketplace,True
C009000,2026-02-09,India,google_ads,True
C009001,2026-02-09,UAE,google_ads,True
C009002,2026-02-09,India,google_ads,True
C009003,2026-02-10,United Kingdom,referral,True
C009004,2026-02-10,India,marketplace,True
C009005,2026-02-10,India,google_ads,False
C009006,2026-02-10,Canada,instagram,True
C009007,2026-02-10,United States,organic,True
C009008,2026-02-10,UAE,marketplace,False
C009009,2026-02-10,United States,google_ads,True
C009010,2026-02-10,India,instagram,False
C009011,2026-02-10,India,instagram,False
C009012,2026-02-11,United States,referral,False
C009013,2026-02-11,United States,referral,True
C009014,2026-02-11,India,google_ads,True
C009015,2026-02-11,India,organic,False
C009016,2026-02-11,India,organic,False
C009017,2026-02-11,Australia,google_ads,True
C009018,2026-02-11,India,google_ads,True
C009019,2026-02-11,India,referral,True
C009020,2026-02-11,United Kingdom,instagram,False
C009021,2026-02-11,United States,organic,True
C009022,2026-02-11,Canada,google_ads,True
C009023,2026-02-11,United States,marketplace,False
C009024,2026-02-11,United States,google_ads,True
C009025,2026-02-11,United Kingdom,referral,False
C009026,2026-02-12,Japan,organic,False
C009027,2026-02-12,United States,organic,False
C009028,2026-02-12,Japan,instagram,True
C009029,2026-02-12,India,marketplace,False
C009030,2026-02-12,India,organic,False
C009031,2026-02-12,India,google_ads,True
C009032,2026-02-12,India,organic,False
C009033,2026-02-12,UAE,marketplace,True
C009034,2026-02-12,United States,organic,True
C009035,2026-02-12,India,organic,True
C009036,2026-02-12,India,organic,False
C009037,2026-02-12,India,instagram,True
C009038,2026-02-12,Australia,organic,True
C009039,2026-02-12,United States,instagram,True
C009040,2026-02-12,India,instagram,True
C009041,2026-02-12,United Kingdom,marketplace,False
C009042,2026-02-12,India,referral,False
C009043,2026-02-13,India,instagram,True
C009044,2026-02-13,India,instagram,False
C009045,2026-02-13,Germany,google_ads,False
C009046,2026-02-13,India,instagram,True
C009047,2026-02-13,India,google_ads,True
C009048,2026-02-13,United States,google_ads,False
C009049,2026-02-13,India,organic,False
C009050,2026-02-13,Australia,instagram,False
C009051,2026-02-13,Australia,instagram,True
C009052,2026-02-13,United States,marketplace,True
C009053,2026-02-13,India,organic,True
C009054,2026-02-13,Canada,instagram,True
C009055,2026-02-13,India,instagram,True
C009056,2026-02-13,Canada,instagram,False
C009057,2026-02-13,India,google_ads,True
C009058,2026-02-13,India,google_ads,False
C009059,2026-02-14,United Kingdom,instagram,True
C009060,2026-02-14,United Kingdom,google_ads,True
C009061,2026-02-14,United States,organic,False
C009062,2026-02-14,India,instagram,True
C009063,2026-02-14,India,organic,True
C009064,2026-02-14,United Kingdom,google_ads,False
C009065,2026-02-14,India,google_ads,True
C009066,2026-02-14,India,organic,True
C009067,2026-02-14,India,organic,True
C009068,2026-02-14,Australia,organic,True
C009069,2026-02-14,Germany,instagram,True
C009070,2026-02-14,Germany,organic,False
C009071,2026-02-14,India,marketplace,False
C009072,2026-02-14,India,google_ads,False
C009073,2026-02-14,India,google_ads,True
C009074,2026-02-15,Australia,organic,False
C009075,2026-02-15,India,marketplace,True
C009076,2026-02-15,Germany,google_ads,True
C009077,2026-02-15,United States,organic,True
C009078,2026-02-15,India,google_ads,False
C009079,2026-02-15,United States,google_ads,False
C009080,2026-02-15,United States,organic,False
C009081,2026-02-15,India,organic,True
C009082,2026-02-15,India,organic,True
C009083,2026-02-15,Germany,referral,True
C009084,2026-02-15,India,referral,False
C009085,2026-02-15,India,organic,False
C009086,2026-02-16,Japan,instagram,False
C009087,2026-02-16,United States,referral,False
C009088,2026-02-16,United States,organic,False
C009089,2026-02-16,India,organic,False
C009090,2026-02-16,India,referral,True
C009091,2026-02-16,India,organic,True
C009092,2026-02-16,India,google_ads,True
C009093,2026-02-16,Australia,organic,False
C009094,2026-02-16,India,organic,True
C009095,2026-02-16,India,google_ads,True
C009096,2026-02-16,India,organic,False
C009097,2026-02-16,United States,organic,True
C009098,2026-02-16,Japan,google_ads,True
C009099,2026-02-17,United Kingdom,marketplace,True
C009100,2026-02-17,Germany,organic,True
C009101,2026-02-17,India,organic,True
C009102,2026-02-17,India,instagram,True
C009103,2026-02-17,India,google_ads,False
C009104,2026-02-17,India,organic,True
C009105,2026-02-17,India,instagram,True
C009106,2026-02-17,India,google_ads,True
C009107,2026-02-17,United States,instagram,True
C009108,2026-02-17,Canada,google_ads,False
C009109,2026-02-17,India,marketplace,False
C009110,2026-02-17,India,email,True
C009111,2026-02-17,India,organic,False
C009112,2026-02-17,United Kingdom,organic,False
C009113,2026-02-17,United States,google_ads,False
C009114,2026-02-17,India,referral,True
C009115,2026-02-17,India,marketplace,False
C009116,2026-02-17,United Kingdom,organic,True
C009117,2026-02-17,Japan,email,True
C009118,2026-02-17,India,referral,False
C009119,2026-02-17,United Kingdom,instagram,True
C009120,2026-02-17,Australia,instagram,False
C009121,2026-02-18,United Kingdom,instagram,False
C009122,2026-02-18,India,google_ads,False
C009123,2026-02-18,United States,google_ads,False
C009124,2026-02-18,Australia,referral,True
C009125,2026-02-18,United States,organic,True
C009126,2026-02-18,United States,marketplace,False
C009127,2026-02-18,United States,organic,False
C009128,2026-02-18,United States,instagram,True
C009129,2026-02-18,United Kingdom,organic,False
C009130,2026-02-18,Germany,google_ads,True
C009131,2026-02-18,India,instagram,False
C009132,2026-02-19,India,google_ads,True
C009133,2026-02-19,India,google_ads,True
C009134,2026-02-19,UAE,marketplace,True
C009135,2026-02-19,United States,organic,True
C009136,2026-02-19,United States,instagram,True
C009137,2026-02-19,Japan,organic,True
C009138,2026-02-19,India,instagram,False
C009139,2026-02-19,United States,organic,True
C009140,2026-02-19,India,marketplace,False
C009141,2026-02-19,India,google_ads,False
C009142,2026-02-19,United States,instagram,True
C009143,2026-02-19,India,marketplace,True
C009144,2026-02-19,India,instagram,False
C009145,2026-02-20,India,instagram,False
C009146,2026-02-20,India,google_ads,True
C009147,2026-02-20,India,google_ads,False
C009148,2026-02-20,United Kingdom,marketplace,True
C009149,2026-02-20,Germany,google_ads,False
C009150,2026-02-20,India,instagram,False
C009151,2026-02-20,India,instagram,False
C009152,2026-02-20,United Kingdom,instagram,True
C009153,2026-02-20,United States,instagram,True
C009154,2026-02-20,Australia,marketplace,True
C009155,2026-02-20,Japan,referral,False
C009156,2026-02-20,India,organic,False
C009157,2026-02-21,India,marketplace,False
C009158,2026-02-21,United States,google_ads,False
C009159,2026-02-21,United Kingdom,google_ads,True
C009160,2026-02-21,India,marketplace,False
C009161,2026-02-21,India,instagram,True
C009162,2026-02-21,India,referral,False
C009163,2026-02-21,India,organic,True
C009164,2026-02-21,India,email,True
C009165,2026-02-21,Australia,organic,False
C009166,2026-02-21,India,organic,False
C009167,2026-02-21,India,organic,False
C009168,2026-02-21,United States,referral,True
C009169,2026-02-21,United States,referral,True
C009170,2026-02-21,United States,organic,False
C009171,2026-02-22,Germany,google_ads,True
C009172,2026-02-22,India,google_ads,True
C009173,2026-02-22,Germany,marketplace,False
C009174,2026-02-22,India,email,False
C009175,2026-02-22,India,organic,False
C009176,2026-02-22,India,google_ads,True
C009177,2026-02-22,UAE,instagram,True
C009178,2026-02-22,United Kingdom,organic,True
C009179,2026-02-22,United States,google_ads,True
C009180,2026-02-22,India,google_ads,True
C009181,2026-02-22,India,marketplace,True
C009182,2026-02-22,Australia,instagram,False
C009183,2026-02-22,India,google_ads,True
C009184,2026-02-22,Germany,organic,False
C009185,2026-02-22,India,marketplace,False
C009186,2026-02-22,Australia,marketplace,True
C009187,2026-02-22,UAE,organic,True
C009188,2026-02-22,Canada,google_ads,True
C009189,2026-02-22,Germany,organic,True
C009190,2026-02-23,India,referral,True
C009191,2026-02-23,United States,instagram,False
C009192,2026-02-23,Germany,google_ads,True
C009193,2026-02-23,India,google_ads,True
C009194,2026-02-23,India,google_ads,True
C009195,2026-02-23,India,marketplace,True
C009196,2026-02-23,India,google_ads,True
C009197,2026-02-23,Japan,organic,False
C009198,2026-02-23,United Kingdom,instagram,False
C009199,2026-02-23,India,organic,False
C009200,2026-02-23,United Kingdom,referral,False
C009201,2026-02-23,Japan,google_ads,True
C009202,2026-02-23,UAE,google_ads,False
C009203,2026-02-23,India,marketplace,False
C009204,2026-02-23,UAE,instagram,False
C009205,2026-02-23,India,referral,False
C009206,2026-02-23,United Kingdom,organic,True
C009207,2026-02-23,India,email,False
C009208,2026-02-24,India,marketplace,True
C009209,2026-02-24,United States,google_ads,True
C009210,2026-02-24,Australia,organic,False
C009211,2026-02-24,India,instagram,False
C009212,2026-02-24,India,organic,False
C009213,2026-02-24,India,organic,True
C009214,2026-02-24,India,referral,True
C009215,2026-02-24,India,organic,True
C009216,2026-02-24,UAE,organic,True
C009217,2026-02-24,United States,instagram,False
C009218,2026-02-24,India,organic,True
C009219,2026-02-25,India,instagram,True
C009220,2026-02-25,United States,google_ads,True
C009221,2026-02-25,India,referral,False
C009222,2026-02-25,United States,organic,True
C009223,2026-02-25,India,google_ads,False
C009224,2026-02-25,Germany,marketplace,True
C009225,2026-02-25,India,organic,True
C009226,2026-02-25,India,marketplace,False
C009227,2026-02-25,India,marketplace,True
C009228,2026-02-25,India,organic,False
C009229,2026-02-25,India,referral,True
C009230,2026-02-25,United States,instagram,False
C009231,2026-02-26,Canada,google_ads,True
C009232,2026-02-26,India,marketplace,False
C009233,2026-02-26,India,organic,False
C009234,2026-02-26,Germany,referral,True
C009235,2026-02-26,India,referral,True
C009236,2026-02-26,India,email,False
C009237,2026-02-26,Australia,organic,True
C009238,2026-02-26,United States,instagram,True
C009239,2026-02-26,India,organic,True
C009240,2026-02-26,United Kingdom,instagram,False
C009241,2026-02-26,United Kingdom,marketplace,True
C009242,2026-02-26,UAE,google_ads,True
C009243,2026-02-26,Australia,google_ads,False
C009244,2026-02-26,India,organic,True
C009245,2026-02-27,India,organic,True
C009246,2026-02-27,India,instagram,True
C009247,2026-02-27,Australia,organic,True
C009248,2026-02-27,India,google_ads,False
C009249,2026-02-27,India,organic,False
C009250,2026-02-27,India,instagram,True
C009251,2026-02-27,Germany,referral,False
C009252,2026-02-27,United States,organic,True
C009253,2026-02-27,India,referral,True
C009254,2026-02-27,India,google_ads,False
C009255,2026-02-27,India,email,False
C009256,2026-02-27,India,instagram,False
C009257,2026-02-27,United States,google_ads,False
C009258,2026-02-28,Japan,marketplace,False
C009259,2026-02-28,United Kingdom,instagram,True
C009260,2026-02-28,Germany,google_ads,False
C009261,2026-02-28,India,organic,False
C009262,2026-02-28,Germany,referral,True
C009263,2026-02-28,UAE,organic,True
C009264,2026-02-28,India,instagram,True
C009265,2026-02-28,India,google_ads,False
C009266,2026-02-28,Germany,google_ads,True
C009267,2026-02-28,United Kingdom,organic,False
C009268,2026-02-28,India,organic,False
C009269,2026-02-28,India,google_ads,True
C009270,2026-02-28,India,instagram,True
C009271,2026-02-28,India,marketplace,True
C009272,2026-02-28,Germany,instagram,True
C009273,2026-02-28,India,email,False
C009274,2026-02-28,United Kingdom,instagram,False
C009275,2026-02-28,United Kingdom,google_ads,False
C009276,2026-02-28,India,referral,True
C009277,2026-02-28,India,google_ads,False
C009278,2026-03-01,Canada,instagram,False
C009279,2026-03-01,United States,google_ads,False
C009280,2026-03-01,Canada,google_ads,True
C009281,2026-03-01,India,instagram,True
C009282,2026-03-01,India,instagram,False
C009283,2026-03-01,United States,google_ads,False
C009284,2026-03-01,United Kingdom,referral,True
C009285,2026-03-01,United Kingdom,instagram,True
C009286,2026-03-01,Canada,google_ads,False
C009287,2026-03-01,UAE,organic,False
C009288,2026-03-01,India,organic,False
C009289,2026-03-01,UAE,google_ads,False
C009290,2026-03-01,India,organic,True
C009291,2026-03-02,Canada,referral,True
C009292,2026-03-02,India,organic,False
C009293,2026-03-02,United States,instagram,True
C009294,2026-03-02,India,referral,True
C009295,2026-03-02,India,referral,True
C009296,2026-03-02,Japan,instagram,True
C009297,2026-03-02,India,marketplace,True
C009298,2026-03-02,United States,organic,True
C009299,2026-03-02,India,referral,False
C009300,2026-03-02,India,instagram,False
C009301,2026-03-03,India,marketplace,False
C009302,2026-03-03,United States,email,True
C009303,2026-03-03,India,google_ads,False
C009304,2026-03-03,India,referral,True
C009305,2026-03-03,United States,organic,True
C009306,2026-03-03,United Kingdom,organic,True
C009307,2026-03-04,United Kingdom,instagram,True
C009308,2026-03-04,Germany,organic,True
C009309,2026-03-04,India,instagram,True
C009310,2026-03-04,United Kingdom,instagram,True
C009311,2026-03-04,India,organic,False
C009312,2026-03-04,United Kingdom,google_ads,False
C009313,2026-03-04,India,organic,True
C009314,2026-03-04,India,google_ads,True
C009315,2026-03-05,India,instagram,True
C009316,2026-03-05,India,instagram,False
C009317,2026-03-05,India,organic,True
C009318,2026-03-05,India,google_ads,False
C009319,2026-03-05,India,organic,True
C009320,2026-03-05,India,instagram,False
C009321,2026-03-05,UAE,instagram,True
C009322,2026-03-05,United States,organic,False
C009323,2026-03-05,India,organic,False
C009324,2026-03-05,India,instagram,True
C009325,2026-03-05,United States,google_ads,True
C009326,2026-03-05,United States,referral,True
C009327,2026-03-05,United States,instagram,False
C009328,2026-03-06,India,referral,True
C009329,2026-03-06,United States,google_ads,True
C009330,2026-03-06,India,organic,False
C009331,2026-03-06,India,instagram,False
C009332,2026-03-06,India,google_ads,True
C009333,2026-03-06,India,google_ads,False
C009334,2026-03-06,India,organic,True
C009335,2026-03-07,United States,organic,False
C009336,2026-03-07,United Kingdom,instagram,True
C009337,2026-03-07,India,instagram,True
C009338,2026-03-07,UAE,instagram,True
C009339,2026-03-07,India,instagram,True
C009340,2026-03-07,India,instagram,True
C009341,2026-03-07,Australia,referral,True
C009342,2026-03-07,India,instagram,False
C009343,2026-03-07,India,organic,True
C009344,2026-03-07,Australia,referral,False
C009345,2026-03-07,India,email,True
C009346,2026-03-07,India,email,True
C009347,2026-03-07,India,instagram,False
C009348,2026-03-07,United States,google_ads,False
C009349,2026-03-07,United States,instagram,False
C009350,2026-03-08,United States,organic,False
C009351,2026-03-08,India,google_ads,True
C009352,2026-03-08,India,instagram,True
C009353,2026-03-08,United States,referral,True
C009354,2026-03-08,United States,organic,False
C009355,2026-03-08,Australia,instagram,True
C009356,2026-03-08,India,organic,True
C009357,2026-03-08,United Kingdom,referral,True
C009358,2026-03-08,India,email,False
C009359,2026-03-08,India,referral,False
C009360,2026-03-08,India,google_ads,False
C009361,2026-03-08,UAE,organic,True
C009362,2026-03-09,India,email,True
C009363,2026-03-09,India,marketplace,False
C009364,2026-03-09,India,google_ads,True
C009365,2026-03-09,India,instagram,True
C009366,2026-03-09,India,google_ads,True
C009367,2026-03-09,India,organic,True
C009368,2026-03-09,India,marketplace,True
C009369,2026-03-09,India,organic,True
C009370,2026-03-09,India,google_ads,True
C009371,2026-03-09,India,organic,False
C009372,2026-03-09,India,google_ads,True
C009373,2026-03-09,UAE,instagram,True
C009374,2026-03-09,India,organic,True
C009375,2026-03-10,Germany,referral,False
C009376,2026-03-10,India,google_ads,True
C009377,2026-03-10,India,organic,False
C009378,2026-03-10,India,google_ads,True
C009379,2026-03-10,India,marketplace,False
C009380,2026-03-10,United States,marketplace,True
C009381,2026-03-10,United States,instagram,True
C009382,2026-03-10,UAE,email,True
C009383,2026-03-10,Canada,marketplace,True
C009384,2026-03-10,India,marketplace,True
C009385,2026-03-10,Canada,google_ads,True
C009386,2026-03-10,UAE,referral,True
C009387,2026-03-10,India,referral,True
C009388,2026-03-10,United Kingdom,organic,True
C009389,2026-03-10,Japan,organic,True
C009390,2026-03-11,India,email,True
C009391,2026-03-11,India,google_ads,False
C009392,2026-03-11,India,referral,False
C009393,2026-03-11,Germany,organic,False
C009394,2026-03-11,United Kingdom,instagram,False
C009395,2026-03-11,United States,organic,False
C009396,2026-03-11,India,referral,False
C009397,2026-03-11,India,email,True
C009398,2026-03-11,India,instagram,False
C009399,2026-03-11,United Kingdom,instagram,True
C009400,2026-03-12,India,instagram,False
C009401,2026-03-12,United Kingdom,marketplace,False
C009402,2026-03-12,United States,instagram,False
C009403,2026-03-12,United States,instagram,True
C009404,2026-03-12,United States,instagram,True
C009405,2026-03-12,Japan,referral,False
C009406,2026-03-12,United States,referral,False
C009407,2026-03-12,United States,organic,False
C009408,2026-03-12,India,instagram,True
C009409,2026-03-12,India,instagram,True
C009410,2026-03-12,Canada,instagram,True
C009411,2026-03-12,United States,organic,False
C009412,2026-03-12,United States,instagram,True
C009413,2026-03-12,India,instagram,True
C009414,2026-03-12,India,organic,True
C009415,2026-03-13,United States,instagram,True
C009416,2026-03-13,India,marketplace,True
C009417,2026-03-13,India,email,False
C009418,2026-03-13,United Kingdom,organic,False
C009419,2026-03-13,Australia,instagram,True
C009420,2026-03-13,India,instagram,True
C009421,2026-03-13,United States,instagram,True
C009422,2026-03-13,India,organic,True
C009423,2026-03-13,India,organic,False
C009424,2026-03-13,India,organic,False
C009425,2026-03-13,India,instagram,True
C009426,2026-03-13,India,marketplace,True
C009427,2026-03-13,India,instagram,True
C009428,2026-03-13,UAE,instagram,False
C009429,2026-03-13,United States,organic,True
C009430,2026-03-13,Germany,organic,True
C009431,2026-03-13,United States,referral,True
C009432,2026-03-13,Germany,google_ads,False
C009433,2026-03-13,India,organic,True
C009434,2026-03-13,India,google_ads,True
C009435,2026-03-14,United States,google_ads,True
C009436,2026-03-14,Australia,referral,True
C009437,2026-03-14,India,referral,False
C009438,2026-03-14,India,instagram,True
C009439,2026-03-14,India,organic,True
C009440,2026-03-14,Japan,organic,False
C009441,2026-03-14,Australia,instagram,True
C009442,2026-03-14,India,referral,True
C009443,2026-03-14,Canada,instagram,False
C009444,2026-03-14,India,referral,True
C009445,2026-03-14,United States,organic,True
C009446,2026-03-14,India,organic,True
C009447,2026-03-14,United States,instagram,True
C009448,2026-03-14,India,google_ads,True
C009449,2026-03-14,India,instagram,True
C009450,2026-03-14,India,google_ads,True
C009451,2026-03-15,United States,organic,True
C009452,2026-03-15,India,marketplace,False
C009453,2026-03-15,India,email,False
C009454,2026-03-15,India,google_ads,True
C009455,2026-03-15,UAE,referral,True
C009456,2026-03-15,India,marketplace,False
C009457,2026-03-15,Australia,google_ads,False
C009458,2026-03-15,India,google_ads,True
C009459,2026-03-15,India,google_ads,True
C009460,2026-03-15,Germany,organic,True
C009461,2026-03-15,United Kingdom,google_ads,False
C009462,2026-03-15,India,organic,False
C009463,2026-03-15,India,instagram,True
C009464,2026-03-15,UAE,marketplace,False
C009465,2026-03-15,India,marketplace,False
C009466,2026-03-15,India,organic,False
C009467,2026-03-15,India,google_ads,False
C009468,2026-03-15,India,organic,True
C009469,2026-03-15,India,instagram,True
C009470,2026-03-15,Germany,instagram,True
C009471,2026-03-16,United States,google_ads,True
C009472,2026-03-16,India,instagram,True
C009473,2026-03-16,United States,instagram,True
C009474,2026-03-16,United Kingdom,organic,True
C009475,2026-03-16,Australia,google_ads,True
C009476,2026-03-16,United Kingdom,google_ads,True
C009477,2026-03-16,India,google_ads,False
C009478,2026-03-16,India,google_ads,True
C009479,2026-03-16,India,instagram,True
C009480,2026-03-16,UAE,google_ads,False
C009481,2026-03-16,United States,instagram,True
C009482,2026-03-16,India,marketplace,False
C009483,2026-03-16,India,organic,False
C009484,2026-03-16,Canada,organic,True
C009485,2026-03-16,Germany,marketplace,False
C009486,2026-03-16,India,google_ads,False
C009487,2026-03-16,Canada,referral,False
C009488,2026-03-16,Australia,instagram,True
C009489,2026-03-17,India,instagram,True
C009490,2026-03-17,India,organic,True
C009491,2026-03-17,United States,google_ads,True
C009492,2026-03-17,United States,instagram,True
C009493,2026-03-17,India,organic,True
C009494,2026-03-17,India,instagram,False
C009495,2026-03-17,India,organic,True
C009496,2026-03-17,India,google_ads,True
C009497,2026-03-17,UAE,google_ads,True
C009498,2026-03-17,Canada,organic,False
C009499,2026-03-17,Japan,marketplace,True
C009500,2026-03-17,India,organic,False
C009501,2026-03-17,India,email,False
C009502,2026-03-17,Japan,instagram,True
C009503,2026-03-18,Germany,referral,False
C009504,2026-03-18,United States,organic,True
C009505,2026-03-18,United States,organic,False
C009506,2026-03-18,Australia,referral,True
C009507,2026-03-18,India,instagram,True
C009508,2026-03-18,India,google_ads,True
C009509,2026-03-18,India,google_ads,False
C009510,2026-03-18,Japan,organic,True
C009511,2026-03-18,United States,google_ads,True
C009512,2026-03-18,India,marketplace,True
C009513,2026-03-18,Japan,organic,False
C009514,2026-03-18,India,organic,True
C009515,2026-03-18,UAE,organic,True
C009516,2026-03-18,UAE,organic,True
C009517,2026-03-18,Canada,organic,False
C009518,2026-03-19,India,instagram,True
C009519,2026-03-19,Canada,instagram,True
C009520,2026-03-19,India,marketplace,False
C009521,2026-03-19,United Kingdom,instagram,True
C009522,2026-03-19,India,instagram,False
C009523,2026-03-19,United States,marketplace,False
C009524,2026-03-19,India,instagram,True
C009525,2026-03-19,India,google_ads,True
C009526,2026-03-19,India,organic,False
C009527,2026-03-19,India,instagram,True
C009528,2026-03-19,India,referral,False
C009529,2026-03-19,India,organic,True
C009530,2026-03-19,India,google_ads,True
C009531,2026-03-19,Canada,instagram,True
C009532,2026-03-19,United Kingdom,instagram,True
C009533,2026-03-19,India,instagram,True
C009534,2026-03-19,India,instagram,False
C009535,2026-03-19,Japan,instagram,False
C009536,2026-03-19,India,organic,False
C009537,2026-03-19,India,organic,True
C009538,2026-03-19,India,organic,True
C009539,2026-03-20,India,organic,True
C009540,2026-03-20,Germany,email,False
C009541,2026-03-20,United Kingdom,instagram,False
C009542,2026-03-20,United States,google_ads,True
C009543,2026-03-20,Canada,instagram,False
C009544,2026-03-20,India,organic,False
C009545,2026-03-20,India,instagram,False
C009546,2026-03-20,United States,referral,True
C009547,2026-03-20,United Kingdom,google_ads,False
C009548,2026-03-20,India,instagram,False
C009549,2026-03-20,India,organic,False
C009550,2026-03-20,United States,instagram,True
C009551,2026-03-20,India,organic,True
C009552,2026-03-20,India,organic,True
C009553,2026-03-20,United Kingdom,google_ads,True
C009554,2026-03-20,United States,organic,False
C009555,2026-03-20,Japan,google_ads,True
C009556,2026-03-21,India,organic,True
C009557,2026-03-21,United States,instagram,False
C009558,2026-03-21,India,organic,True
C009559,2026-03-21,India,organic,True
C009560,2026-03-21,United Kingdom,referral,True
C009561,2026-03-21,India,instagram,False
C009562,2026-03-21,India,instagram,True
C009563,2026-03-21,Germany,organic,False
C009564,2026-03-21,Canada,email,True
C009565,2026-03-21,India,organic,False
C009566,2026-03-21,India,email,True
C009567,2026-03-21,India,google_ads,True
C009568,2026-03-21,India,instagram,True
C009569,2026-03-21,India,organic,False
C009570,2026-03-21,India,organic,True
C009571,2026-03-21,India,google_ads,True
C009572,2026-03-21,United Kingdom,referral,True
C009573,2026-03-21,United States,organic,True
C009574,2026-03-21,India,referral,False
C009575,2026-03-21,United States,instagram,True
C009576,2026-03-22,Australia,marketplace,True
C009577,2026-03-22,India,referral,False
C009578,2026-03-22,India,email,True
C009579,2026-03-22,India,organic,True
C009580,2026-03-22,India,instagram,True
C009581,2026-03-22,India,google_ads,False
C009582,2026-03-22,India,referral,True
C009583,2026-03-22,India,marketplace,True
C009584,2026-03-22,United Kingdom,organic,True
C009585,2026-03-23,India,organic,True
C009586,2026-03-23,India,instagram,False
C009587,2026-03-23,United States,marketplace,True
C009588,2026-03-23,United Kingdom,google_ads,False
C009589,2026-03-23,India,organic,True
C009590,2026-03-23,India,google_ads,True
C009591,2026-03-23,India,organic,False
C009592,2026-03-23,India,instagram,True
C009593,2026-03-23,United States,google_ads,True
C009594,2026-03-23,India,instagram,True
C009595,2026-03-23,Germany,instagram,True
C009596,2026-03-23,India,instagram,False
C009597,2026-03-23,India,organic,True
C009598,2026-03-23,India,referral,True
C009599,2026-03-23,Germany,organic,True
C009600,2026-03-23,India,referral,False
C009601,2026-03-23,India,marketplace,False
C009602,2026-03-23,India,instagram,True
C009603,2026-03-23,Japan,instagram,False
C009604,2026-03-23,Germany,organic,False
C009605,2026-03-24,Japan,organic,True
C009606,2026-03-24,United States,organic,True
C009607,2026-03-24,India,instagram,True
C009608,2026-03-24,UAE,google_ads,True
C009609,2026-03-24,Canada,email,True
C009610,2026-03-24,India,google_ads,True
C009611,2026-03-24,United States,instagram,False
C009612,2026-03-24,United States,instagram,False
C009613,2026-03-24,United Kingdom,organic,True
C009614,2026-03-24,India,organic,True
C009615,2026-03-24,India,organic,True
C009616,2026-03-24,United States,google_ads,False
C009617,2026-03-24,India,marketplace,False
C009618,2026-03-24,Germany,email,True
C009619,2026-03-25,India,instagram,True
C009620,2026-03-25,India,organic,True
C009621,2026-03-25,India,google_ads,True
C009622,2026-03-25,India,referral,True
C009623,2026-03-25,Australia,instagram,True
C009624,2026-03-25,India,google_ads,True
C009625,2026-03-25,India,referral,False
C009626,2026-03-25,India,google_ads,False
C009627,2026-03-25,United States,organic,False
C009628,2026-03-26,India,email,True
C009629,2026-03-26,India,instagram,True
C009630,2026-03-26,India,organic,True
C009631,2026-03-26,United States,organic,True
C009632,2026-03-26,India,instagram,True
C009633,2026-03-26,India,instagram,True
C009634,2026-03-26,India,marketplace,True
C009635,2026-03-26,India,referral,False
C009636,2026-03-26,India,organic,True
C009637,2026-03-26,India,instagram,False
C009638,2026-03-27,India,organic,False
C009639,2026-03-27,United Kingdom,google_ads,True
C009640,2026-03-27,India,organic,True
C009641,2026-03-27,India,google_ads,True
C009642,2026-03-27,India,instagram,False
C009643,2026-03-27,United Kingdom,google_ads,True
C009644,2026-03-27,India,instagram,False
C009645,2026-03-27,Japan,email,False
C009646,2026-03-27,Germany,referral,True
C009647,2026-03-27,India,instagram,True
C009648,2026-03-27,India,instagram,True
C009649,2026-03-27,India,organic,False
C009650,2026-03-27,UAE,organic,True
C009651,2026-03-27,Canada,organic,True
C009652,2026-03-27,India,organic,True
C009653,2026-03-27,United Kingdom,google_ads,False
C009654,2026-03-27,Canada,instagram,True
C009655,2026-03-27,India,instagram,False
C009656,2026-03-27,UAE,referral,False
C009657,2026-03-28,UAE,google_ads,True
C009658,2026-03-28,United States,google_ads,False
C009659,2026-03-28,Japan,organic,True
C009660,2026-03-28,Germany,organic,True
C009661,2026-03-28,Germany,google_ads,True
C009662,2026-03-28,United Kingdom,google_ads,True
C009663,2026-03-28,United States,organic,False
C009664,2026-03-28,India,instagram,False
C009665,2026-03-28,United States,organic,False
C009666,2026-03-28,Japan,instagram,True
C009667,2026-03-28,Germany,google_ads,True
C009668,2026-03-28,India,google_ads,True
C009669,2026-03-28,Japan,organic,False
C009670,2026-03-28,India,organic,False
C009671,2026-03-28,Australia,google_ads,False
C009672,2026-03-28,India,google_ads,False
C009673,2026-03-28,Japan,google_ads,False
C009674,2026-03-28,Japan,marketplace,True
C009675,2026-03-28,India,organic,True
C009676,2026-03-28,United States,marketplace,False
C009677,2026-03-28,India,organic,True
C009678,2026-03-29,United States,google_ads,True
C009679,2026-03-29,India,instagram,True
C009680,2026-03-29,India,referral,False
C009681,2026-03-29,United States,organic,False
C009682,2026-03-29,India,instagram,False
C009683,2026-03-29,Canada,organic,False
C009684,2026-03-29,India,instagram,True
C009685,2026-03-29,Australia,instagram,True
C009686,2026-03-29,Canada,instagram,True
C009687,2026-03-29,India,organic,True
C009688,2026-03-29,India,instagram,False
C009689,2026-03-29,India,marketplace,False
C009690,2026-03-29,Australia,organic,False
C009691,2026-03-29,United Kingdom,google_ads,False
C009692,2026-03-29,India,instagram,False
C009693,2026-03-29,India,marketplace,True
C009694,2026-03-29,India,instagram,False
C009695,2026-03-29,India,referral,True
C009696,2026-03-30,India,instagram,True
C009697,2026-03-30,India,referral,True
C009698,2026-03-30,United Kingdom,organic,True
C009699,2026-03-30,India,email,False
C009700,2026-03-30,India,organic,False
C009701,2026-03-30,India,referral,False
C009702,2026-03-30,India,referral,True
C009703,2026-03-30,Japan,organic,True
C009704,2026-03-30,India,instagram,False
C009705,2026-03-30,UAE,google_ads,True
C009706,2026-03-30,India,organic,True
C009707,2026-03-31,India,instagram,False
C009708,2026-03-31,India,organic,False
C009709,2026-03-31,India,instagram,False
C009710,2026-03-31,United Kingdom,google_ads,True
C009711,2026-03-31,Germany,organic,True
C009712,2026-03-31,India,organic,False
C009713,2026-03-31,Japan,instagram,False
C009714,2026-03-31,India,marketplace,True
C009715,2026-03-31,India,google_ads,False
C009716,2026-03-31,India,organic,True
C009717,2026-03-31,United Kingdom,google_ads,False
C009718,2026-03-31,United Kingdom,instagram,False
C009719,2026-03-31,India,referral,True
C009720,2026-04-01,India,instagram,True
C009721,2026-04-01,India,instagram,True
C009722,2026-04-01,United States,google_ads,True
C009723,2026-04-01,India,instagram,True
C009724,2026-04-01,India,organic,False
C009725,2026-04-01,United States,email,True
C009726,2026-04-01,United States,google_ads,False
C009727,2026-04-01,India,google_ads,True
C009728,2026-04-01,United Kingdom,marketplace,True
C009729,2026-04-01,India,instagram,True
C009730,2026-04-01,India,instagram,True
C009731,2026-04-01,Australia,instagram,True
C009732,2026-04-01,UAE,instagram,True
C009733,2026-04-02,Canada,instagram,True
C009734,2026-04-02,India,instagram,False
C009735,2026-04-02,United States,referral,False
C009736,2026-04-02,Japan,referral,True
C009737,2026-04-02,United States,email,False
C009738,2026-04-02,UAE,marketplace,False
C009739,2026-04-02,India,instagram,False
C009740,2026-04-02,United States,marketplace,False
C009741,2026-04-02,India,organic,False
C009742,2026-04-02,India,instagram,True
C009743,2026-04-02,India,organic,False
C009744,2026-04-02,United Kingdom,google_ads,False
C009745,2026-04-02,Germany,organic,False
C009746,2026-04-02,United States,instagram,False
C009747,2026-04-02,India,organic,True
C009748,2026-04-02,United Kingdom,instagram,False
C009749,2026-04-03,Australia,instagram,False
C009750,2026-04-03,United States,organic,True
C009751,2026-04-03,India,organic,False
C009752,2026-04-03,Japan,marketplace,False
C009753,2026-04-03,United States,google_ads,True
C009754,2026-04-03,Germany,instagram,True
C009755,2026-04-03,United Kingdom,organic,True
C009756,2026-04-03,United States,instagram,True
C009757,2026-04-03,Canada,instagram,False
C009758,2026-04-03,India,google_ads,False
C009759,2026-04-03,Australia,google_ads,True
C009760,2026-04-04,India,referral,True
C009761,2026-04-04,India,google_ads,False
C009762,2026-04-04,India,referral,True
C009763,2026-04-04,India,organic,False
C009764,2026-04-04,United States,marketplace,True
C009765,2026-04-04,India,organic,False
C009766,2026-04-04,India,organic,False
C009767,2026-04-04,India,organic,False
C009768,2026-04-04,India,google_ads,True
C009769,2026-04-04,India,marketplace,False
C009770,2026-04-04,India,organic,True
C009771,2026-04-04,India,instagram,True
C009772,2026-04-04,India,google_ads,False
C009773,2026-04-04,India,google_ads,True
C009774,2026-04-04,Japan,marketplace,True
C009775,2026-04-04,India,referral,True
C009776,2026-04-04,Australia,organic,True
C009777,2026-04-04,Japan,instagram,False
C009778,2026-04-04,Japan,email,False
C009779,2026-04-04,India,organic,True
C009780,2026-04-05,India,instagram,False
C009781,2026-04-05,Japan,organic,False
C009782,2026-04-05,India,google_ads,False
C009783,2026-04-05,United States,instagram,True
C009784,2026-04-05,India,google_ads,False
C009785,2026-04-05,United States,google_ads,False
C009786,2026-04-05,India,marketplace,False
C009787,2026-04-05,India,google_ads,False
C009788,2026-04-05,India,google_ads,True
C009789,2026-04-05,India,organic,False
C009790,2026-04-05,Canada,organic,False
C009791,2026-04-05,India,organic,True
C009792,2026-04-05,India,organic,False
C009793,2026-04-05,India,organic,False
C009794,2026-04-05,India,instagram,True
C009795,2026-04-05,India,google_ads,False
C009796,2026-04-05,Germany,organic,True
C009797,2026-04-06,India,marketplace,False
C009798,2026-04-06,United States,google_ads,True
C009799,2026-04-06,India,instagram,True
C009800,2026-04-06,India,organic,False
C009801,2026-04-06,Japan,instagram,True
C009802,2026-04-06,India,organic,False
C009803,2026-04-06,UAE,instagram,True
C009804,2026-04-06,United States,instagram,True
C009805,2026-04-06,United States,instagram,False
C009806,2026-04-07,India,organic,True
C009807,2026-04-07,Australia,instagram,True
C009808,2026-04-07,United Kingdom,google_ads,True
C009809,2026-04-07,India,marketplace,False
C009810,2026-04-07,Germany,organic,True
C009811,2026-04-07,Germany,email,False
C009812,2026-04-07,India,instagram,False
C009813,2026-04-07,Germany,organic,True
C009814,2026-04-07,United Kingdom,organic,False
C009815,2026-04-08,India,referral,False
C009816,2026-04-08,India,organic,False
C009817,2026-04-08,India,marketplace,False
C009818,2026-04-08,United Kingdom,instagram,True
C009819,2026-04-08,India,marketplace,True
C009820,2026-04-08,United Kingdom,organic,True
C009821,2026-04-08,India,instagram,True
C009822,2026-04-08,United States,organic,False
C009823,2026-04-08,India,organic,False
C009824,2026-04-08,India,organic,False
C009825,2026-04-08,United Kingdom,marketplace,True
C009826,2026-04-08,Germany,instagram,False
C009827,2026-04-08,United States,google_ads,True
C009828,2026-04-08,United States,google_ads,False
C009829,2026-04-09,Germany,instagram,True
C009830,2026-04-09,India,instagram,False
C009831,2026-04-09,United States,organic,False
C009832,2026-04-09,United States,organic,True
C009833,2026-04-09,United States,instagram,True
C009834,2026-04-09,India,instagram,False
C009835,2026-04-09,Canada,instagram,True
C009836,2026-04-09,India,instagram,False
C009837,2026-04-09,India,organic,False
C009838,2026-04-09,India,organic,True
C009839,2026-04-09,India,organic,True
C009840,2026-04-09,United Kingdom,organic,True
C009841,2026-04-09,India,email,True
C009842,2026-04-10,India,email,True
C009843,2026-04-10,India,organic,True
C009844,2026-04-10,India,referral,False
C009845,2026-04-10,India,organic,False
C009846,2026-04-10,India,referral,False
C009847,2026-04-10,India,instagram,False
C009848,2026-04-10,United States,organic,True
C009849,2026-04-10,India,instagram,True
C009850,2026-04-10,UAE,google_ads,True
C009851,2026-04-10,India,organic,True
C009852,2026-04-10,Australia,instagram,False
C009853,2026-04-10,India,instagram,True
C009854,2026-04-10,India,organic,False
C009855,2026-04-10,India,google_ads,False
C009856,2026-04-10,United States,email,True
C009857,2026-04-10,Germany,instagram,True
C009858,2026-04-10,United Kingdom,instagram,False
C009859,2026-04-10,Canada,email,True
C009860,2026-04-10,India,marketplace,True
C009861,2026-04-10,India,organic,True
C009862,2026-04-11,Australia,organic,True
C009863,2026-04-11,India,google_ads,True
C009864,2026-04-11,India,organic,False
C009865,2026-04-11,India,instagram,True
C009866,2026-04-11,United States,email,True
C009867,2026-04-11,United Kingdom,instagram,False
C009868,2026-04-11,India,google_ads,True
C009869,2026-04-11,India,organic,True
C009870,2026-04-11,India,referral,True
C009871,2026-04-11,Japan,marketplace,True
C009872,2026-04-11,India,marketplace,True
C009873,2026-04-11,United Kingdom,organic,True
C009874,2026-04-11,India,organic,False
C009875,2026-04-11,Japan,instagram,False
C009876,2026-04-12,India,organic,True
C009877,2026-04-12,India,organic,True
C009878,2026-04-12,India,organic,True
C009879,2026-04-12,United States,organic,True
C009880,2026-04-12,India,organic,True
C009881,2026-04-12,United States,instagram,True
C009882,2026-04-12,India,organic,False
C009883,2026-04-12,Australia,instagram,True
C009884,2026-04-12,United Kingdom,google_ads,False
C009885,2026-04-12,India,instagram,True
C009886,2026-04-12,India,organic,False
C009887,2026-04-12,Australia,marketplace,True
C009888,2026-04-12,United States,instagram,False
C009889,2026-04-12,United Kingdom,referral,False
C009890,2026-04-12,India,marketplace,True
C009891,2026-04-12,India,google_ads,True
C009892,2026-04-12,United States,referral,True
C009893,2026-04-13,India,organic,True
C009894,2026-04-13,United Kingdom,instagram,True
C009895,2026-04-13,Canada,organic,True
C009896,2026-04-13,Canada,referral,True
C009897,2026-04-13,United States,instagram,True
C009898,2026-04-13,India,instagram,False
C009899,2026-04-13,India,google_ads,True
C009900,2026-04-13,United Kingdom,google_ads,True
C009901,2026-04-13,India,email,True
C009902,2026-04-13,India,organic,False
C009903,2026-04-13,India,organic,True
C009904,2026-04-13,United Kingdom,google_ads,True
C009905,2026-04-13,Germany,organic,True
C009906,2026-04-14,United Kingdom,referral,True
C009907,2026-04-14,India,instagram,True
C009908,2026-04-14,United States,organic,False
C009909,2026-04-14,United States,organic,True
C009910,2026-04-14,Japan,organic,False
C009911,2026-04-14,Japan,instagram,True
C009912,2026-04-14,United States,instagram,False
C009913,2026-04-14,India,google_ads,False
C009914,2026-04-14,India,organic,True
C009915,2026-04-14,India,google_ads,True
C009916,2026-04-14,India,email,True
C009917,2026-04-14,India,instagram,True
C009918,2026-04-14,India,google_ads,True
C009919,2026-04-15,Germany,organic,False
C009920,2026-04-15,United States,instagram,True
C009921,2026-04-15,India,instagram,False
C009922,2026-04-15,India,organic,True
C009923,2026-04-15,Australia,marketplace,False
C009924,2026-04-15,United States,organic,True
C009925,2026-04-15,India,instagram,True
C009926,2026-04-15,Germany,referral,True
C009927,2026-04-15,India,marketplace,True
C009928,2026-04-15,United States,instagram,False
C009929,2026-04-15,United States,organic,False
C009930,2026-04-15,India,email,True
C009931,2026-04-15,India,google_ads,False
C009932,2026-04-15,Australia,marketplace,True
C009933,2026-04-15,India,instagram,True
C009934,2026-04-15,India,organic,True
C009935,2026-04-16,United Kingdom,marketplace,False
C009936,2026-04-16,India,email,True
C009937,2026-04-16,United States,marketplace,True
C009938,2026-04-16,India,instagram,True
C009939,2026-04-16,Australia,google_ads,False
C009940,2026-04-16,United States,instagram,True
C009941,2026-04-16,Canada,instagram,True
C009942,2026-04-16,India,marketplace,False
C009943,2026-04-16,India,instagram,True
C009944,2026-04-16,India,email,False
C009945,2026-04-16,India,organic,True
C009946,2026-04-16,India,instagram,True
C009947,2026-04-16,Japan,instagram,True
C009948,2026-04-16,Japan,instagram,False
C009949,2026-04-16,United Kingdom,organic,False
C009950,2026-04-16,India,referral,True
C009951,2026-04-16,India,organic,True
C009952,2026-04-16,India,instagram,False
C009953,2026-04-16,United States,organic,True
C009954,2026-04-17,India,instagram,True
C009955,2026-04-17,India,instagram,False
C009956,2026-04-17,United States,google_ads,True
C009957,2026-04-17,United Kingdom,google_ads,False
C009958,2026-04-17,India,instagram,False
C009959,2026-04-17,Germany,organic,True
C009960,2026-04-17,India,instagram,False
C009961,2026-04-17,India,instagram,False
C009962,2026-04-17,United States,instagram,False
C009963,2026-04-17,India,organic,False
C009964,2026-04-18,India,google_ads,False
C009965,2026-04-18,India,google_ads,True
C009966,2026-04-18,India,organic,True
C009967,2026-04-18,India,email,False
C009968,2026-04-18,United Kingdom,google_ads,False
C009969,2026-04-18,Australia,referral,True
C009970,2026-04-18,United States,organic,False
C009971,2026-04-18,India,referral,False
C009972,2026-04-18,United States,instagram,False
C009973,2026-04-18,India,instagram,True
C009974,2026-04-18,India,organic,True
C009975,2026-04-18,United States,organic,False
C009976,2026-04-19,United States,organic,False
C009977,2026-04-19,India,instagram,True
C009978,2026-04-19,India,organic,False
C009979,2026-04-19,India,instagram,True
C009980,2026-04-19,United States,email,False
C009981,2026-04-19,United Kingdom,organic,True
C009982,2026-04-19,India,google_ads,False
C009983,2026-04-19,India,organic,False
C009984,2026-04-19,UAE,organic,False
C009985,2026-04-19,United States,referral,True
C009986,2026-04-19,Germany,google_ads,True
C009987,2026-04-19,United Kingdom,google_ads,True
C009988,2026-04-20,India,instagram,True
C009989,2026-04-20,India,google_ads,True
C009990,2026-04-20,Germany,organic,True
C009991,2026-04-20,UAE,google_ads,False
C009992,2026-04-20,India,marketplace,True
C009993,2026-04-20,Canada,marketplace,False
C009994,2026-04-20,United States,instagram,True
C009995,2026-04-20,India,google_ads,True
C009996,2026-04-20,India,referral,False
C009997,2026-04-20,Germany,instagram,True
C009998,2026-04-20,India,instagram,False
C009999,2026-04-20,India,google_ads,False
C010000,2026-04-21,United States,organic,True
C010001,2026-04-21,India,organic,False
C010002,2026-04-21,India,organic,True
C010003,2026-04-21,India,email,True
C010004,2026-04-21,UAE,google_ads,True
C010005,2026-04-21,Canada,organic,False
C010006,2026-04-21,India,email,True
C010007,2026-04-21,India,email,False
C010008,2026-04-21,India,google_ads,True
C010009,2026-04-21,India,referral,True
C010010,2026-04-21,Australia,organic,False
C010011,2026-04-21,India,instagram,False
C010012,2026-04-21,Canada,instagram,True
C010013,2026-04-21,India,organic,True
C010014,2026-04-22,Canada,organic,True
C010015,2026-04-22,India,instagram,True
C010016,2026-04-22,United Kingdom,marketplace,True
C010017,2026-04-22,India,google_ads,False
C010018,2026-04-22,United States,organic,True
C010019,2026-04-22,Australia,instagram,True
C010020,2026-04-22,India,organic,False
C010021,2026-04-22,India,google_ads,True
C010022,2026-04-22,India,referral,True
C010023,2026-04-22,India,marketplace,False
C010024,2026-04-22,India,marketplace,True
C010025,2026-04-22,Germany,organic,True
C010026,2026-04-22,United States,instagram,True
C010027,2026-04-22,United States,referral,True
C010028,2026-04-22,India,referral,False
C010029,2026-04-23,India,instagram,True
C010030,2026-04-23,Germany,marketplace,True
C010031,2026-04-23,India,google_ads,True
C010032,2026-04-23,India,referral,False
C010033,2026-04-23,Japan,organic,False
C010034,2026-04-23,India,instagram,False
C010035,2026-04-23,India,referral,True
C010036,2026-04-23,India,marketplace,True
C010037,2026-04-23,India,instagram,True
C010038,2026-04-23,Germany,marketplace,False
C010039,2026-04-23,Japan,referral,True
C010040,2026-04-23,United States,instagram,True
C010041,2026-04-23,India,referral,True
C010042,2026-04-23,India,organic,True
C010043,2026-04-24,Japan,instagram,False
C010044,2026-04-24,India,instagram,True
C010045,2026-04-24,United States,organic,True
C010046,2026-04-24,United States,organic,True
C010047,2026-04-24,India,organic,False
C010048,2026-04-24,United States,organic,True
C010049,2026-04-24,United Kingdom,email,False
C010050,2026-04-25,United Kingdom,instagram,False
C010051,2026-04-25,India,organic,False
C010052,2026-04-25,India,organic,False
C010053,2026-04-25,India,google_ads,True
C010054,2026-04-25,United States,organic,True
C010055,2026-04-25,India,instagram,True
C010056,2026-04-25,United Kingdom,google_ads,False
C010057,2026-04-25,United States,instagram,True
C010058,2026-04-25,United Kingdom,organic,True
C010059,2026-04-25,India,email,True
C010060,2026-04-25,Germany,instagram,False
C010061,2026-04-25,India,google_ads,True
C010062,2026-04-25,United Kingdom,google_ads,True
C010063,2026-04-25,India,instagram,True
C010064,2026-04-25,India,instagram,False
C010065,2026-04-25,United Kingdom,marketplace,True
C010066,2026-04-26,India,organic,False
C010067,2026-04-26,Germany,google_ads,True
C010068,2026-04-26,United States,instagram,True
C010069,2026-04-26,India,organic,True
C010070,2026-04-26,India,google_ads,False
C010071,2026-04-26,India,organic,False
C010072,2026-04-26,India,marketplace,False
C010073,2026-04-26,India,organic,True
C010074,2026-04-26,United Kingdom,organic,True
C010075,2026-04-26,India,organic,False
C010076,2026-04-26,India,google_ads,True
C010077,2026-04-26,India,email,False
C010078,2026-04-26,Germany,google_ads,True
C010079,2026-04-26,India,google_ads,True
C010080,2026-04-27,UAE,email,True
C010081,2026-04-27,Canada,marketplace,False
C010082,2026-04-27,UAE,organic,False
C010083,2026-04-27,India,google_ads,True
C010084,2026-04-27,Germany,instagram,True
C010085,2026-04-27,Australia,organic,True
C010086,2026-04-27,Australia,organic,False
C010087,2026-04-27,India,instagram,False
C010088,2026-04-27,India,google_ads,True
C010089,2026-04-27,India,organic,True
C010090,2026-04-27,India,google_ads,True
C010091,2026-04-27,India,instagram,False
C010092,2026-04-27,India,referral,False
C010093,2026-04-27,United States,instagram,True
C010094,2026-04-27,Canada,organic,False
C010095,2026-04-28,India,instagram,False
C010096,2026-04-28,United States,organic,True
C010097,2026-04-28,India,google_ads,True
C010098,2026-04-28,India,organic,False
C010099,2026-04-28,Japan,organic,False
C010100,2026-04-28,India,instagram,True
C010101,2026-04-28,India,marketplace,False
C010102,2026-04-28,Australia,organic,True
C010103,2026-04-28,Japan,google_ads,False
C010104,2026-04-28,India,instagram,True
C010105,2026-04-28,Canada,organic,False
C010106,2026-04-29,India,instagram,False
C010107,2026-04-29,United States,email,False
C010108,2026-04-29,India,google_ads,False
C010109,2026-04-29,India,google_ads,True
C010110,2026-04-29,United Kingdom,google_ads,False
C010111,2026-04-29,India,marketplace,False
C010112,2026-04-29,India,referral,False
C010113,2026-04-29,Canada,instagram,True
C010114,2026-04-29,United States,organic,True
C010115,2026-04-29,Germany,instagram,True
C010116,2026-04-29,United States,organic,True
C010117,2026-04-29,United States,referral,True
C010118,2026-04-29,India,instagram,False
C010119,2026-04-29,United States,referral,True
C010120,2026-04-29,India,organic,True
C010121,2026-04-29,Germany,organic,True
C010122,2026-04-29,India,google_ads,True
C010123,2026-04-29,UAE,marketplace,True
C010124,2026-04-29,India,instagram,True
C010125,2026-04-30,India,instagram,True
C010126,2026-04-30,United Kingdom,email,False
C010127,2026-04-30,Canada,referral,False
C010128,2026-04-30,India,referral,True
C010129,2026-04-30,India,email,False
C010130,2026-04-30,India,organic,False
C010131,2026-04-30,United States,organic,True
C010132,2026-04-30,India,email,False
C010133,2026-04-30,Japan,referral,True
C010134,2026-04-30,Germany,organic,False
C010135,2026-04-30,UAE,organic,True
C010136,2026-04-30,United States,instagram,True
C010137,2026-04-30,India,organic,True
C010138,2026-04-30,India,organic,False
C010139,2026-05-01,United States,marketplace,True
C010140,2026-05-01,Australia,google_ads,False
C010141,2026-05-01,India,instagram,True
C010142,2026-05-01,Canada,google_ads,True
C010143,2026-05-01,India,instagram,False
C010144,2026-05-01,United States,instagram,False
C010145,2026-05-01,Germany,marketplace,False
C010146,2026-05-01,United States,google_ads,True
C010147,2026-05-01,India,organic,True
C010148,2026-05-01,Australia,marketplace,True
C010149,2026-05-01,United States,instagram,True
C010150,2026-05-01,India,organic,True
C010151,2026-05-01,United Kingdom,instagram,True
C010152,2026-05-01,United Kingdom,instagram,True
C010153,2026-05-02,United States,google_ads,True
C010154,2026-05-02,United Kingdom,google_ads,False
C010155,2026-05-02,United Kingdom,organic,False
C010156,2026-05-02,India,google_ads,False
C010157,2026-05-02,Canada,email,True
C010158,2026-05-02,Germany,google_ads,True
C010159,2026-05-02,India,organic,True
C010160,2026-05-02,United States,instagram,False
C010161,2026-05-02,India,marketplace,False
C010162,2026-05-02,India,referral,True
C010163,2026-05-02,United Kingdom,email,True
C010164,2026-05-02,India,instagram,False
C010165,2026-05-02,United States,instagram,True
C010166,2026-05-02,India,organic,True
C010167,2026-05-02,India,google_ads,False
C010168,2026-05-02,India,google_ads,False
C010169,2026-05-02,India,google_ads,True
C010170,2026-05-03,United Kingdom,organic,True
C010171,2026-05-03,India,email,True
C010172,2026-05-03,United States,marketplace,False
C010173,2026-05-03,United Kingdom,instagram,True
C010174,2026-05-03,India,instagram,True
C010175,2026-05-03,India,google_ads,False
C010176,2026-05-03,United Kingdom,google_ads,True
C010177,2026-05-03,Germany,referral,True
C010178,2026-05-03,Japan,google_ads,True
C010179,2026-05-03,United States,organic,True
C010180,2026-05-03,India,instagram,True
C010181,2026-05-03,United States,organic,True
C010182,2026-05-03,India,email,True
C010183,2026-05-03,Canada,organic,True
C010184,2026-05-03,India,organic,True
C010185,2026-05-03,India,organic,False
C010186,2026-05-03,Canada,instagram,True
C010187,2026-05-03,Australia,instagram,False
C010188,2026-05-03,UAE,instagram,True
C010189,2026-05-03,United Kingdom,instagram,True
C010190,2026-05-03,United States,referral,True
C010191,2026-05-04,United Kingdom,referral,True
C010192,2026-05-04,India,instagram,True
C010193,2026-05-04,United States,organic,True
C010194,2026-05-04,United States,email,True
C010195,2026-05-04,India,organic,False
C010196,2026-05-04,India,google_ads,True
C010197,2026-05-04,United Kingdom,instagram,True
C010198,2026-05-04,Canada,google_ads,False
C010199,2026-05-04,India,google_ads,False
C010200,2026-05-04,India,referral,True
C010201,2026-05-04,United States,instagram,False
C010202,2026-05-04,India,instagram,False
C010203,2026-05-04,India,marketplace,False
C010204,2026-05-04,India,instagram,True
C010205,2026-05-04,India,referral,True
C010206,2026-05-04,India,google_ads,True
C010207,2026-05-04,United States,google_ads,True
C010208,2026-05-04,India,google_ads,False
C010209,2026-05-05,United Kingdom,instagram,True
C010210,2026-05-05,India,instagram,True
C010211,2026-05-05,India,marketplace,True
C010212,2026-05-05,India,marketplace,True
C010213,2026-05-05,Japan,organic,True
C010214,2026-05-05,Japan,instagram,True
C010215,2026-05-05,India,organic,True
C010216,2026-05-05,Canada,instagram,True
C010217,2026-05-05,United States,marketplace,False
C010218,2026-05-05,India,google_ads,True
C010219,2026-05-05,India,organic,True
C010220,2026-05-05,Canada,organic,False
C010221,2026-05-05,Germany,referral,False
C010222,2026-05-05,India,referral,True
C010223,2026-05-05,India,organic,True
C010224,2026-05-05,Japan,organic,True
C010225,2026-05-06,India,google_ads,True
C010226,2026-05-06,UAE,organic,True
C010227,2026-05-06,UAE,instagram,True
C010228,2026-05-06,India,email,False
C010229,2026-05-06,Japan,instagram,False
C010230,2026-05-06,United Kingdom,google_ads,True
C010231,2026-05-06,India,instagram,True
C010232,2026-05-06,India,google_ads,False
C010233,2026-05-06,UAE,organic,True
C010234,2026-05-06,India,organic,True
C010235,2026-05-06,India,marketplace,False
C010236,2026-05-06,India,organic,True
C010237,2026-05-06,India,organic,True
C010238,2026-05-06,United States,google_ads,True
C010239,2026-05-06,India,marketplace,True
C010240,2026-05-06,India,instagram,False
C010241,2026-05-06,India,email,False
C010242,2026-05-06,UAE,google_ads,True
C010243,2026-05-06,India,organic,True
C010244,2026-05-06,India,organic,True
C010245,2026-05-07,India,organic,False
C010246,2026-05-07,Japan,organic,True
C010247,2026-05-07,India,google_ads,False
C010248,2026-05-07,Japan,marketplace,False
C010249,2026-05-07,United States,instagram,True
C010250,2026-05-07,India,instagram,True
C010251,2026-05-07,India,organic,True
C010252,2026-05-07,India,referral,True
C010253,2026-05-07,Japan,organic,True
C010254,2026-05-07,India,marketplace,True
C010255,2026-05-07,United States,instagram,False
C010256,2026-05-07,United States,referral,True
C010257,2026-05-08,United States,instagram,False
C010258,2026-05-08,India,instagram,True
C010259,2026-05-08,India,instagram,False
C010260,2026-05-08,India,google_ads,True
C010261,2026-05-08,India,marketplace,False
C010262,2026-05-08,India,organic,False
C010263,2026-05-08,India,organic,True
C010264,2026-05-08,India,instagram,True
C010265,2026-05-08,United States,marketplace,True
C010266,2026-05-08,United Kingdom,organic,True
C010267,2026-05-08,United Kingdom,google_ads,True
C010268,2026-05-08,Germany,google_ads,False
C010269,2026-05-08,India,instagram,True
C010270,2026-05-09,India,organic,True
C010271,2026-05-09,Germany,referral,False
C010272,2026-05-09,United Kingdom,marketplace,True
C010273,2026-05-09,United Kingdom,instagram,True
C010274,2026-05-09,India,google_ads,True
C010275,2026-05-09,India,instagram,True
C010276,2026-05-09,India,referral,True
C010277,2026-05-09,India,email,True
C010278,2026-05-09,India,instagram,True
C010279,2026-05-09,Germany,instagram,False
C010280,2026-05-09,United Kingdom,organic,False
C010281,2026-05-09,Japan,marketplace,False
C010282,2026-05-09,United Kingdom,instagram,False
C010283,2026-05-09,India,google_ads,False
C010284,2026-05-09,India,google_ads,False
C010285,2026-05-09,India,referral,True
C010286,2026-05-09,UAE,organic,True
C010287,2026-05-09,Canada,organic,True
C010288,2026-05-09,India,organic,False
C010289,2026-05-09,United Kingdom,instagram,True
C010290,2026-05-10,India,referral,True
C010291,2026-05-10,UAE,organic,True
C010292,2026-05-10,India,google_ads,True
C010293,2026-05-10,India,google_ads,True
C010294,2026-05-10,United Kingdom,referral,False
C010295,2026-05-10,India,google_ads,False
C010296,2026-05-10,India,organic,True
C010297,2026-05-10,Canada,instagram,False
C010298,2026-05-10,India,organic,True
C010299,2026-05-10,Germany,instagram,False
C010300,2026-05-10,United Kingdom,google_ads,True
C010301,2026-05-10,India,marketplace,True
C010302,2026-05-10,India,instagram,True
C010303,2026-05-10,India,referral,False
C010304,2026-05-11,India,instagram,True
C010305,2026-05-11,United States,google_ads,True
C010306,2026-05-11,India,organic,True
C010307,2026-05-11,Australia,google_ads,False
C010308,2026-05-11,India,google_ads,False
C010309,2026-05-11,India,instagram,False
C010310,2026-05-11,UAE,email,False
C010311,2026-05-11,Australia,organic,False
C010312,2026-05-11,India,google_ads,True
C010313,2026-05-11,India,referral,True
C010314,2026-05-11,India,instagram,True
C010315,2026-05-11,India,google_ads,False
C010316,2026-05-11,United States,marketplace,True
C010317,2026-05-12,India,marketplace,False
C010318,2026-05-12,India,google_ads,False
C010319,2026-05-12,Australia,google_ads,False
C010320,2026-05-12,India,referral,True
C010321,2026-05-12,United Kingdom,organic,True
C010322,2026-05-12,India,google_ads,False
C010323,2026-05-12,India,instagram,False
C010324,2026-05-12,India,organic,True
C010325,2026-05-12,United States,google_ads,True
C010326,2026-05-13,India,organic,True
C010327,2026-05-13,India,organic,False
C010328,2026-05-13,Australia,organic,True
C010329,2026-05-13,Germany,referral,False
C010330,2026-05-13,India,organic,True
C010331,2026-05-13,United States,marketplace,True
C010332,2026-05-13,Canada,email,False
C010333,2026-05-13,Canada,organic,True
C010334,2026-05-13,India,organic,True
C010335,2026-05-13,UAE,instagram,True
C010336,2026-05-13,India,instagram,True
C010337,2026-05-13,UAE,google_ads,True
C010338,2026-05-13,India,marketplace,True
C010339,2026-05-13,India,instagram,True
C010340,2026-05-13,Germany,google_ads,False
C010341,2026-05-13,Germany,email,True
C010342,2026-05-13,United States,organic,False
C010343,2026-05-14,India,instagram,False
C010344,2026-05-14,Australia,organic,False
C010345,2026-05-14,India,referral,True
C010346,2026-05-14,India,instagram,False
C010347,2026-05-14,Australia,marketplace,False
C010348,2026-05-14,United States,google_ads,True
C010349,2026-05-14,United States,organic,True
C010350,2026-05-14,United Kingdom,instagram,True
C010351,2026-05-14,India,referral,True
C010352,2026-05-14,United Kingdom,organic,False
C010353,2026-05-14,Australia,referral,True
C010354,2026-05-14,United Kingdom,instagram,True
C010355,2026-05-15,United States,organic,False
C010356,2026-05-15,United Kingdom,google_ads,True
C010357,2026-05-15,United States,instagram,True
C010358,2026-05-15,India,marketplace,False
C010359,2026-05-15,India,organic,False
C010360,2026-05-15,India,instagram,False
C010361,2026-05-15,United Kingdom,instagram,True
C010362,2026-05-15,India,instagram,True
C010363,2026-05-15,United States,marketplace,False
C010364,2026-05-15,Australia,organic,False
C010365,2026-05-15,India,instagram,False
C010366,2026-05-15,India,organic,False
C010367,2026-05-15,India,organic,True
C010368,2026-05-15,United Kingdom,marketplace,False
C010369,2026-05-15,United States,organic,True
C010370,2026-05-16,India,instagram,True
C010371,2026-05-16,India,instagram,True
C010372,2026-05-16,United States,referral,False
C010373,2026-05-16,India,organic,True
C010374,2026-05-16,Australia,organic,True
C010375,2026-05-16,Japan,referral,True
C010376,2026-05-16,India,organic,True
C010377,2026-05-16,Australia,instagram,True
C010378,2026-05-16,India,organic,True
C010379,2026-05-16,India,instagram,True
C010380,2026-05-16,Australia,google_ads,True
C010381,2026-05-16,India,referral,True
C010382,2026-05-16,Germany,organic,False
C010383,2026-05-17,India,organic,True
C010384,2026-05-17,India,instagram,True
C010385,2026-05-17,United States,email,False
C010386,2026-05-17,UAE,instagram,False
C010387,2026-05-17,India,instagram,False
C010388,2026-05-17,UAE,marketplace,False
C010389,2026-05-17,Japan,instagram,False
C010390,2026-05-17,United States,instagram,True
C010391,2026-05-17,United Kingdom,google_ads,True
C010392,2026-05-17,Australia,google_ads,False
C010393,2026-05-17,Germany,google_ads,True
C010394,2026-05-17,India,organic,False
C010395,2026-05-17,India,google_ads,True
C010396,2026-05-17,Germany,email,False
C010397,2026-05-17,India,instagram,False
C010398,2026-05-18,India,organic,False
C010399,2026-05-18,India,marketplace,False
C010400,2026-05-18,UAE,marketplace,False
C010401,2026-05-18,UAE,instagram,True
C010402,2026-05-18,India,google_ads,False
C010403,2026-05-18,India,google_ads,False
C010404,2026-05-18,India,organic,False
C010405,2026-05-18,Australia,google_ads,False
C010406,2026-05-18,United States,referral,False
C010407,2026-05-18,India,organic,False
C010408,2026-05-18,India,organic,True
C010409,2026-05-18,India,google_ads,False
C010410,2026-05-19,Germany,organic,False
C010411,2026-05-19,India,organic,True
C010412,2026-05-19,United States,marketplace,False
C010413,2026-05-19,Canada,marketplace,False
C010414,2026-05-19,Canada,organic,True
C010415,2026-05-19,India,email,True
C010416,2026-05-19,India,organic,True
C010417,2026-05-19,United Kingdom,google_ads,True
C010418,2026-05-19,India,organic,True
C010419,2026-05-19,India,marketplace,True
C010420,2026-05-19,India,instagram,True
C010421,2026-05-19,United Kingdom,organic,False
C010422,2026-05-19,India,instagram,True
C010423,2026-05-19,Canada,google_ads,False
C010424,2026-05-20,India,organic,True
C010425,2026-05-20,India,referral,False
C010426,2026-05-20,UAE,google_ads,True
C010427,2026-05-20,India,marketplace,False
C010428,2026-05-20,UAE,referral,False
C010429,2026-05-20,Germany,instagram,False
C010430,2026-05-20,India,organic,False
C010431,2026-05-20,India,organic,True
C010432,2026-05-20,United Kingdom,google_ads,False
C010433,2026-05-20,India,instagram,True
C010434,2026-05-20,India,referral,False
C010435,2026-05-20,UAE,google_ads,False
C010436,2026-05-20,India,google_ads,True
C010437,2026-05-20,Canada,instagram,True
C010438,2026-05-20,India,instagram,False
C010439,2026-05-20,India,organic,False
C010440,2026-05-20,United Kingdom,organic,True
C010441,2026-05-20,Germany,organic,True
C010442,2026-05-20,United States,organic,False
C010443,2026-05-21,India,instagram,False
C010444,2026-05-21,India,instagram,True
C010445,2026-05-21,India,instagram,False
C010446,2026-05-21,India,google_ads,True
C010447,2026-05-21,India,organic,True
C010448,2026-05-21,India,instagram,False
C010449,2026-05-21,India,instagram,True
C010450,2026-05-21,India,referral,True
C010451,2026-05-21,India,organic,False
C010452,2026-05-21,United States,organic,True
C010453,2026-05-21,India,email,True
C010454,2026-05-21,United States,marketplace,False
C010455,2026-05-21,United States,instagram,True
C010456,2026-05-21,India,organic,True
C010457,2026-05-21,Australia,instagram,False
C010458,2026-05-21,United Kingdom,referral,True
C010459,2026-05-22,United Kingdom,marketplace,True
C010460,2026-05-22,United States,google_ads,True
C010461,2026-05-22,India,instagram,False
C010462,2026-05-22,India,google_ads,False
C010463,2026-05-22,India,instagram,True
C010464,2026-05-22,United States,organic,True
C010465,2026-05-22,Canada,referral,False
C010466,2026-05-22,Canada,organic,True
C010467,2026-05-22,United Kingdom,marketplace,True
C010468,2026-05-22,India,instagram,False
C010469,2026-05-22,United States,organic,True
C010470,2026-05-22,India,instagram,False
C010471,2026-05-22,United Kingdom,marketplace,False
C010472,2026-05-22,Germany,organic,False
C010473,2026-05-22,Germany,instagram,True
C010474,2026-05-22,India,google_ads,True
C010475,2026-05-22,India,instagram,True
C010476,2026-05-22,United Kingdom,google_ads,True
C010477,2026-05-22,United Kingdom,email,True
C010478,2026-05-22,United States,organic,True
C010479,2026-05-23,Australia,instagram,False
C010480,2026-05-23,United States,organic,True
C010481,2026-05-23,India,marketplace,False
C010482,2026-05-23,India,instagram,False
C010483,2026-05-23,India,organic,False
C010484,2026-05-23,India,google_ads,False
C010485,2026-05-23,Japan,marketplace,True
C010486,2026-05-23,India,organic,False
C010487,2026-05-23,United States,referral,False
C010488,2026-05-23,Germany,google_ads,True
C010489,2026-05-23,India,instagram,False
C010490,2026-05-24,India,google_ads,False
C010491,2026-05-24,India,marketplace,True
C010492,2026-05-24,United Kingdom,google_ads,True
C010493,2026-05-24,India,marketplace,True
C010494,2026-05-24,India,referral,True
C010495,2026-05-24,United States,organic,True
C010496,2026-05-24,Germany,organic,False
C010497,2026-05-24,India,google_ads,False
C010498,2026-05-24,United States,instagram,False
C010499,2026-05-24,India,instagram,True
C010500,2026-05-24,India,google_ads,False
C010501,2026-05-24,India,referral,True
C010502,2026-05-25,United States,marketplace,False
C010503,2026-05-25,India,organic,False
C010504,2026-05-25,United Kingdom,referral,False
C010505,2026-05-25,India,marketplace,False
C010506,2026-05-25,India,instagram,True
C010507,2026-05-25,India,referral,False
C010508,2026-05-25,India,organic,True
C010509,2026-05-25,India,organic,True
C010510,2026-05-25,UAE,organic,True
C010511,2026-05-25,United Kingdom,google_ads,True
C010512,2026-05-25,India,email,True
C010513,2026-05-25,United States,google_ads,False
C010514,2026-05-25,India,google_ads,False
C010515,2026-05-25,India,instagram,True
C010516,2026-05-25,India,google_ads,False
C010517,2026-05-25,UAE,marketplace,True
C010518,2026-05-25,Australia,marketplace,False
C010519,2026-05-25,Germany,instagram,True
C010520,2026-05-26,Australia,organic,False
C010521,2026-05-26,United Kingdom,instagram,True
C010522,2026-05-26,United Kingdom,instagram,True
C010523,2026-05-26,Canada,organic,True
C010524,2026-05-26,India,google_ads,True
C010525,2026-05-26,India,google_ads,True
C010526,2026-05-26,India,organic,True
C010527,2026-05-26,Germany,organic,False
C010528,2026-05-26,Japan,google_ads,True
C010529,2026-05-26,India,organic,False
C010530,2026-05-26,Germany,referral,True
C010531,2026-05-26,India,organic,True
C010532,2026-05-26,Japan,referral,False
C010533,2026-05-26,UAE,organic,True
C010534,2026-05-26,Germany,instagram,False
C010535,2026-05-27,India,organic,False
C010536,2026-05-27,Germany,referral,True
C010537,2026-05-27,India,google_ads,True
C010538,2026-05-27,Germany,instagram,True
C010539,2026-05-27,India,email,True
C010540,2026-05-27,Germany,organic,False
C010541,2026-05-27,India,organic,True
C010542,2026-05-27,United States,instagram,True
C010543,2026-05-27,India,email,True
C010544,2026-05-28,India,google_ads,True
C010545,2026-05-28,United States,email,True
C010546,2026-05-28,United States,organic,False
C010547,2026-05-28,India,google_ads,False
C010548,2026-05-28,India,organic,True
C010549,2026-05-28,United States,referral,True
C010550,2026-05-28,India,instagram,True
C010551,2026-05-28,United States,organic,True
C010552,2026-05-28,United States,organic,False
C010553,2026-05-28,United Kingdom,marketplace,True
C010554,2026-05-28,India,google_ads,True
C010555,2026-05-29,United States,instagram,True
C010556,2026-05-29,India,organic,True
C010557,2026-05-29,India,organic,True
C010558,2026-05-29,India,instagram,False
C010559,2026-05-29,India,google_ads,True
C010560,2026-05-29,Germany,google_ads,False
C010561,2026-05-29,United States,google_ads,True
C010562,2026-05-29,India,instagram,True
C010563,2026-05-29,United States,organic,False
C010564,2026-05-29,United States,email,True
C010565,2026-05-29,India,instagram,True
C010566,2026-05-29,India,referral,True
C010567,2026-05-30,United States,instagram,True
C010568,2026-05-30,Japan,instagram,True
C010569,2026-05-30,India,google_ads,False
C010570,2026-05-30,India,organic,False
C010571,2026-05-30,India,organic,True
C010572,2026-05-30,India,referral,True
C010573,2026-05-30,India,marketplace,True
C010574,2026-05-30,United States,organic,False
C010575,2026-05-30,Australia,organic,True
C010576,2026-05-30,India,organic,False
C010577,2026-05-30,United States,google_ads,False
C010578,2026-05-30,India,organic,True
C010579,2026-05-30,India,marketplace,True
C010580,2026-05-30,United States,instagram,False
C010581,2026-05-30,India,organic,True
C010582,2026-05-30,United States,organic,True
C010583,2026-05-31,India,email,False
C010584,2026-05-31,United States,google_ads,False
C010585,2026-05-31,India,organic,False
C010586,2026-05-31,India,marketplace,True
C010587,2026-05-31,Germany,organic,True
C010588,2026-05-31,India,organic,False
C010589,2026-05-31,UAE,organic,True
C010590,2026-05-31,India,organic,False
C010591,2026-05-31,India,organic,True
C010592,2026-05-31,India,organic,False
C010593,2026-05-31,India,google_ads,False
C010594,2026-06-01,United States,organic,True
C010595,2026-06-01,United States,organic,True
C010596,2026-06-01,India,instagram,False
C010597,2026-06-01,India,google_ads,False
C010598,2026-06-01,Australia,email,False
C010599,2026-06-01,India,marketplace,False
C010600,2026-06-01,Australia,organic,False
C010601,2026-06-01,India,referral,True
C010602,2026-06-01,India,google_ads,True
C010603,2026-06-01,India,organic,False
C010604,2026-06-01,United States,organic,True
C010605,2026-06-01,India,google_ads,True
C010606,2026-06-01,India,google_ads,False
C010607,2026-06-01,United Kingdom,organic,False
C010608,2026-06-01,Australia,instagram,True
C010609,2026-06-01,India,organic,True
C010610,2026-06-01,Japan,referral,True
C010611,2026-06-02,India,referral,False
C010612,2026-06-02,India,marketplace,True
C010613,2026-06-02,India,google_ads,True
C010614,2026-06-02,Japan,organic,False
C010615,2026-06-02,India,instagram,True
C010616,2026-06-02,India,email,True
C010617,2026-06-02,India,instagram,False
C010618,2026-06-02,India,referral,False
C010619,2026-06-02,Germany,instagram,True
C010620,2026-06-02,Canada,organic,True
C010621,2026-06-02,Japan,google_ads,True
C010622,2026-06-02,Japan,instagram,True
C010623,2026-06-03,Australia,instagram,False
C010624,2026-06-03,United Kingdom,organic,True
C010625,2026-06-03,India,organic,True
C010626,2026-06-03,United States,google_ads,True
C010627,2026-06-03,Canada,marketplace,True
C010628,2026-06-03,United States,instagram,False
C010629,2026-06-03,United States,organic,True
C010630,2026-06-03,United Kingdom,organic,True
C010631,2026-06-04,India,referral,True
C010632,2026-06-04,India,google_ads,False
C010633,2026-06-04,Japan,organic,True
C010634,2026-06-04,India,instagram,False
C010635,2026-06-04,United States,instagram,False
C010636,2026-06-04,Germany,referral,True
C010637,2026-06-04,India,marketplace,True
C010638,2026-06-04,India,google_ads,True
C010639,2026-06-04,Japan,organic,False
C010640,2026-06-04,India,instagram,True
C010641,2026-06-04,India,google_ads,True
C010642,2026-06-04,India,google_ads,False
C010643,2026-06-04,India,organic,False
C010644,2026-06-04,India,organic,True
C010645,2026-06-04,India,google_ads,True
C010646,2026-06-04,United Kingdom,google_ads,True
C010647,2026-06-05,United Kingdom,marketplace,True
C010648,2026-06-05,Germany,referral,True
C010649,2026-06-05,India,organic,True
C010650,2026-06-05,India,organic,True
C010651,2026-06-05,India,google_ads,True
C010652,2026-06-05,United States,organic,True
C010653,2026-06-05,Japan,google_ads,True
C010654,2026-06-05,India,organic,True
C010655,2026-06-05,United States,referral,True
C010656,2026-06-05,India,organic,False
C010657,2026-06-05,India,google_ads,True
C010658,2026-06-05,India,google_ads,True
C010659,2026-06-05,United Kingdom,marketplace,True
C010660,2026-06-05,India,google_ads,False
C010661,2026-06-05,India,organic,False
C010662,2026-06-05,India,organic,True
C010663,2026-06-05,United States,organic,True
C010664,2026-06-05,United Kingdom,google_ads,False
C010665,2026-06-06,India,organic,True
C010666,2026-06-06,United Kingdom,instagram,False
C010667,2026-06-06,Canada,marketplace,False
C010668,2026-06-06,India,google_ads,True
C010669,2026-06-06,India,referral,True
C010670,2026-06-06,India,referral,True
C010671,2026-06-06,Australia,organic,False
C010672,2026-06-06,Australia,marketplace,True
C010673,2026-06-06,United States,organic,True
C010674,2026-06-06,India,organic,True
C010675,2026-06-06,India,google_ads,True
C010676,2026-06-06,India,google_ads,True
C010677,2026-06-06,India,organic,True
C010678,2026-06-06,Canada,organic,False
C010679,2026-06-07,UAE,marketplace,True
C010680,2026-06-07,UAE,google_ads,False
C010681,2026-06-07,Germany,google_ads,False
C010682,2026-06-07,United Kingdom,instagram,True
C010683,2026-06-07,Germany,google_ads,True
C010684,2026-06-07,India,organic,False
C010685,2026-06-07,United Kingdom,organic,False
C010686,2026-06-07,India,organic,True
C010687,2026-06-07,United Kingdom,referral,True
C010688,2026-06-07,India,email,False
C010689,2026-06-07,United Kingdom,instagram,False
C010690,2026-06-07,India,email,False
C010691,2026-06-07,India,google_ads,True
C010692,2026-06-07,India,email,True
C010693,2026-06-07,India,organic,True
C010694,2026-06-07,India,instagram,False
C010695,2026-06-07,United Kingdom,google_ads,True
C010696,2026-06-08,India,instagram,False
C010697,2026-06-08,United States,organic,True
C010698,2026-06-08,India,instagram,False
C010699,2026-06-08,India,referral,True
C010700,2026-06-08,United States,organic,True
C010701,2026-06-08,India,google_ads,True
C010702,2026-06-08,India,organic,True
C010703,2026-06-08,India,organic,True
C010704,2026-06-08,India,referral,True
C010705,2026-06-08,India,google_ads,False
C010706,2026-06-08,India,organic,False
C010707,2026-06-09,India,referral,False
C010708,2026-06-09,Australia,referral,True
C010709,2026-06-09,United Kingdom,instagram,False
C010710,2026-06-09,UAE,organic,True
C010711,2026-06-09,United States,organic,True
C010712,2026-06-09,United Kingdom,google_ads,True
C010713,2026-06-09,India,instagram,False
C010714,2026-06-09,India,instagram,False
C010715,2026-06-09,India,google_ads,True
C010716,2026-06-09,India,instagram,True
C010717,2026-06-09,India,referral,True
C010718,2026-06-09,India,instagram,True
C010719,2026-06-09,India,instagram,False
C010720,2026-06-09,India,referral,True
C010721,2026-06-09,United Kingdom,organic,True
C010722,2026-06-10,India,instagram,False
C010723,2026-06-10,India,organic,True
C010724,2026-06-10,India,google_ads,False
C010725,2026-06-10,United States,instagram,False
C010726,2026-06-10,India,instagram,False
C010727,2026-06-10,India,organic,True
C010728,2026-06-10,India,marketplace,False
C010729,2026-06-10,India,instagram,False
C010730,2026-06-10,United States,instagram,True
C010731,2026-06-10,India,google_ads,True
C010732,2026-06-10,United States,organic,True
C010733,2026-06-10,United States,organic,True
C010734,2026-06-11,India,organic,True
C010735,2026-06-11,India,organic,True
C010736,2026-06-11,India,instagram,False
C010737,2026-06-11,India,google_ads,False
C010738,2026-06-11,India,marketplace,True
C010739,2026-06-11,India,organic,True
C010740,2026-06-11,India,organic,True
C010741,2026-06-11,India,google_ads,False
C010742,2026-06-11,India,instagram,True
C010743,2026-06-11,UAE,google_ads,False
C010744,2026-06-11,India,organic,False
C010745,2026-06-11,Canada,organic,True
C010746,2026-06-11,India,instagram,True
C010747,2026-06-11,India,marketplace,False
C010748,2026-06-11,United States,google_ads,False
C010749,2026-06-11,India,organic,False
C010750,2026-06-11,United States,google_ads,True
C010751,2026-06-11,India,google_ads,True
C010752,2026-06-11,India,email,True
C010753,2026-06-11,Germany,google_ads,True
C010754,2026-06-12,United States,instagram,False
C010755,2026-06-12,Germany,organic,True
C010756,2026-06-12,India,instagram,False
C010757,2026-06-12,India,google_ads,True
C010758,2026-06-12,India,organic,True
C010759,2026-06-12,India,instagram,False
C010760,2026-06-12,UAE,organic,True
C010761,2026-06-12,India,marketplace,True
C010762,2026-06-12,India,instagram,True
C010763,2026-06-12,United Kingdom,organic,True
C010764,2026-06-12,United States,marketplace,True
C010765,2026-06-12,Australia,instagram,False
C010766,2026-06-12,India,organic,True
C010767,2026-06-13,India,referral,False
C010768,2026-06-13,United States,google_ads,False
C010769,2026-06-13,United Kingdom,organic,False
C010770,2026-06-13,United Kingdom,organic,False
C010771,2026-06-13,Japan,instagram,True
C010772,2026-06-13,India,marketplace,True
C010773,2026-06-13,United Kingdom,google_ads,True
C010774,2026-06-13,India,google_ads,False
C010775,2026-06-13,India,google_ads,False
C010776,2026-06-13,Canada,organic,False
C010777,2026-06-13,India,google_ads,True
C010778,2026-06-13,India,organic,False
C010779,2026-06-13,Australia,organic,False
C010780,2026-06-13,United States,google_ads,False
C010781,2026-06-13,Japan,google_ads,False
C010782,2026-06-13,Germany,instagram,True
C010783,2026-06-13,Japan,referral,True
C010784,2026-06-13,India,instagram,True
C010785,2026-06-13,India,google_ads,True
C010786,2026-06-14,India,organic,True
C010787,2026-06-14,United States,google_ads,True
C010788,2026-06-14,India,organic,True
C010789,2026-06-14,United States,referral,True
C010790,2026-06-14,Canada,referral,True
C010791,2026-06-14,Australia,organic,False
C010792,2026-06-14,India,organic,True
C010793,2026-06-14,India,referral,True
C010794,2026-06-14,United States,email,True
C010795,2026-06-14,United Kingdom,organic,True
C010796,2026-06-14,India,google_ads,True
C010797,2026-06-14,India,instagram,False
C010798,2026-06-15,India,marketplace,True
C010799,2026-06-15,Japan,instagram,True
C010800,2026-06-15,United States,google_ads,True
C010801,2026-06-15,United States,organic,True
C010802,2026-06-15,United Kingdom,email,True
C010803,2026-06-15,India,instagram,True
C010804,2026-06-15,United States,referral,False
C010805,2026-06-16,United States,google_ads,False
C010806,2026-06-16,United Kingdom,instagram,False
C010807,2026-06-16,Germany,google_ads,True
C010808,2026-06-16,Germany,organic,True
C010809,2026-06-16,United States,google_ads,True
C010810,2026-06-16,India,google_ads,False
C010811,2026-06-16,India,instagram,False
C010812,2026-06-16,Germany,instagram,True
C010813,2026-06-16,India,instagram,True
C010814,2026-06-16,United States,marketplace,True
C010815,2026-06-16,India,google_ads,False
C010816,2026-06-16,Japan,organic,True
C010817,2026-06-16,India,google_ads,False
C010818,2026-06-17,India,instagram,True
C010819,2026-06-17,United States,email,False
C010820,2026-06-17,India,google_ads,True
C010821,2026-06-17,India,referral,True
C010822,2026-06-17,Japan,google_ads,True
C010823,2026-06-17,Germany,google_ads,False
C010824,2026-06-17,Canada,google_ads,True
C010825,2026-06-17,Canada,instagram,False
C010826,2026-06-17,Canada,instagram,False
C010827,2026-06-17,India,google_ads,False
C010828,2026-06-17,Australia,referral,False
C010829,2026-06-17,United States,instagram,False
C010830,2026-06-17,Canada,organic,False
C010831,2026-06-17,Japan,google_ads,True
C010832,2026-06-17,Canada,organic,True
C010833,2026-06-17,Germany,instagram,True
C010834,2026-06-17,Canada,marketplace,True
C010835,2026-06-17,Japan,instagram,True
C010836,2026-06-18,India,organic,False
C010837,2026-06-18,United Kingdom,organic,False
C010838,2026-06-18,UAE,email,False
C010839,2026-06-18,India,organic,False
C010840,2026-06-18,United Kingdom,instagram,True
C010841,2026-06-18,India,google_ads,True
C010842,2026-06-18,Australia,instagram,True
C010843,2026-06-18,India,google_ads,True
C010844,2026-06-18,India,organic,True
C010845,2026-06-18,India,instagram,True
C010846,2026-06-18,United Kingdom,google_ads,False
C010847,2026-06-18,Germany,marketplace,True
C010848,2026-06-18,United States,organic,True
C010849,2026-06-18,United States,organic,False
C010850,2026-06-19,Canada,organic,True
C010851,2026-06-19,United Kingdom,instagram,False
C010852,2026-06-19,Canada,organic,False
C010853,2026-06-19,India,referral,True
C010854,2026-06-19,India,organic,True
C010855,2026-06-19,UAE,organic,False
C010856,2026-06-19,United States,marketplace,False
C010857,2026-06-19,India,instagram,False
C010858,2026-06-19,United States,email,True
C010859,2026-06-19,Canada,organic,False
C010860,2026-06-19,Japan,instagram,False
C010861,2026-06-19,India,instagram,False
C010862,2026-06-19,India,marketplace,True
C010863,2026-06-19,Japan,google_ads,True
C010864,2026-06-19,India,organic,False
C010865,2026-06-19,India,instagram,True
C010866,2026-06-19,India,organic,True
C010867,2026-06-19,India,google_ads,True
C010868,2026-06-19,India,organic,True
C010869,2026-06-19,United Kingdom,instagram,False
C010870,2026-06-19,India,instagram,True
C010871,2026-06-19,Germany,instagram,False
C010872,2026-06-19,India,organic,True
C010873,2026-06-19,United Kingdom,organic,False
C010874,2026-06-19,India,referral,False
C010875,2026-06-19,Canada,google_ads,True
C010876,2026-06-19,India,referral,False
C010877,2026-06-20,India,referral,True
C010878,2026-06-20,United States,instagram,False
C010879,2026-06-20,India,marketplace,False
C010880,2026-06-20,United States,email,True
C010881,2026-06-20,India,google_ads,False
C010882,2026-06-20,India,organic,True
C010883,2026-06-20,India,referral,True
C010884,2026-06-20,Australia,instagram,True
C010885,2026-06-20,India,organic,True
C010886,2026-06-20,United States,organic,False
C010887,2026-06-20,India,organic,True
C010888,2026-06-20,Australia,google_ads,False
C010889,2026-06-20,UAE,instagram,True
C010890,2026-06-20,India,organic,False
C010891,2026-06-20,UAE,google_ads,False
C010892,2026-06-20,Canada,organic,True
C010893,2026-06-20,India,organic,True
C010894,2026-06-20,India,instagram,True
C010895,2026-06-20,United States,instagram,False
C010896,2026-06-21,India,marketplace,True
C010897,2026-06-21,UAE,organic,False
C010898,2026-06-21,India,google_ads,True
C010899,2026-06-21,Japan,marketplace,True
C010900,2026-06-21,India,email,False
C010901,2026-06-21,United States,instagram,False
C010902,2026-06-21,India,instagram,False
C010903,2026-06-21,India,google_ads,False
C010904,2026-06-21,United States,google_ads,True
C010905,2026-06-21,Germany,organic,True
C010906,2026-06-21,India,organic,True
C010907,2026-06-21,Germany,referral,True
C010908,2026-06-21,United States,marketplace,False
C010909,2026-06-22,United Kingdom,organic,True
C010910,2026-06-22,India,organic,False
C010911,2026-06-22,Australia,organic,True
C010912,2026-06-22,India,instagram,True
C010913,2026-06-22,India,instagram,True
C010914,2026-06-22,Germany,organic,True
C010915,2026-06-22,United States,referral,True
C010916,2026-06-22,India,marketplace,True
C010917,2026-06-22,United States,instagram,True
C010918,2026-06-22,Canada,organic,True
C010919,2026-06-22,Australia,organic,False
C010920,2026-06-22,United States,marketplace,True
C010921,2026-06-22,India,google_ads,True
C010922,2026-06-22,United States,instagram,False
C010923,2026-06-22,United States,marketplace,False
C010924,2026-06-23,India,google_ads,True
C010925,2026-06-23,India,organic,False
C010926,2026-06-23,United States,organic,True
C010927,2026-06-23,India,instagram,False
C010928,2026-06-23,India,google_ads,True
C010929,2026-06-23,India,organic,False
C010930,2026-06-23,United States,marketplace,True
C010931,2026-06-23,United States,google_ads,True
C010932,2026-06-23,United Kingdom,instagram,True
C010933,2026-06-23,Japan,referral,True
C010934,2026-06-23,United States,google_ads,False
C010935,2026-06-23,Canada,google_ads,True
C010936,2026-06-23,Germany,organic,False
C010937,2026-06-23,India,google_ads,False
C010938,2026-06-23,India,instagram,True
C010939,2026-06-23,Japan,instagram,True
C010940,2026-06-23,Japan,google_ads,False
C010941,2026-06-23,United Kingdom,organic,True
C010942,2026-06-23,Japan,google_ads,True
C010943,2026-06-23,India,instagram,True
C010944,2026-06-24,United States,google_ads,True
C010945,2026-06-24,India,email,False
C010946,2026-06-24,India,google_ads,False
C010947,2026-06-24,United States,organic,True
C010948,2026-06-24,United States,organic,False
C010949,2026-06-24,India,instagram,True
C010950,2026-06-24,UAE,email,False
C010951,2026-06-24,United States,instagram,False
C010952,2026-06-24,India,organic,True
C010953,2026-06-25,India,organic,True
C010954,2026-06-25,India,google_ads,True
C010955,2026-06-25,Australia,organic,False
C010956,2026-06-25,India,instagram,True
C010957,2026-06-25,India,organic,False
C010958,2026-06-25,India,google_ads,True
C010959,2026-06-25,UAE,instagram,True
C010960,2026-06-25,United Kingdom,instagram,False
C010961,2026-06-25,United States,instagram,True
C010962,2026-06-25,India,google_ads,True
C010963,2026-06-25,India,instagram,False
C010964,2026-06-25,Japan,google_ads,True
C010965,2026-06-26,United States,organic,True
C010966,2026-06-26,Australia,instagram,True
C010967,2026-06-26,India,instagram,False
C010968,2026-06-26,India,organic,False
C010969,2026-06-26,India,google_ads,False
C010970,2026-06-26,United Kingdom,google_ads,True
C010971,2026-06-26,United States,organic,False
C010972,2026-06-26,India,marketplace,True
C010973,2026-06-26,India,referral,False
C010974,2026-06-26,UAE,organic,True
C010975,2026-06-26,United States,instagram,False
C010976,2026-06-27,Germany,organic,True
C010977,2026-06-27,United States,email,False
C010978,2026-06-27,United States,referral,True
C010979,2026-06-27,United States,instagram,True
C010980,2026-06-27,UAE,organic,True
C010981,2026-06-27,United States,organic,True
C010982,2026-06-27,India,google_ads,True
C010983,2026-06-27,India,instagram,False
C010984,2026-06-27,United States,instagram,True
C010985,2026-06-27,India,google_ads,False
C010986,2026-06-27,United States,marketplace,False
C010987,2026-06-27,United States,referral,True
C010988,2026-06-27,India,organic,True
C010989,2026-06-27,India,instagram,False
C010990,2026-06-28,India,organic,False
C010991,2026-06-28,United States,organic,True
C010992,2026-06-28,Canada,instagram,True
C010993,2026-06-28,India,instagram,True
C010994,2026-06-28,India,email,True
C010995,2026-06-28,United States,instagram,False
C010996,2026-06-28,India,organic,True
C010997,2026-06-28,India,instagram,True
C010998,2026-06-28,India,organic,True
C010999,2026-06-28,United Kingdom,organic,True
C011000,2026-06-28,United States,google_ads,False
C011001,2026-06-28,United States,organic,True
C011002,2026-06-28,Japan,marketplace,True
C011003,2026-06-28,Japan,instagram,True
C011004,2026-06-29,India,google_ads,True
C011005,2026-06-29,India,email,True
C011006,2026-06-29,United Kingdom,organic,False
C011007,2026-06-29,India,organic,False
C011008,2026-06-29,Japan,instagram,False
C011009,2026-06-29,India,referral,True
C011010,2026-06-29,India,referral,True
C011011,2026-06-29,India,referral,False
C011012,2026-06-29,United States,referral,True
C011013,2026-06-29,United States,google_ads,False
C011014,2026-06-29,India,instagram,False
C011015,2026-06-29,India,organic,True
C011016,2026-06-29,India,marketplace,False
C011017,2026-06-29,India,organic,False
C011018,2026-06-29,India,google_ads,False
C011019,2026-06-29,India,marketplace,True
C011020,2026-06-30,India,instagram,False
C011021,2026-06-30,India,google_ads,True
C011022,2026-06-30,Germany,marketplace,True
C011023,2026-06-30,India,marketplace,True
C011024,2026-06-30,United States,instagram,False
C011025,2026-06-30,United Kingdom,instagram,True
C011026,2026-06-30,Canada,instagram,False
C011027,2026-06-30,India,google_ads,True
C011028,2026-07-01,India,referral,True
C011029,2026-07-01,United Kingdom,organic,True
C011030,2026-07-01,UAE,organic,False
C011031,2026-07-01,Australia,organic,True
C011032,2026-07-01,Australia,email,False
C011033,2026-07-01,India,google_ads,True
C011034,2026-07-01,India,organic,False
C011035,2026-07-01,India,google_ads,False
C011036,2026-07-01,United States,organic,True
C011037,2026-07-01,United Kingdom,organic,False
C011038,2026-07-01,United Kingdom,instagram,True
C011039,2026-07-02,India,marketplace,True
C011040,2026-07-02,Japan,instagram,False
C011041,2026-07-02,India,instagram,True
C011042,2026-07-02,India,organic,False
C011043,2026-07-02,India,google_ads,True
C011044,2026-07-02,Canada,google_ads,True
C011045,2026-07-02,Germany,instagram,False
C011046,2026-07-02,UAE,instagram,True
C011047,2026-07-02,United Kingdom,organic,False
C011048,2026-07-02,India,organic,False
C011049,2026-07-02,India,organic,False
C011050,2026-07-03,India,google_ads,True
C011051,2026-07-03,United States,google_ads,False
C011052,2026-07-03,India,organic,False
C011053,2026-07-03,Germany,organic,True
C011054,2026-07-03,India,organic,True
C011055,2026-07-03,India,instagram,True
C011056,2026-07-03,Germany,google_ads,True
C011057,2026-07-03,Japan,organic,True
C011058,2026-07-03,India,instagram,True
C011059,2026-07-03,Australia,instagram,True
C011060,2026-07-03,India,marketplace,True
C011061,2026-07-03,India,referral,True
C011062,2026-07-03,India,organic,False
C011063,2026-07-04,India,organic,True
C011064,2026-07-04,UAE,marketplace,False
C011065,2026-07-04,India,organic,True
C011066,2026-07-04,India,organic,True
C011067,2026-07-04,India,organic,True
C011068,2026-07-04,India,referral,False
C011069,2026-07-04,India,marketplace,True
C011070,2026-07-04,India,instagram,True
C011071,2026-07-04,India,referral,False
C011072,2026-07-04,India,organic,True
C011073,2026-07-04,India,organic,True
C011074,2026-07-04,Germany,organic,True
C011075,2026-07-04,India,marketplace,True
C011076,2026-07-04,Japan,email,True
C011077,2026-07-04,India,google_ads,False
C011078,2026-07-04,Germany,organic,True
C011079,2026-07-04,Canada,google_ads,True
C011080,2026-07-04,India,google_ads,True
C011081,2026-07-04,United States,google_ads,False
C011082,2026-07-05,Canada,marketplace,True
C011083,2026-07-05,India,marketplace,True
C011084,2026-07-05,India,organic,False
C011085,2026-07-05,United Kingdom,organic,False
C011086,2026-07-05,India,email,False
C011087,2026-07-05,India,google_ads,True
C011088,2026-07-05,Germany,organic,True
C011089,2026-07-05,United Kingdom,instagram,True
C011090,2026-07-05,India,google_ads,True
C011091,2026-07-06,India,marketplace,False
C011092,2026-07-06,India,google_ads,True
C011093,2026-07-06,India,organic,True
C011094,2026-07-06,United Kingdom,organic,True
C011095,2026-07-06,India,instagram,True
C011096,2026-07-06,India,marketplace,False
C011097,2026-07-06,United Kingdom,email,False
C011098,2026-07-06,Australia,organic,True
C011099,2026-07-06,India,organic,True
C011100,2026-07-06,India,google_ads,True
C011101,2026-07-06,India,referral,True
C011102,2026-07-06,India,organic,False
C011103,2026-07-06,India,instagram,True
C011104,2026-07-06,India,instagram,False
C011105,2026-07-06,UAE,marketplace,True
C011106,2026-07-06,United States,instagram,False
C011107,2026-07-06,United Kingdom,instagram,True
C011108,2026-07-07,India,referral,True
C011109,2026-07-07,India,instagram,True
C011110,2026-07-07,India,organic,False
C011111,2026-07-07,India,referral,True
C011112,2026-07-07,India,organic,False
C011113,2026-07-07,India,google_ads,False
C011114,2026-07-07,Japan,google_ads,False
C011115,2026-07-07,United States,google_ads,True
C011116,2026-07-07,India,referral,True
C011117,2026-07-08,Canada,google_ads,True
C011118,2026-07-08,India,organic,True
C011119,2026-07-08,India,instagram,True
C011120,2026-07-08,India,referral,True
C011121,2026-07-08,Canada,referral,True
C011122,2026-07-08,India,instagram,True
C011123,2026-07-08,India,instagram,False
C011124,2026-07-08,India,organic,False
C011125,2026-07-08,India,marketplace,True
C011126,2026-07-08,India,referral,True
C011127,2026-07-09,India,google_ads,False
C011128,2026-07-09,United Kingdom,instagram,False
C011129,2026-07-09,India,marketplace,True
C011130,2026-07-09,India,instagram,True
C011131,2026-07-09,India,organic,True
C011132,2026-07-09,United States,instagram,True
C011133,2026-07-09,India,instagram,False
C011134,2026-07-09,Canada,organic,True
C011135,2026-07-10,United Kingdom,instagram,False
C011136,2026-07-10,India,instagram,False
C011137,2026-07-10,Australia,instagram,True
C011138,2026-07-10,India,google_ads,True
C011139,2026-07-10,India,organic,False
C011140,2026-07-10,Australia,instagram,True
C011141,2026-07-10,Canada,marketplace,False
C011142,2026-07-10,India,organic,True
C011143,2026-07-10,India,email,True
C011144,2026-07-10,Japan,instagram,False
C011145,2026-07-10,Japan,marketplace,True
C011146,2026-07-10,India,instagram,False
C011147,2026-07-10,India,referral,False
C011148,2026-07-10,India,instagram,True
C011149,2026-07-10,India,google_ads,True
C011150,2026-07-10,Australia,organic,False
C011151,2026-07-11,India,instagram,True
C011152,2026-07-11,Canada,marketplace,True
C011153,2026-07-11,India,marketplace,False
C011154,2026-07-11,India,referral,True
C011155,2026-07-11,United States,instagram,True
C011156,2026-07-11,United States,referral,True
C011157,2026-07-11,India,marketplace,False
C011158,2026-07-11,India,instagram,True
C011159,2026-07-11,United States,google_ads,True
C011160,2026-07-11,India,instagram,False
C011161,2026-07-11,United States,marketplace,False
C011162,2026-07-12,United Kingdom,instagram,False
C011163,2026-07-12,India,email,True
C011164,2026-07-12,India,instagram,False
C011165,2026-07-12,Germany,instagram,True
C011166,2026-07-12,India,referral,True
C011167,2026-07-12,India,google_ads,True
C011168,2026-07-12,India,organic,False
C011169,2026-07-12,India,referral,True
C011170,2026-07-12,United States,google_ads,False
C011171,2026-07-12,India,instagram,True
C011172,2026-07-12,India,organic,False
C011173,2026-07-12,India,instagram,True
C011174,2026-07-12,United States,organic,True
C011175,2026-07-12,United Kingdom,google_ads,False
C011176,2026-07-12,United States,organic,True
C011177,2026-07-13,UAE,google_ads,True
C011178,2026-07-13,United States,instagram,False
C011179,2026-07-13,United Kingdom,marketplace,False
C011180,2026-07-13,India,organic,True
C011181,2026-07-13,India,google_ads,False
C011182,2026-07-13,Germany,instagram,True
C011183,2026-07-13,Canada,instagram,False
C011184,2026-07-13,United Kingdom,marketplace,True
C011185,2026-07-13,India,email,False
C011186,2026-07-13,United States,organic,False
C011187,2026-07-13,India,organic,False
C011188,2026-07-13,UAE,google_ads,True
C011189,2026-07-13,United Kingdom,organic,True
C011190,2026-07-14,United Kingdom,google_ads,False
C011191,2026-07-14,India,referral,True
C011192,2026-07-14,India,google_ads,False
C011193,2026-07-14,United Kingdom,google_ads,True
C011194,2026-07-14,United States,google_ads,False
C011195,2026-07-14,India,instagram,True
C011196,2026-07-14,India,email,True
C011197,2026-07-14,India,instagram,True
C011198,2026-07-14,India,google_ads,False
C011199,2026-07-14,United States,referral,True
C011200,2026-07-14,India,marketplace,True
C011201,2026-07-14,United States,instagram,False
C011202,2026-07-14,India,instagram,True
C011203,2026-07-14,India,google_ads,True
C011204,2026-07-14,India,instagram,True
C011205,2026-07-14,India,google_ads,False
C011206,2026-07-14,Japan,organic,False
C011207,2026-07-14,India,organic,True
C011208,2026-07-15,UAE,instagram,False
C011209,2026-07-15,Germany,organic,False
C011210,2026-07-15,India,email,True
C011211,2026-07-15,India,google_ads,False
C011212,2026-07-15,India,referral,True
C011213,2026-07-15,India,referral,True
C011214,2026-07-15,United States,organic,True
C011215,2026-07-15,India,marketplace,False
C011216,2026-07-15,India,instagram,False
C011217,2026-07-15,United States,instagram,True
C011218,2026-07-15,India,instagram,True
C011219,2026-07-15,India,instagram,False
C011220,2026-07-15,Germany,instagram,True
C011221,2026-07-15,Australia,instagram,True
C011222,2026-07-15,India,referral,False
C011223,2026-07-15,India,organic,True
C011224,2026-07-15,Canada,organic,True
C011225,2026-07-15,India,email,True
C011226,2026-07-15,India,organic,True
C011227,2026-07-15,India,instagram,False
C011228,2026-07-16,India,organic,True
C011229,2026-07-16,UAE,google_ads,False
C011230,2026-07-16,India,organic,False
C011231,2026-07-16,India,instagram,True
C011232,2026-07-16,India,organic,True
C011233,2026-07-17,India,organic,False
C011234,2026-07-17,India,google_ads,False
C011235,2026-07-17,India,email,False
C011236,2026-07-17,India,instagram,True
C011237,2026-07-17,Germany,google_ads,False
C011238,2026-07-17,India,organic,True
C011239,2026-07-17,UAE,google_ads,False
C011240,2026-07-17,United States,marketplace,True
C011241,2026-07-17,UAE,marketplace,True
C011242,2026-07-17,United States,marketplace,False
C011243,2026-07-17,India,organic,True
C011244,2026-07-17,India,marketplace,True
C011245,2026-07-17,India,organic,True
C011246,2026-07-17,India,google_ads,False
C011247,2026-07-17,India,organic,False
C011248,2026-07-18,India,organic,True
C011249,2026-07-18,United States,google_ads,True
C011250,2026-07-18,Germany,organic,True
C011251,2026-07-18,India,marketplace,True
C011252,2026-07-18,United States,instagram,True
C011253,2026-07-18,India,organic,False
C011254,2026-07-18,United States,marketplace,True
C011255,2026-07-18,India,google_ads,False
C011256,2026-07-18,United States,instagram,True
C011257,2026-07-18,Canada,instagram,True
C011258,2026-07-18,United States,google_ads,False
C011259,2026-07-18,India,marketplace,True
C011260,2026-07-18,India,instagram,True
C011261,2026-07-18,United States,google_ads,False
C011262,2026-07-18,India,marketplace,False
C011263,2026-07-18,Australia,organic,False
C011264,2026-07-18,India,referral,True
C011265,2026-07-19,India,google_ads,True
C011266,2026-07-19,Australia,instagram,False
C011267,2026-07-19,India,organic,True
C011268,2026-07-19,United Kingdom,instagram,False
C011269,2026-07-19,India,organic,True
C011270,2026-07-19,United States,organic,False
C011271,2026-07-19,United Kingdom,google_ads,False
C011272,2026-07-19,India,google_ads,True
C011273,2026-07-19,United Kingdom,referral,True
C011274,2026-07-19,India,google_ads,True
C011275,2026-07-19,United States,instagram,False
C011276,2026-07-19,India,google_ads,False
C011277,2026-07-20,India,google_ads,False
C011278,2026-07-20,United Kingdom,referral,True
C011279,2026-07-20,United Kingdom,email,True
C011280,2026-07-20,India,organic,True
C011281,2026-07-20,United Kingdom,organic,False
C011282,2026-07-20,United States,organic,False
C011283,2026-07-20,United States,organic,False
C011284,2026-07-20,United Kingdom,organic,False
C011285,2026-07-20,Canada,organic,False
C011286,2026-07-21,India,google_ads,False
C011287,2026-07-21,UAE,referral,False
C011288,2026-07-21,India,google_ads,True
C011289,2026-07-21,India,organic,False
C011290,2026-07-21,India,organic,False
C011291,2026-07-21,India,email,True
C011292,2026-07-21,India,referral,True
C011293,2026-07-21,India,instagram,True
C011294,2026-07-21,Japan,organic,True
C011295,2026-07-21,India,instagram,True
C011296,2026-07-21,India,instagram,True
C011297,2026-07-21,India,google_ads,True
C011298,2026-07-21,India,marketplace,False
C011299,2026-07-21,Germany,instagram,True
C011300,2026-07-21,Germany,organic,False
C011301,2026-07-21,UAE,instagram,True
C011302,2026-07-21,India,marketplace,True
C011303,2026-07-21,United Kingdom,instagram,False
C011304,2026-07-21,Japan,google_ads,False
C011305,2026-07-22,Canada,organic,True
C011306,2026-07-22,India,email,False
C011307,2026-07-22,UAE,organic,True
C011308,2026-07-22,India,instagram,False
C011309,2026-07-22,Germany,organic,True
C011310,2026-07-22,Canada,email,False
C011311,2026-07-22,Canada,organic,False
C011312,2026-07-22,India,organic,True
C011313,2026-07-22,United States,google_ads,True
C011314,2026-07-23,India,marketplace,False
C011315,2026-07-23,India,instagram,False
C011316,2026-07-23,India,instagram,False
C011317,2026-07-23,India,organic,True
C011318,2026-07-23,India,instagram,True
C011319,2026-07-23,India,organic,True
C011320,2026-07-23,UAE,instagram,False
C011321,2026-07-23,India,organic,True
C011322,2026-07-23,United States,instagram,False
C011323,2026-07-23,Australia,google_ads,True
C011324,2026-07-23,India,instagram,False
C011325,2026-07-23,India,instagram,False
C011326,2026-07-23,India,instagram,True
C011327,2026-07-23,United Kingdom,instagram,False
C011328,2026-07-23,United States,organic,False
C011329,2026-07-24,India,organic,False
C011330,2026-07-24,United Kingdom,instagram,True
C011331,2026-07-24,United States,google_ads,False
C011332,2026-07-24,Japan,organic,False
C011333,2026-07-25,India,email,True
C011334,2026-07-25,India,organic,False
C011335,2026-07-25,United States,organic,True
C011336,2026-07-25,India,instagram,False
C011337,2026-07-25,United States,organic,True
C011338,2026-07-25,India,organic,False
C011339,2026-07-25,India,instagram,True
C011340,2026-07-25,United Kingdom,google_ads,True
C011341,2026-07-25,India,organic,False
C011342,2026-07-25,UAE,organic,True
C011343,2026-07-25,India,marketplace,False
C011344,2026-07-25,India,instagram,True
C011345,2026-07-25,Germany,google_ads,False
C011346,2026-07-25,India,marketplace,True
C011347,2026-07-25,UAE,instagram,False
C011348,2026-07-26,India,google_ads,True
C011349,2026-07-26,Australia,instagram,True
C011350,2026-07-26,India,instagram,True
C011351,2026-07-26,United Kingdom,organic,True
C011352,2026-07-26,India,marketplace,True
C011353,2026-07-26,India,google_ads,True
C011354,2026-07-26,India,organic,False
C011355,2026-07-26,Australia,email,False
C011356,2026-07-26,India,google_ads,False
C011357,2026-07-26,UAE,google_ads,True
C011358,2026-07-27,United Kingdom,email,True
C011359,2026-07-27,India,marketplace,True
C011360,2026-07-27,India,referral,True
C011361,2026-07-27,India,instagram,True
C011362,2026-07-27,India,organic,True
C011363,2026-07-27,United States,google_ads,True
C011364,2026-07-27,India,marketplace,True
C011365,2026-07-27,UAE,instagram,False
C011366,2026-07-27,India,organic,False
C011367,2026-07-27,UAE,instagram,False
C011368,2026-07-27,UAE,google_ads,True
C011369,2026-07-27,India,marketplace,True
C011370,2026-07-27,Canada,instagram,False
C011371,2026-07-27,United States,google_ads,False
C011372,2026-07-27,Australia,referral,False
C011373,2026-07-27,India,google_ads,True
C011374,2026-07-28,United Kingdom,organic,False
C011375,2026-07-28,Australia,organic,True
C011376,2026-07-28,India,google_ads,False
C011377,2026-07-28,Germany,google_ads,True
C011378,2026-07-28,UAE,instagram,False
C011379,2026-07-28,India,instagram,False
C011380,2026-07-28,India,marketplace,False
C011381,2026-07-29,India,organic,False
C011382,2026-07-29,Australia,instagram,False
C011383,2026-07-29,India,instagram,True
C011384,2026-07-29,Germany,instagram,False
C011385,2026-07-29,India,marketplace,True
C011386,2026-07-29,Australia,instagram,False
C011387,2026-07-29,India,marketplace,False
C011388,2026-07-29,United States,instagram,False
C011389,2026-07-30,UAE,instagram,True
C011390,2026-07-30,India,organic,False
C011391,2026-07-30,United States,instagram,True
C011392,2026-07-30,Germany,referral,True
C011393,2026-07-30,Germany,google_ads,False
C011394,2026-07-30,India,marketplace,True
C011395,2026-07-30,India,referral,True
C011396,2026-07-30,Germany,organic,True
C011397,2026-07-30,India,google_ads,False
C011398,2026-07-31,United States,instagram,False
C011399,2026-07-31,India,instagram,False
C011400,2026-07-31,India,organic,False
C011401,2026-07-31,United States,organic,False
C011402,2026-07-31,India,instagram,True
C011403,2026-07-31,India,email,True
C011404,2026-07-31,India,organic,True
C011405,2026-07-31,India,organic,False
C011406,2026-08-01,United States,instagram,True
C011407,2026-08-01,Germany,google_ads,False
C011408,2026-08-01,India,google_ads,True
C011409,2026-08-01,Canada,organic,True
C011410,2026-08-01,India,google_ads,False
C011411,2026-08-01,India,organic,True
C011412,2026-08-01,Canada,organic,True
C011413,2026-08-01,India,marketplace,True
C011414,2026-08-01,Japan,instagram,False
C011415,2026-08-01,India,google_ads,False
C011416,2026-08-01,United Kingdom,organic,False
C011417,2026-08-01,United States,instagram,False
C011418,2026-08-01,India,email,False
C011419,2026-08-01,India,instagram,False
C011420,2026-08-01,India,google_ads,True
C011421,2026-08-01,India,google_ads,False
C011422,2026-08-01,India,organic,False
C011423,2026-08-01,UAE,instagram,True
C011424,2026-08-01,UAE,google_ads,False
C011425,2026-08-02,Germany,organic,False
C011426,2026-08-02,Japan,marketplace,False
C011427,2026-08-02,Canada,organic,False
C011428,2026-08-02,India,organic,True
C011429,2026-08-02,Canada,organic,False
C011430,2026-08-02,United States,google_ads,True
C011431,2026-08-02,India,google_ads,True
C011432,2026-08-02,India,organic,False
C011433,2026-08-02,India,instagram,False
C011434,2026-08-02,United Kingdom,marketplace,True
C011435,2026-08-02,Australia,instagram,False
C011436,2026-08-02,United States,instagram,True
C011437,2026-08-02,India,instagram,False
C011438,2026-08-02,India,instagram,False
C011439,2026-08-02,India,organic,True
C011440,2026-08-02,Canada,referral,False
C011441,2026-08-02,India,organic,True
C011442,2026-08-02,India,organic,True
C011443,2026-08-02,India,organic,True
C011444,2026-08-02,India,google_ads,False
C011445,2026-08-02,India,organic,True
C011446,2026-08-03,Germany,organic,False
C011447,2026-08-03,India,instagram,False
C011448,2026-08-03,India,instagram,True
C011449,2026-08-03,India,instagram,True
C011450,2026-08-03,India,organic,False
C011451,2026-08-03,India,organic,False
C011452,2026-08-03,United Kingdom,organic,True
C011453,2026-08-03,Japan,organic,False
C011454,2026-08-03,United Kingdom,google_ads,False
C011455,2026-08-03,India,email,True
C011456,2026-08-03,United Kingdom,instagram,True
C011457,2026-08-03,India,instagram,True
C011458,2026-08-03,India,google_ads,False
C011459,2026-08-04,India,organic,True
C011460,2026-08-04,India,google_ads,True
C011461,2026-08-04,Australia,organic,True
C011462,2026-08-04,United States,organic,True
C011463,2026-08-04,India,instagram,True
C011464,2026-08-04,India,organic,False
C011465,2026-08-04,Germany,organic,False
C011466,2026-08-04,India,organic,True
C011467,2026-08-04,India,organic,False
C011468,2026-08-04,India,organic,False
C011469,2026-08-04,India,instagram,True
C011470,2026-08-04,India,google_ads,False
C011471,2026-08-04,India,instagram,False
C011472,2026-08-04,United States,marketplace,True
C011473,2026-08-04,India,marketplace,True
C011474,2026-08-05,India,instagram,False
C011475,2026-08-05,United States,google_ads,True
C011476,2026-08-05,India,marketplace,True
C011477,2026-08-05,India,google_ads,True
C011478,2026-08-05,Japan,organic,True
C011479,2026-08-05,India,instagram,False
C011480,2026-08-05,India,instagram,True
C011481,2026-08-05,United States,instagram,True
C011482,2026-08-05,UAE,organic,False
C011483,2026-08-05,India,organic,False
C011484,2026-08-05,Australia,marketplace,False
C011485,2026-08-05,India,organic,True
C011486,2026-08-05,India,marketplace,True
C011487,2026-08-05,India,organic,True
C011488,2026-08-05,India,organic,True
C011489,2026-08-05,India,instagram,False
C011490,2026-08-05,India,google_ads,False
C011491,2026-08-05,India,google_ads,False
C011492,2026-08-06,India,marketplace,False
C011493,2026-08-06,UAE,google_ads,False
C011494,2026-08-06,Australia,google_ads,False
C011495,2026-08-06,India,google_ads,True
C011496,2026-08-06,UAE,organic,False
C011497,2026-08-06,India,instagram,False
C011498,2026-08-06,Australia,referral,False
C011499,2026-08-06,India,instagram,False
C011500,2026-08-06,Germany,marketplace,True
C011501,2026-08-06,United Kingdom,instagram,False
C011502,2026-08-06,Japan,instagram,False
C011503,2026-08-06,India,organic,False
C011504,2026-08-06,India,instagram,False
C011505,2026-08-07,India,instagram,False
C011506,2026-08-07,Japan,google_ads,False
C011507,2026-08-07,Japan,instagram,False
C011508,2026-08-07,Australia,marketplace,False
C011509,2026-08-07,India,instagram,False
C011510,2026-08-07,United Kingdom,google_ads,False
C011511,2026-08-07,United Kingdom,marketplace,True
C011512,2026-08-07,United Kingdom,instagram,False
C011513,2026-08-07,India,instagram,False
C011514,2026-08-07,India,marketplace,True
C011515,2026-08-07,India,instagram,False
C011516,2026-08-07,Germany,organic,True
C011517,2026-08-07,Germany,organic,False
C011518,2026-08-07,United States,organic,False
C011519,2026-08-07,United States,organic,True
C011520,2026-08-07,India,marketplace,True
C011521,2026-08-08,India,organic,False
C011522,2026-08-08,India,instagram,True
C011523,2026-08-08,United States,instagram,False
C011524,2026-08-08,India,referral,False
C011525,2026-08-08,United States,email,False
C011526,2026-08-08,United States,organic,True
C011527,2026-08-08,India,instagram,True
C011528,2026-08-08,United States,instagram,True
C011529,2026-08-08,Germany,instagram,True
C011530,2026-08-08,United States,google_ads,False
C011531,2026-08-08,India,instagram,True
C011532,2026-08-08,India,google_ads,True
C011533,2026-08-08,India,organic,True
C011534,2026-08-08,India,google_ads,True
C011535,2026-08-08,India,marketplace,False
C011536,2026-08-08,India,organic,True
C011537,2026-08-08,Australia,email,True
C011538,2026-08-08,United States,organic,False
C011539,2026-08-08,India,instagram,True
C011540,2026-08-09,India,google_ads,True
C011541,2026-08-09,India,organic,True
C011542,2026-08-09,India,organic,False
C011543,2026-08-09,India,email,True
C011544,2026-08-09,India,email,False
C011545,2026-08-09,India,instagram,False
C011546,2026-08-09,India,instagram,True
C011547,2026-08-09,United Kingdom,referral,True
C011548,2026-08-09,United States,instagram,True
C011549,2026-08-09,United States,marketplace,True
C011550,2026-08-09,United States,instagram,True
C011551,2026-08-09,India,organic,True
C011552,2026-08-09,India,referral,False
C011553,2026-08-09,United States,instagram,False
C011554,2026-08-09,Australia,instagram,False
C011555,2026-08-09,Japan,instagram,True
C011556,2026-08-09,Japan,instagram,True
C011557,2026-08-09,United States,marketplace,False
C011558,2026-08-09,United Kingdom,organic,False
C011559,2026-08-09,Japan,organic,False
C011560,2026-08-09,India,instagram,True
C011561,2026-08-10,India,instagram,False
C011562,2026-08-10,Canada,instagram,True
C011563,2026-08-10,India,organic,False
C011564,2026-08-10,India,referral,False
C011565,2026-08-10,India,instagram,True
C011566,2026-08-10,India,referral,True
C011567,2026-08-10,India,google_ads,False
C011568,2026-08-10,Australia,referral,True
C011569,2026-08-10,Canada,organic,True
C011570,2026-08-10,Canada,referral,True
C011571,2026-08-10,India,google_ads,True
C011572,2026-08-10,India,instagram,True
C011573,2026-08-10,India,marketplace,True
C011574,2026-08-10,India,instagram,True
C011575,2026-08-11,India,email,True
C011576,2026-08-11,United States,referral,True
C011577,2026-08-11,India,instagram,True
C011578,2026-08-11,India,referral,False
C011579,2026-08-11,India,marketplace,True
C011580,2026-08-11,United Kingdom,instagram,True
C011581,2026-08-11,Germany,organic,True
C011582,2026-08-12,United Kingdom,instagram,True
C011583,2026-08-12,Germany,organic,False
C011584,2026-08-12,India,organic,True
C011585,2026-08-12,Canada,marketplace,True
C011586,2026-08-12,India,instagram,True
C011587,2026-08-12,Canada,marketplace,True
C011588,2026-08-12,India,email,False
C011589,2026-08-12,United States,google_ads,False
C011590,2026-08-12,India,organic,False
C011591,2026-08-12,India,referral,True
C011592,2026-08-12,United Kingdom,referral,False
C011593,2026-08-12,UAE,instagram,False
C011594,2026-08-13,India,organic,True
C011595,2026-08-13,United States,marketplace,True
C011596,2026-08-13,India,organic,True
C011597,2026-08-13,India,organic,True
C011598,2026-08-13,Australia,organic,True
C011599,2026-08-13,Germany,google_ads,False
C011600,2026-08-13,UAE,google_ads,True
C011601,2026-08-13,India,instagram,True
C011602,2026-08-13,Germany,instagram,True
C011603,2026-08-13,UAE,instagram,False
C011604,2026-08-13,UAE,google_ads,True
C011605,2026-08-13,India,referral,False
C011606,2026-08-14,UAE,organic,False
C011607,2026-08-14,India,instagram,True
C011608,2026-08-14,Canada,organic,True
C011609,2026-08-14,Canada,organic,True
C011610,2026-08-14,India,instagram,True
C011611,2026-08-14,India,google_ads,True
C011612,2026-08-14,India,google_ads,False
C011613,2026-08-14,Australia,instagram,False
C011614,2026-08-14,India,instagram,True
C011615,2026-08-14,India,instagram,True
C011616,2026-08-14,Germany,organic,True
C011617,2026-08-14,India,organic,True
C011618,2026-08-14,UAE,google_ads,False
C011619,2026-08-14,United States,organic,True
C011620,2026-08-14,Canada,google_ads,False
C011621,2026-08-14,India,organic,False
C011622,2026-08-14,Canada,google_ads,True
C011623,2026-08-14,Germany,instagram,False
C011624,2026-08-14,India,google_ads,True
C011625,2026-08-15,India,marketplace,False
C011626,2026-08-15,India,organic,True
C011627,2026-08-15,India,marketplace,False
C011628,2026-08-15,Canada,referral,True
C011629,2026-08-15,Canada,google_ads,True
C011630,2026-08-15,India,referral,False
C011631,2026-08-15,United States,organic,True
C011632,2026-08-15,Canada,referral,True
C011633,2026-08-15,India,marketplace,True
C011634,2026-08-15,United States,instagram,False
C011635,2026-08-15,India,referral,False
C011636,2026-08-15,India,organic,True
C011637,2026-08-15,India,organic,False
C011638,2026-08-15,United Kingdom,organic,True
C011639,2026-08-15,India,instagram,True
C011640,2026-08-15,India,organic,False
C011641,2026-08-15,India,organic,False
C011642,2026-08-16,India,google_ads,False
C011643,2026-08-16,India,instagram,False
C011644,2026-08-16,India,organic,False
C011645,2026-08-16,India,google_ads,True
C011646,2026-08-16,United Kingdom,instagram,False
C011647,2026-08-16,India,organic,True
C011648,2026-08-16,India,marketplace,True
C011649,2026-08-16,United Kingdom,organic,True
C011650,2026-08-16,Australia,instagram,False
C011651,2026-08-16,India,organic,True
C011652,2026-08-16,India,google_ads,True
C011653,2026-08-16,UAE,organic,True
C011654,2026-08-17,India,email,True
C011655,2026-08-17,India,instagram,True
C011656,2026-08-17,United Kingdom,google_ads,False
C011657,2026-08-17,United States,google_ads,True
C011658,2026-08-17,India,marketplace,False
C011659,2026-08-17,India,organic,False
C011660,2026-08-17,Germany,instagram,True
C011661,2026-08-17,Germany,marketplace,False
C011662,2026-08-17,India,instagram,False
C011663,2026-08-17,United States,referral,False
C011664,2026-08-17,India,google_ads,True
C011665,2026-08-17,India,organic,False
C011666,2026-08-17,India,referral,True
C011667,2026-08-17,India,marketplace,True
C011668,2026-08-17,Canada,organic,True
C011669,2026-08-18,United States,google_ads,True
C011670,2026-08-18,India,google_ads,False
C011671,2026-08-18,Canada,google_ads,True
C011672,2026-08-18,India,referral,False
C011673,2026-08-18,United States,organic,True
C011674,2026-08-18,India,marketplace,True
C011675,2026-08-18,Japan,referral,False
C011676,2026-08-18,India,instagram,False
C011677,2026-08-18,United States,referral,True
C011678,2026-08-18,India,instagram,True
C011679,2026-08-18,United States,referral,True
C011680,2026-08-18,India,instagram,False
C011681,2026-08-19,United States,instagram,True
C011682,2026-08-19,India,email,False
C011683,2026-08-19,India,google_ads,True
C011684,2026-08-19,Germany,organic,True
C011685,2026-08-19,India,organic,True
C011686,2026-08-19,India,organic,True
C011687,2026-08-20,Japan,google_ads,False
C011688,2026-08-20,India,google_ads,True
C011689,2026-08-20,India,google_ads,False
C011690,2026-08-20,India,google_ads,True
C011691,2026-08-20,United States,instagram,False
C011692,2026-08-20,United States,marketplace,True
C011693,2026-08-20,India,google_ads,True
C011694,2026-08-20,United States,google_ads,True
C011695,2026-08-20,United Kingdom,referral,False
C011696,2026-08-20,United States,google_ads,False
C011697,2026-08-20,United States,instagram,True
C011698,2026-08-20,India,google_ads,True
C011699,2026-08-20,India,marketplace,True
C011700,2026-08-20,Japan,marketplace,True
C011701,2026-08-20,India,instagram,True
C011702,2026-08-20,Canada,marketplace,False
C011703,2026-08-20,India,google_ads,False
C011704,2026-08-20,India,instagram,True
C011705,2026-08-21,India,instagram,True
C011706,2026-08-21,Japan,instagram,True
C011707,2026-08-21,United States,organic,True
C011708,2026-08-21,India,instagram,True
C011709,2026-08-21,United States,instagram,True
C011710,2026-08-21,Germany,organic,False
C011711,2026-08-21,India,instagram,False
C011712,2026-08-21,United Kingdom,referral,True
C011713,2026-08-21,United States,instagram,True
C011714,2026-08-21,Germany,instagram,True
C011715,2026-08-21,United States,organic,True
C011716,2026-08-21,India,instagram,True
C011717,2026-08-21,India,instagram,True
C011718,2026-08-21,United Kingdom,organic,True
C011719,2026-08-22,India,referral,False
C011720,2026-08-22,United States,google_ads,True
C011721,2026-08-22,India,marketplace,False
C011722,2026-08-22,India,google_ads,True
C011723,2026-08-22,United States,google_ads,False
C011724,2026-08-22,India,google_ads,True
C011725,2026-08-22,India,organic,True
C011726,2026-08-22,Japan,referral,False
C011727,2026-08-22,India,google_ads,False
C011728,2026-08-22,India,instagram,False
C011729,2026-08-22,India,marketplace,False
C011730,2026-08-22,Germany,google_ads,True
C011731,2026-08-22,India,organic,True
C011732,2026-08-22,Canada,instagram,True
C011733,2026-08-22,Canada,organic,True
C011734,2026-08-22,United States,referral,False
C011735,2026-08-22,India,organic,False
C011736,2026-08-22,Japan,marketplace,False
C011737,2026-08-22,India,instagram,False
C011738,2026-08-23,India,marketplace,False
C011739,2026-08-23,Canada,google_ads,True
C011740,2026-08-23,India,marketplace,True
C011741,2026-08-23,India,marketplace,True
C011742,2026-08-23,India,instagram,True
C011743,2026-08-23,India,organic,True
C011744,2026-08-23,United Kingdom,referral,False
C011745,2026-08-23,India,instagram,True
C011746,2026-08-23,India,google_ads,False
C011747,2026-08-23,United States,organic,False
C011748,2026-08-23,India,organic,True
C011749,2026-08-23,India,instagram,True
C011750,2026-08-24,United Kingdom,organic,True
C011751,2026-08-24,India,google_ads,True
C011752,2026-08-24,India,email,True
C011753,2026-08-24,UAE,organic,True
C011754,2026-08-24,United States,organic,True
C011755,2026-08-24,India,instagram,False
C011756,2026-08-24,India,google_ads,False
C011757,2026-08-24,India,organic,False
C011758,2026-08-24,United Kingdom,organic,True
C011759,2026-08-24,India,referral,True
C011760,2026-08-24,India,google_ads,True
C011761,2026-08-24,Germany,organic,True
C011762,2026-08-24,India,instagram,False
C011763,2026-08-24,India,google_ads,True
C011764,2026-08-24,India,google_ads,True
C011765,2026-08-24,Germany,referral,True
C011766,2026-08-25,United States,instagram,False
C011767,2026-08-25,India,organic,True
C011768,2026-08-25,India,marketplace,True
C011769,2026-08-25,India,instagram,False
C011770,2026-08-25,Japan,instagram,True
C011771,2026-08-25,Japan,referral,False
C011772,2026-08-25,India,instagram,False
C011773,2026-08-25,India,organic,True
C011774,2026-08-25,India,instagram,False
C011775,2026-08-25,United States,google_ads,False
C011776,2026-08-25,United States,google_ads,True
C011777,2026-08-25,India,instagram,True
C011778,2026-08-25,UAE,google_ads,False
C011779,2026-08-25,United States,instagram,True
C011780,2026-08-25,United Kingdom,organic,True
C011781,2026-08-25,India,instagram,True
C011782,2026-08-26,United States,google_ads,True
C011783,2026-08-26,India,instagram,True
C011784,2026-08-26,India,marketplace,False
C011785,2026-08-26,Australia,referral,True
C011786,2026-08-26,India,organic,False
C011787,2026-08-26,India,google_ads,True
C011788,2026-08-26,India,organic,True
C011789,2026-08-26,Australia,instagram,False
C011790,2026-08-26,India,email,False
C011791,2026-08-27,India,referral,False
C011792,2026-08-27,India,organic,True
C011793,2026-08-27,India,marketplace,True
C011794,2026-08-27,India,organic,True
C011795,2026-08-27,India,organic,True
C011796,2026-08-27,Canada,marketplace,False
C011797,2026-08-27,United States,organic,False
C011798,2026-08-27,India,organic,True
C011799,2026-08-27,United States,marketplace,True
C011800,2026-08-27,India,instagram,True
C011801,2026-08-27,United Kingdom,organic,True
C011802,2026-08-27,United States,instagram,True
C011803,2026-08-27,United States,instagram,False
C011804,2026-08-27,India,google_ads,True
C011805,2026-08-27,India,google_ads,True
C011806,2026-08-27,India,organic,True
C011807,2026-08-27,India,marketplace,False
C011808,2026-08-27,India,instagram,True
C011809,2026-08-27,India,instagram,False
C011810,2026-08-27,India,email,True
C011811,2026-08-28,Australia,email,False
C011812,2026-08-28,India,marketplace,True
C011813,2026-08-28,Canada,referral,False
C011814,2026-08-28,India,email,False
C011815,2026-08-28,India,email,True
C011816,2026-08-28,India,referral,True
C011817,2026-08-28,Canada,instagram,False
C011818,2026-08-28,India,organic,True
C011819,2026-08-28,United States,referral,True
C011820,2026-08-28,United States,referral,False
C011821,2026-08-28,UAE,google_ads,False
C011822,2026-08-28,India,organic,True
C011823,2026-08-28,United Kingdom,marketplace,False
C011824,2026-08-28,India,google_ads,True
C011825,2026-08-29,India,google_ads,True
C011826,2026-08-29,Germany,instagram,True
C011827,2026-08-29,UAE,instagram,False
C011828,2026-08-29,India,instagram,False
C011829,2026-08-29,United States,organic,True
C011830,2026-08-29,United States,google_ads,False
C011831,2026-08-29,United Kingdom,organic,True
C011832,2026-08-29,India,email,False
C011833,2026-08-29,India,instagram,False
C011834,2026-08-29,India,instagram,False
C011835,2026-08-29,India,organic,False
C011836,2026-08-29,India,marketplace,True
C011837,2026-08-29,Germany,google_ads,True
C011838,2026-08-29,United Kingdom,marketplace,False
C011839,2026-08-29,India,organic,False
C011840,2026-08-29,India,instagram,False
C011841,2026-08-29,Australia,referral,False
C011842,2026-08-30,India,instagram,False
C011843,2026-08-30,United States,organic,False
C011844,2026-08-30,United States,organic,True
C011845,2026-08-30,India,instagram,True
C011846,2026-08-30,India,google_ads,True
C011847,2026-08-30,India,organic,False
C011848,2026-08-30,United States,instagram,True
C011849,2026-08-30,United Kingdom,marketplace,True
C011850,2026-08-30,India,organic,True
C011851,2026-08-30,Germany,organic,True
C011852,2026-08-30,India,instagram,False
C011853,2026-08-30,United States,google_ads,False
C011854,2026-08-30,Australia,organic,False
C011855,2026-08-30,India,marketplace,True
C011856,2026-08-30,Australia,email,True
C011857,2026-08-30,India,organic,True
C011858,2026-08-30,India,instagram,False
C011859,2026-08-30,Australia,google_ads,False
C011860,2026-08-30,India,google_ads,False
C011861,2026-08-31,India,organic,True
C011862,2026-08-31,India,marketplace,True
C011863,2026-08-31,India,referral,False
C011864,2026-08-31,Germany,marketplace,False
C011865,2026-08-31,India,google_ads,True
C011866,2026-08-31,India,google_ads,True
C011867,2026-08-31,India,instagram,True
C011868,2026-08-31,United States,organic,False
C011869,2026-08-31,India,organic,True
C011870,2026-08-31,India,google_ads,False
C011871,2026-09-01,Australia,organic,True
C011872,2026-09-01,India,google_ads,False
C011873,2026-09-01,United Kingdom,referral,True
C011874,2026-09-01,India,instagram,True
C011875,2026-09-01,United States,instagram,False
C011876,2026-09-01,India,google_ads,True
C011877,2026-09-01,India,organic,False
C011878,2026-09-01,United Kingdom,referral,False
C011879,2026-09-01,India,marketplace,True
C011880,2026-09-01,UAE,organic,True
C011881,2026-09-01,India,organic,True
C011882,2026-09-01,Australia,organic,False
C011883,2026-09-01,India,google_ads,True
C011884,2026-09-01,UAE,referral,False
C011885,2026-09-01,United States,organic,True
C011886,2026-09-01,India,google_ads,False
C011887,2026-09-02,United Kingdom,organic,True
C011888,2026-09-02,Germany,email,True
C011889,2026-09-02,India,marketplace,True
C011890,2026-09-02,India,organic,True
C011891,2026-09-02,India,referral,True
C011892,2026-09-02,United Kingdom,google_ads,True
C011893,2026-09-02,India,instagram,False
C011894,2026-09-02,Germany,google_ads,True
C011895,2026-09-02,India,instagram,True
C011896,2026-09-02,India,organic,True
C011897,2026-09-02,Japan,organic,False
C011898,2026-09-02,Germany,marketplace,True
C011899,2026-09-02,United States,marketplace,True
C011900,2026-09-02,India,referral,False
C011901,2026-09-03,India,organic,True
C011902,2026-09-03,India,instagram,True
C011903,2026-09-03,India,organic,False
C011904,2026-09-03,India,instagram,False
C011905,2026-09-03,UAE,organic,True
C011906,2026-09-03,United Kingdom,organic,True
C011907,2026-09-03,United States,google_ads,True
C011908,2026-09-03,United States,google_ads,False
C011909,2026-09-03,United States,organic,False
C011910,2026-09-03,Australia,organic,False
C011911,2026-09-03,India,organic,False
C011912,2026-09-03,India,marketplace,True
C011913,2026-09-03,Australia,referral,True
C011914,2026-09-03,Australia,organic,False
C011915,2026-09-04,United States,organic,True
C011916,2026-09-04,Germany,organic,True
C011917,2026-09-04,United States,referral,True
C011918,2026-09-04,India,organic,True
C011919,2026-09-04,United Kingdom,google_ads,False
C011920,2026-09-04,United States,instagram,True
C011921,2026-09-04,India,organic,True
C011922,2026-09-04,United States,email,True
C011923,2026-09-04,UAE,email,False
C011924,2026-09-04,India,organic,True
C011925,2026-09-04,Japan,google_ads,False
C011926,2026-09-04,India,referral,False
C011927,2026-09-05,Germany,instagram,True
C011928,2026-09-05,United States,organic,True
C011929,2026-09-05,United States,google_ads,True
C011930,2026-09-05,India,instagram,True
C011931,2026-09-05,Australia,email,True
C011932,2026-09-05,Germany,instagram,True
C011933,2026-09-05,United States,marketplace,False
C011934,2026-09-05,India,organic,False
C011935,2026-09-05,India,google_ads,True
C011936,2026-09-05,UAE,google_ads,False
C011937,2026-09-05,UAE,marketplace,True
C011938,2026-09-05,India,instagram,True
C011939,2026-09-05,India,organic,True
C011940,2026-09-05,United States,email,True
C011941,2026-09-06,United States,google_ads,False
C011942,2026-09-06,India,referral,True
C011943,2026-09-06,Canada,organic,True
C011944,2026-09-06,United Kingdom,organic,False
C011945,2026-09-06,India,referral,True
C011946,2026-09-06,India,organic,False
C011947,2026-09-06,India,google_ads,True
C011948,2026-09-06,India,marketplace,False
C011949,2026-09-06,United States,organic,False
C011950,2026-09-06,United States,google_ads,True
C011951,2026-09-06,India,referral,False
C011952,2026-09-06,India,instagram,True
C011953,2026-09-06,India,organic,False
C011954,2026-09-06,United States,organic,True
C011955,2026-09-07,United States,organic,True
C011956,2026-09-07,India,google_ads,True
C011957,2026-09-07,United States,instagram,True
C011958,2026-09-07,India,referral,False
C011959,2026-09-07,India,organic,False
C011960,2026-09-07,United States,instagram,True
C011961,2026-09-07,Australia,referral,True
C011962,2026-09-07,India,google_ads,False
C011963,2026-09-07,Germany,instagram,True
C011964,2026-09-07,India,organic,False
C011965,2026-09-07,India,organic,True
C011966,2026-09-07,India,instagram,False
C011967,2026-09-07,United Kingdom,organic,True
C011968,2026-09-08,Australia,organic,False
C011969,2026-09-08,India,google_ads,False
C011970,2026-09-08,Japan,instagram,True
C011971,2026-09-08,Canada,organic,True
C011972,2026-09-08,Australia,instagram,False
C011973,2026-09-08,United Kingdom,organic,True
C011974,2026-09-08,Canada,organic,True
C011975,2026-09-08,United States,referral,True
C011976,2026-09-08,Germany,organic,True
C011977,2026-09-08,India,organic,False
C011978,2026-09-08,India,email,False
C011979,2026-09-08,Canada,organic,True
C011980,2026-09-08,India,organic,False
C011981,2026-09-09,India,instagram,True
C011982,2026-09-09,Germany,organic,False
C011983,2026-09-09,United States,instagram,False
C011984,2026-09-09,India,email,False
C011985,2026-09-09,United Kingdom,marketplace,False
C011986,2026-09-09,India,google_ads,False
C011987,2026-09-09,India,google_ads,False
C011988,2026-09-09,India,instagram,True
C011989,2026-09-09,India,referral,True
C011990,2026-09-09,Germany,google_ads,False
C011991,2026-09-09,India,marketplace,True
C011992,2026-09-09,Japan,organic,True
C011993,2026-09-09,India,organic,True
C011994,2026-09-09,India,organic,True
C011995,2026-09-09,UAE,google_ads,False
C011996,2026-09-10,UAE,email,True
C011997,2026-09-10,India,instagram,True
C011998,2026-09-10,India,instagram,False
C011999,2026-09-10,India,google_ads,True
C012000,2026-09-10,Australia,instagram,True
C012001,2026-09-10,United Kingdom,google_ads,True
C012002,2026-09-10,United Kingdom,organic,False
C012003,2026-09-10,United Kingdom,organic,True
C012004,2026-09-10,United States,organic,True
C012005,2026-09-10,United Kingdom,email,True
C012006,2026-09-11,India,marketplace,False
C012007,2026-09-11,India,email,False
C012008,2026-09-11,United Kingdom,referral,False
C012009,2026-09-11,Australia,referral,True
C012010,2026-09-11,United States,marketplace,True
C012011,2026-09-11,Canada,instagram,True
C012012,2026-09-11,India,google_ads,True
C012013,2026-09-11,Australia,instagram,True
C012014,2026-09-11,India,referral,True
C012015,2026-09-11,India,instagram,True
C012016,2026-09-11,Germany,instagram,False
C012017,2026-09-11,India,marketplace,True
C012018,2026-09-11,India,instagram,True
C012019,2026-09-12,India,google_ads,False
C012020,2026-09-12,India,marketplace,False
C012021,2026-09-12,India,organic,True
C012022,2026-09-12,United States,email,False
C012023,2026-09-12,India,instagram,True
C012024,2026-09-12,India,google_ads,False
C012025,2026-09-12,United Kingdom,instagram,True
C012026,2026-09-12,United States,marketplace,True
C012027,2026-09-12,India,organic,False
C012028,2026-09-12,United States,google_ads,True
C012029,2026-09-12,India,google_ads,False
C012030,2026-09-12,India,instagram,True
C012031,2026-09-12,India,referral,True
C012032,2026-09-12,India,organic,False
C012033,2026-09-12,India,instagram,False
C012034,2026-09-12,India,organic,True
C012035,2026-09-13,India,instagram,False
C012036,2026-09-13,India,instagram,True
C012037,2026-09-13,India,google_ads,False
C012038,2026-09-13,Germany,google_ads,False
C012039,2026-09-13,United Kingdom,organic,True
C012040,2026-09-13,United States,organic,True
C012041,2026-09-13,Australia,marketplace,True
C012042,2026-09-13,India,organic,True
C012043,2026-09-13,India,instagram,False
C012044,2026-09-13,India,organic,True
C012045,2026-09-13,United States,instagram,True
C012046,2026-09-13,Japan,organic,False
C012047,2026-09-13,Australia,instagram,True
C012048,2026-09-13,India,instagram,False
C012049,2026-09-13,Canada,referral,True
C012050,2026-09-14,India,instagram,False
C012051,2026-09-14,India,instagram,False
C012052,2026-09-14,United States,instagram,True
C012053,2026-09-14,India,organic,False
C012054,2026-09-14,United Kingdom,google_ads,True
C012055,2026-09-14,Canada,instagram,False
C012056,2026-09-14,India,organic,False
C012057,2026-09-14,India,organic,False
C012058,2026-09-14,India,organic,False
C012059,2026-09-14,Australia,instagram,True
C012060,2026-09-14,India,google_ads,False
C012061,2026-09-14,India,organic,False
C012062,2026-09-14,Canada,google_ads,True
C012063,2026-09-14,United States,google_ads,False
C012064,2026-09-14,India,instagram,False
C012065,2026-09-14,United States,instagram,False
C012066,2026-09-15,United States,google_ads,True
C012067,2026-09-15,India,organic,False
C012068,2026-09-15,United States,organic,True
C012069,2026-09-15,Japan,instagram,True
C012070,2026-09-15,Germany,organic,True
C012071,2026-09-15,Japan,instagram,True
C012072,2026-09-15,India,instagram,False
C012073,2026-09-15,India,organic,True
C012074,2026-09-15,Japan,instagram,True
C012075,2026-09-15,United Kingdom,organic,True
C012076,2026-09-15,United Kingdom,instagram,True
C012077,2026-09-15,United Kingdom,organic,True
C012078,2026-09-15,India,google_ads,False
C012079,2026-09-15,United States,referral,True
C012080,2026-09-15,India,google_ads,True
C012081,2026-09-16,United Kingdom,google_ads,True
C012082,2026-09-16,Germany,organic,False
C012083,2026-09-16,United States,organic,True
C012084,2026-09-16,Germany,organic,True
C012085,2026-09-16,India,google_ads,False
C012086,2026-09-16,India,google_ads,True
C012087,2026-09-16,UAE,organic,False
C012088,2026-09-16,Australia,google_ads,True
C012089,2026-09-16,India,instagram,True
C012090,2026-09-16,United Kingdom,instagram,False
C012091,2026-09-17,India,organic,True
C012092,2026-09-17,UAE,google_ads,True
C012093,2026-09-17,Germany,organic,False
C012094,2026-09-17,India,google_ads,True
C012095,2026-09-17,India,instagram,True
C012096,2026-09-17,India,referral,True
C012097,2026-09-17,India,organic,True
C012098,2026-09-17,United States,organic,False
C012099,2026-09-17,United States,referral,False
C012100,2026-09-17,United Kingdom,organic,False
C012101,2026-09-17,United Kingdom,instagram,False
C012102,2026-09-17,India,referral,False
C012103,2026-09-17,United States,instagram,True
C012104,2026-09-17,United States,google_ads,True
C012105,2026-09-17,United Kingdom,google_ads,False
C012106,2026-09-17,United States,google_ads,True
C012107,2026-09-18,India,referral,False
C012108,2026-09-18,UAE,organic,True
C012109,2026-09-18,India,organic,False
C012110,2026-09-18,Canada,google_ads,False
C012111,2026-09-18,Australia,google_ads,False
C012112,2026-09-18,India,organic,False
C012113,2026-09-18,India,marketplace,True
C012114,2026-09-18,United Kingdom,organic,False
C012115,2026-09-18,India,referral,True
C012116,2026-09-18,India,google_ads,True
C012117,2026-09-18,India,email,False
C012118,2026-09-18,India,referral,True
C012119,2026-09-18,India,instagram,True
C012120,2026-09-18,India,instagram,True
C012121,2026-09-18,India,marketplace,False
C012122,2026-09-18,India,organic,True
C012123,2026-09-18,India,organic,False
C012124,2026-09-18,India,email,False
C012125,2026-09-18,India,instagram,False
C012126,2026-09-19,India,google_ads,True
C012127,2026-09-19,India,google_ads,True
C012128,2026-09-19,UAE,instagram,True
C012129,2026-09-19,Australia,google_ads,False
C012130,2026-09-19,India,google_ads,True
C012131,2026-09-19,Australia,google_ads,True
C012132,2026-09-19,Germany,marketplace,True
C012133,2026-09-19,India,organic,False
C012134,2026-09-19,India,instagram,False
C012135,2026-09-19,Australia,google_ads,False
C012136,2026-09-19,United States,google_ads,True
C012137,2026-09-19,India,organic,True
C012138,2026-09-19,India,referral,True
C012139,2026-09-19,United Kingdom,organic,True
C012140,2026-09-19,India,google_ads,True
C012141,2026-09-19,India,referral,False
C012142,2026-09-19,United States,instagram,False
C012143,2026-09-19,United Kingdom,instagram,True
C012144,2026-09-19,Japan,google_ads,False
C012145,2026-09-20,India,referral,False
C012146,2026-09-20,India,organic,True
C012147,2026-09-20,Germany,organic,True
C012148,2026-09-20,United Kingdom,marketplace,True
C012149,2026-09-20,United States,referral,True
C012150,2026-09-20,Canada,organic,False
C012151,2026-09-20,India,organic,True
C012152,2026-09-20,United States,organic,True
C012153,2026-09-20,United States,marketplace,True
C012154,2026-09-20,India,google_ads,True
C012155,2026-09-20,India,organic,True
C012156,2026-09-21,United States,email,False
C012157,2026-09-21,Germany,organic,True
C012158,2026-09-21,United States,organic,False
C012159,2026-09-21,India,instagram,False
C012160,2026-09-21,India,email,True
C012161,2026-09-21,United States,organic,True
C012162,2026-09-21,India,instagram,True
C012163,2026-09-21,India,organic,False
C012164,2026-09-21,India,email,True
C012165,2026-09-21,India,email,True
C012166,2026-09-21,Japan,instagram,False
C012167,2026-09-21,India,organic,True
C012168,2026-09-21,India,instagram,False
C012169,2026-09-21,United States,google_ads,True
C012170,2026-09-21,India,instagram,False
C012171,2026-09-21,India,email,True
C012172,2026-09-21,Canada,instagram,True
C012173,2026-09-21,Japan,instagram,False
C012174,2026-09-21,United States,instagram,False
C012175,2026-09-21,Germany,google_ads,False
C012176,2026-09-22,India,google_ads,True
C012177,2026-09-22,India,email,False
C012178,2026-09-22,India,instagram,False
C012179,2026-09-22,United States,google_ads,True
C012180,2026-09-22,India,instagram,True
C012181,2026-09-22,India,instagram,True
C012182,2026-09-22,India,organic,False
C012183,2026-09-22,United States,instagram,True
C012184,2026-09-22,India,marketplace,True
C012185,2026-09-22,India,organic,True
C012186,2026-09-22,India,instagram,False
C012187,2026-09-22,India,instagram,False
C012188,2026-09-22,India,organic,False
C012189,2026-09-22,India,instagram,True
C012190,2026-09-22,Australia,organic,False
C012191,2026-09-22,India,instagram,False
C012192,2026-09-22,India,organic,False
C012193,2026-09-23,United Kingdom,instagram,True
C012194,2026-09-23,India,organic,True
C012195,2026-09-23,India,google_ads,False
C012196,2026-09-23,India,instagram,True
C012197,2026-09-23,India,organic,True
C012198,2026-09-23,India,google_ads,False
C012199,2026-09-23,Canada,google_ads,False
C012200,2026-09-23,United Kingdom,google_ads,False
C012201,2026-09-24,United States,instagram,False
C012202,2026-09-24,India,google_ads,False
C012203,2026-09-24,Canada,email,False
C012204,2026-09-24,United States,email,False
C012205,2026-09-24,India,google_ads,True
C012206,2026-09-24,India,instagram,True
C012207,2026-09-24,Japan,marketplace,True
C012208,2026-09-24,India,google_ads,False
C012209,2026-09-24,India,organic,True
C012210,2026-09-24,India,organic,True
C012211,2026-09-24,United States,instagram,True
C012212,2026-09-24,Australia,marketplace,True
C012213,2026-09-24,India,organic,True
C012214,2026-09-24,Japan,google_ads,True
C012215,2026-09-25,United States,email,True
C012216,2026-09-25,United States,organic,False
C012217,2026-09-25,India,google_ads,True
C012218,2026-09-25,Japan,organic,False
C012219,2026-09-25,India,instagram,False
C012220,2026-09-25,India,google_ads,True
C012221,2026-09-25,India,organic,False
C012222,2026-09-25,India,instagram,True
C012223,2026-09-25,India,email,False
C012224,2026-09-25,India,referral,True
C012225,2026-09-25,India,organic,False
C012226,2026-09-25,India,organic,False
C012227,2026-09-25,United States,google_ads,False
C012228,2026-09-26,Germany,organic,True
C012229,2026-09-26,India,referral,True
C012230,2026-09-26,Japan,referral,False
C012231,2026-09-26,India,google_ads,True
C012232,2026-09-26,India,organic,False
C012233,2026-09-26,Canada,organic,True
C012234,2026-09-26,Canada,referral,False
C012235,2026-09-26,India,organic,True
C012236,2026-09-26,United States,organic,False
C012237,2026-09-26,India,referral,True
C012238,2026-09-26,UAE,instagram,True
C012239,2026-09-26,India,instagram,False
C012240,2026-09-26,United Kingdom,organic,False
C012241,2026-09-26,United States,instagram,False
C012242,2026-09-26,United Kingdom,organic,False
C012243,2026-09-26,Germany,organic,True
C012244,2026-09-27,India,marketplace,True
C012245,2026-09-27,India,organic,True
C012246,2026-09-27,India,instagram,False
C012247,2026-09-27,Canada,instagram,True
C012248,2026-09-27,India,organic,True
C012249,2026-09-27,Germany,organic,True
C012250,2026-09-27,United Kingdom,google_ads,False
C012251,2026-09-27,United States,marketplace,False
C012252,2026-09-27,India,organic,True
C012253,2026-09-27,Japan,email,False
C012254,2026-09-27,India,instagram,False
C012255,2026-09-27,Japan,instagram,True
C012256,2026-09-27,United States,instagram,False
C012257,2026-09-27,India,organic,True
C012258,2026-09-27,India,google_ads,True
C012259,2026-09-27,India,instagram,False
C012260,2026-09-27,United Kingdom,instagram,True
C012261,2026-09-27,Canada,referral,True
C012262,2026-09-27,UAE,google_ads,False
C012263,2026-09-28,India,organic,True
C012264,2026-09-28,United Kingdom,email,True
C012265,2026-09-28,Germany,instagram,False
C012266,2026-09-28,India,organic,True
C012267,2026-09-28,India,organic,True
C012268,2026-09-28,India,instagram,False
C012269,2026-09-28,India,referral,False
C012270,2026-09-28,Germany,google_ads,True
C012271,2026-09-28,India,referral,True
C012272,2026-09-28,India,organic,False
C012273,2026-09-29,India,organic,True
C012274,2026-09-29,United States,marketplace,False
C012275,2026-09-29,Canada,google_ads,True
C012276,2026-09-29,Germany,referral,True
C012277,2026-09-29,Australia,marketplace,True
C012278,2026-09-29,United States,instagram,True
C012279,2026-09-29,India,email,True
C012280,2026-09-29,Australia,organic,True
C012281,2026-09-29,Japan,instagram,True
C012282,2026-09-29,India,marketplace,True
C012283,2026-09-29,United States,google_ads,False
C012284,2026-09-29,UAE,google_ads,True
C012285,2026-09-30,India,organic,True
C012286,2026-09-30,United Kingdom,organic,True
C012287,2026-09-30,United Kingdom,google_ads,False
C012288,2026-09-30,India,google_ads,False
C012289,2026-09-30,United Kingdom,organic,True
C012290,2026-09-30,India,organic,True
C012291,2026-09-30,India,organic,False
C012292,2026-09-30,Japan,email,False
C012293,2026-09-30,India,organic,True
C012294,2026-09-30,United Kingdom,organic,False
C012295,2026-09-30,India,instagram,False
C012296,2026-09-30,India,instagram,True
C012297,2026-09-30,India,instagram,False
C012298,2026-09-30,United States,marketplace,True
