order_id,product_id,quantity,unit_price
O000001,P004,1,64.0
O000002,P019,1,19.0
O000003,P016,1,36.0
O000003,P017,1,58.0
O000004,P001,1,129.0
O000005,P016,1,36.0
O000005,P010,1,39.0
O000006,P008,1,72.0
O000007,P006,1,22.0
O000008,P014,1,118.0
O000008,P016,1,36.0
O000009,P001,1,129.0
O000009,P022,1,54.0
O000010,P001,1,129.0
O000011,P021,1,62.0
O000012,P021,1,62.0
O000013,P016,1,36.0
O000013,P009,1,35.0
O000014,P018,3,24.0
O000015,P018,1,24.0
O000016,P001,1,129.0
O000016,P013,1,32.0
O000016,P015,1,76.0
O000017,P006,1,22.0
O000017,P013,2,32.0
O000018,P018,1,24.0
O000018,P004,1,64.0
O000019,P005,1,48.0
O000020,P006,1,22.0
O000021,P021,1,62.0
O000021,P023,1,98.0
O000022,P012,1,20.0
O000023,P018,1,24.0
O000023,P021,1,62.0
O000024,P021,1,62.0
O000024,P004,1,64.0
O000025,P004,1,64.0
O000026,P017,1,58.0
O000026,P022,1,54.0
O000026,P004,1,64.0
O000026,P019,1,19.0
O000027,P023,2,98.0
O000028,P006,1,22.0
O000029,P015,1,76.0
O000030,P013,1,32.0
O000031,P001,1,129.0
O000031,P020,1,28.0
O000032,P014,1,118.0
O000033,P015,1,76.0
O000034,P017,1,58.0
O000035,P021,1,62.0
O000035,P013,1,32.0
O000035,P018,1,24.0
O000036,P018,2,24.0
O000037,P017,1,58.0
O000037,P009,1,35.0
O000038,P009,1,35.0
O000039,P015,1,76.0
O000040,P008,1,72.0
O000041,P004,1,64.0
O000042,P007,1,41.0
O000043,P004,1,64.0
O000043,P017,1,58.0
O000043,P011,2,55.0
O000044,P018,1,24.0
O000044,P019,1,19.0
O000045,P016,1,36.0
O000045,P006,2,22.0
O000045,P019,1,19.0
O000046,P010,1,39.0
O000047,P006,1,22.0
O000048,P021,1,62.0
O000049,P018,1,24.0
O000050,P016,2,36.0
O000051,P002,1,169.0
O000052,P001,1,129.0
O000052,P013,1,32.0
O000052,P012,1,20.0
O000053,P017,1,58.0
O000054,P006,1,22.0
O000054,P014,1,118.0
O000055,P023,1,98.0
O000055,P009,1,35.0
O000056,P001,1,129.0
O000057,P013,1,32.0
O000057,P010,1,39.0
O000058,P010,1,39.0
O000059,P012,1,20.0
O000060,P018,1,24.0
O000060,P003,1,89.0
O000060,P006,3,22.0
O000061,P012,1,20.0
O000061,P006,1,22.0
O000061,P009,1,35.0
O000062,P013,1,32.0
O000063,P019,3,19.0
O000063,P020,3,28.0
O000064,P004,2,64.0
O000065,P003,1,89.0
O000065,P006,1,22.0
O000065,P019,1,19.0
O000066,P020,1,28.0
O000066,P018,1,24.0
O000066,P013,1,32.0
O000067,P004,2,64.0
O000068,P004,2,64.0
O000069,P001,1,129.0
O000069,P023,1,98.0
O000070,P012,1,20.0
O000070,P021,1,62.0
O000071,P009,1,35.0
O000071,P018,1,24.0
O000071,P010,1,39.0
O000072,P016,1,36.0
O000072,P001,1,129.0
O000073,P013,1,32.0
O000074,P015,2,76.0
O000074,P011,1,55.0
O000074,P021,1,62.0
O000075,P012,1,20.0
O000075,P006,1,22.0
O000076,P019,1,19.0
O000076,P004,1,64.0
O000077,P006,1,22.0
O000077,P020,1,28.0
O000078,P018,1,24.0
O000079,P006,1,22.0
O000079,P018,1,24.0
O000080,P005,1,48.0
O000081,P016,1,36.0
O000082,P012,1,20.0
O000082,P006,1,22.0
O000083,P006,2,22.0
O000084,P016,1,36.0
O000085,P006,1,22.0
O000086,P018,3,24.0
O000086,P013,1,32.0
O000087,P009,1,35.0
O000087,P010,1,39.0
O000087,P014,1,118.0
O000087,P004,2,64.0
O000088,P014,1,118.0
O000089,P018,1,24.0
O000090,P001,1,129.0
O000091,P009,1,35.0
O000091,P014,1,118.0
O000091,P006,1,22.0
O000092,P012,3,20.0
O000092,P014,1,118.0
O000093,P013,1,32.0
O000094,P013,1,32.0
O000095,P015,1,76.0
O000095,P011,3,55.0
O000095,P001,2,129.0
O000096,P013,2,32.0
O000097,P019,1,19.0
O000098,P017,1,58.0
O000098,P012,1,20.0
O000098,P009,1,35.0
O000098,P008,1,72.0
O000099,P023,1,98.0
O000099,P006,1,22.0
O000099,P002,1,169.0
O000100,P003,1,89.0
O000101,P006,1,22.0
O000102,P010,1,39.0
O000103,P006,1,22.0
O000103,P004,1,64.0
O000103,P022,1,54.0
O000104,P004,1,64.0
O000105,P005,1,48.0
O000106,P018,2,24.0
O000107,P001,1,129.0
O000108,P019,1,19.0
O000108,P020,1,28.0
O000108,P008,2,72.0
O000108,P010,1,39.0
O000109,P018,1,24.0
O000110,P006,1,22.0
O000111,P018,1,24.0
O000112,P023,1,98.0
O000112,P010,2,39.0
O000113,P021,1,62.0
O000113,P018,1,24.0
O000114,P018,2,24.0
O000114,P006,2,22.0
O000115,P011,1,55.0
O000115,P019,1,19.0
O000116,P006,1,22.0
O000116,P018,1,24.0
O000116,P016,1,36.0
O000117,P019,1,19.0
O000118,P001,1,129.0
O000118,P006,1,22.0
O000119,P018,1,24.0
O000119,P020,1,28.0
O000119,P006,1,22.0
O000120,P006,1,22.0
O000120,P020,1,28.0
O000121,P003,3,89.0
O000122,P011,1,55.0
O000122,P009,1,35.0
O000123,P006,1,22.0
O000124,P012,2,20.0
O000125,P017,1,58.0
O000125,P001,1,129.0
O000126,P018,1,24.0
O000127,P021,1,62.0
O000127,P006,1,22.0
O000127,P013,1,32.0
O000128,P010,1,39.0
O000128,P018,1,24.0
O000129,P016,1,36.0
O000130,P018,2,24.0
O000131,P012,1,20.0
O000131,P007,1,41.0
O000131,P009,1,35.0
O000132,P015,1,76.0
O000133,P021,2,62.0
O000134,P010,1,39.0
O000134,P014,1,118.0
O000135,P006,1,22.0
O000136,P023,1,98.0
O000136,P004,1,64.0
O000137,P022,1,54.0
O000138,P010,1,39.0
O000139,P018,1,24.0
O000140,P001,1,129.0
O000140,P015,1,76.0
O000140,P018,1,24.0
O000141,P008,3,72.0
O000141,P012,1,20.0
O000142,P021,1,62.0
O000143,P005,1,48.0
O000143,P008,1,72.0
O000143,P001,1,129.0
O000143,P009,1,35.0
O000144,P001,1,129.0
O000145,P018,1,24.0
O000146,P003,1,89.0
O000146,P016,1,36.0
O000147,P010,2,39.0
O000148,P014,1,118.0
O000149,P014,2,118.0
O000149,P006,1,22.0
O000150,P020,1,28.0
O000150,P005,1,48.0
O000150,P008,1,72.0
O000151,P021,1,62.0
O000151,P008,1,72.0
O000151,P009,1,35.0
O000152,P018,1,24.0
O000152,P019,1,19.0
O000152,P004,1,64.0
O000153,P013,1,32.0
O000154,P012,1,20.0
O000154,P003,1,89.0
O000154,P014,1,118.0
O000154,P004,2,64.0
O000155,P019,1,19.0
O000156,P017,1,58.0
O000156,P015,1,76.0
O000156,P008,1,72.0
O000156,P007,1,41.0
O000157,P020,1,28.0
O000157,P023,1,98.0
O000158,P006,3,22.0
O000159,P019,1,19.0
O000159,P009,1,35.0
O000160,P019,1,19.0
O000160,P003,2,89.0
O000160,P001,1,129.0
O000161,P020,1,28.0
O000162,P004,2,64.0
O000163,P002,1,169.0
O000163,P018,1,24.0
O000163,P003,1,89.0
O000163,P015,1,76.0
O000164,P013,1,32.0
O000165,P002,2,169.0
O000166,P018,1,24.0
O000166,P017,1,58.0
O000167,P012,1,20.0
O000168,P015,1,76.0
O000169,P015,1,76.0
O000169,P008,2,72.0
O000170,P004,1,64.0
O000171,P020,1,28.0
O000171,P013,1,32.0
O000171,P005,1,48.0
O000172,P022,1,54.0
O000173,P005,1,48.0
O000173,P008,1,72.0
O000173,P007,2,41.0
O000173,P013,1,32.0
O000174,P001,1,129.0
O000175,P021,1,62.0
O000176,P016,2,36.0
O000176,P004,1,64.0
O000176,P007,1,41.0
O000177,P016,1,36.0
O000178,P019,2,19.0
O000178,P022,1,54.0
O000178,P006,1,22.0
O000179,P006,1,22.0
O000180,P019,1,19.0
O000180,P023,1,98.0
O000181,P006,1,22.0
O000182,P012,1,20.0
O000183,P006,2,22.0
O000183,P013,1,32.0
O000184,P016,1,36.0
O000184,P013,1,32.0
O000184,P009,1,35.0
O000185,P023,1,98.0
O000186,P020,1,28.0
O000187,P005,1,48.0
O000187,P018,1,24.0
O000188,P019,1,19.0
O000188,P017,1,58.0
O000189,P018,2,24.0
O000190,P009,1,35.0
O000190,P006,1,22.0
O000191,P012,1,20.0
O000191,P006,1,22.0
O000192,P018,1,24.0
O000193,P008,2,72.0
O000193,P018,1,24.0
O000194,P013,2,32.0
O000195,P001,1,129.0
O000196,P015,1,76.0
O000196,P023,1,98.0
O000196,P003,1,89.0
O000196,P021,1,62.0
O000197,P004,1,64.0
O000197,P013,1,32.0
O000198,P015,1,76.0
O000199,P003,1,89.0
O000200,P004,1,64.0
O000200,P018,1,24.0
O000200,P021,1,
O000201,P006,1,22.0
O000201,P013,1,32.0
O000202,P017,1,58.0
O000202,P019,1,19.0
O000203,P013,1,32.0
O000204,P015,1,76.0
O000204,P004,1,64.0
O000205,P009,1,35.0
O000206,P006,3,22.0
O000207,P012,2,20.0
O000207,P016,1,36.0
O000207,P021,1,62.0
O000207,P006,1,22.0
O000208,P009,1,35.0
O000208,P011,1,55.0
O000208,P010,1,39.0
O000209,P006,1,22.0
O000210,P019,1,19.0
O000210,P022,1,54.0
O000210,P012,1,20.0
O000211,P005,1,48.0
O000211,P021,1,62.0
O000212,P008,1,72.0
O000213,P017,1,58.0
O000214,P017,1,58.0
O000214,P019,1,19.0
O000215,P023,2,98.0
O000216,P019,1,19.0
O000216,P004,1,64.0
O000217,P021,2,62.0
O000217,P015,1,76.0
O000218,P001,1,129.0
O000219,P012,1,20.0
O000219,P011,1,55.0
O000220,P004,1,64.0
O000221,P003,1,89.0
O000221,P008,1,72.0
O000222,P015,1,76.0
O000222,P016,1,36.0
O000222,P017,1,58.0
O000223,P015,1,76.0
O000223,P010,1,39.0
O000224,P021,1,62.0
O000225,P003,2,89.0
O000225,P021,1,62.0
O000226,P015,1,76.0
O000226,P019,1,19.0
O000227,P007,1,41.0
O000227,P013,1,32.0
O000227,P008,1,72.0
O000228,P013,1,32.0
O000229,P016,1,36.0
O000230,P012,2,20.0
O000230,P022,2,54.0
O000230,P007,1,41.0
O000231,P018,2,24.0
O000232,P008,1,72.0
O000233,P018,1,24.0
O000234,P001,1,129.0
O000234,P007,1,41.0
O000235,P021,1,62.0
O000235,P013,1,32.0
O000236,P019,1,19.0
O000237,P017,1,58.0
O000237,P014,1,118.0
O000238,P013,1,32.0
O000239,P001,1,129.0
O000240,P006,1,22.0
O000240,P008,3,72.0
O000240,P012,1,20.0
O000241,P013,1,32.0
O000241,P017,2,58.0
O000242,P011,1,55.0
O000243,P009,1,35.0
O000243,P012,1,20.0
O000244,P007,1,41.0
O000245,P015,2,76.0
O000246,P016,2,36.0
O000246,P014,1,118.0
O000247,P013,1,32.0
O000247,P007,1,41.0
O000248,P006,1,22.0
O000249,P010,1,39.0
O000250,P014,1,118.0
O000251,P015,1,76.0
O000251,P009,1,35.0
O000251,P001,1,129.0
O000252,P004,1,64.0
O000253,P018,1,24.0
O000253,P021,1,62.0
O000254,P021,3,62.0
O000254,P014,1,118.0
O000254,P004,1,64.0
O000255,P006,1,22.0
O000255,P019,1,19.0
O000256,P023,1,98.0
O000257,P018,1,24.0
O000257,P011,1,55.0
O000258,P017,1,58.0
O000259,P008,1,72.0
O000260,P016,1,36.0
O000261,P009,1,
O000262,P001,1,129.0
O000263,P023,1,98.0
O000264,P019,1,19.0
O000264,P021,1,62.0
O000264,P006,1,22.0
O000264,P004,2,64.0
O000265,P016,1,36.0
O000266,P013,1,32.0
O000267,P021,1,62.0
O000268,P005,1,48.0
O000269,P015,3,76.0
O000270,P004,1,64.0
O000271,P003,1,89.0
O000271,P011,1,55.0
O000272,P001,1,129.0
O000273,P004,1,64.0
O000274,P006,1,22.0
O000274,P005,2,48.0
O000275,P004,1,64.0
O000276,P006,1,22.0
O000277,P010,1,39.0
O000277,P018,1,24.0
O000277,P022,1,54.0
O000278,P010,1,39.0
O000279,P015,1,76.0
O000280,P021,1,62.0
O000280,P007,1,41.0
O000281,P018,1,24.0
O000282,P012,1,20.0
O000283,P018,1,24.0
O000283,P009,1,35.0
O000284,P014,1,118.0
O000285,P001,1,129.0
O000286,P020,1,28.0
O000287,P006,1,22.0
O000288,P005,1,48.0
O000288,P001,1,129.0
O000289,P002,1,169.0
O000289,P005,2,48.0
O000290,P006,1,22.0
O000291,P022,1,54.0
O000292,P012,1,20.0
O000292,P018,1,24.0
O000292,P019,2,19.0
O000292,P006,1,22.0
O000293,P015,1,76.0
O000293,P003,1,89.0
O000293,P002,1,169.0
O000293,P014,1,118.0
O000294,P021,1,62.0
O000295,P013,1,32.0
O000295,P015,1,76.0
O000296,P012,1,20.0
O000297,P018,1,24.0
O000297,P019,1,19.0
O000297,P013,1,32.0
O000298,P016,3,36.0
O000299,P015,1,76.0
O000300,P008,1,72.0
O000300,P004,1,64.0
O000300,P017,1,58.0
O000301,P001,1,129.0
O000301,P006,1,22.0
O000302,P004,1,64.0
O000302,P006,1,22.0
O000303,P001,1,129.0
O000304,P010,1,39.0
O000305,P013,1,32.0
O000306,P018,1,24.0
O000307,P012,1,20.0
O000308,P008,1,72.0
O000308,P015,2,76.0
O000309,P017,1,58.0
O000309,P014,1,118.0
O000309,P016,1,36.0
O000310,P001,3,129.0
O000311,P006,1,22.0
O000311,P018,1,24.0
O000312,P013,1,32.0
O000313,P018,3,24.0
O000313,P019,1,19.0
O000314,P023,1,98.0
O000315,P006,2,22.0
O000315,P004,1,64.0
O000315,P023,1,98.0
O000316,P004,1,64.0
O000316,P015,1,76.0
O000316,P019,1,19.0
O000317,P001,1,129.0
O000318,P004,1,64.0
O000319,P018,1,24.0
O000320,P019,2,19.0
O000321,P006,1,22.0
O000322,P009,1,35.0
O000323,P006,1,22.0
O000323,P018,1,24.0
O000324,P013,1,32.0
O000324,P010,2,39.0
O000324,P023,1,98.0
O000325,P010,1,39.0
O000325,P001,1,129.0
O000326,P008,1,72.0
O000326,P018,1,24.0
O000326,P004,1,64.0
O000327,P012,1,20.0
O000328,P001,1,129.0
O000329,P010,1,39.0
O000330,P020,1,28.0
O000331,P018,1,24.0
O000331,P004,2,64.0
O000332,P006,1,22.0
O000333,P004,1,64.0
O000334,P011,1,55.0
O000335,P014,1,118.0
O000335,P020,1,28.0
O000336,P010,1,39.0
O000336,P009,2,35.0
O000336,P004,1,64.0
O000337,P004,1,64.0
O000337,P009,1,35.0
O000338,P006,1,22.0
O000338,P018,3,24.0
O000339,P006,1,22.0
O000340,P006,1,22.0
O000341,P001,2,129.0
O000342,P018,1,24.0
O000342,P005,1,48.0
O000343,P013,1,32.0
O000344,P015,1,76.0
O000345,P004,1,64.0
O000346,P013,3,32.0
O000347,P018,1,24.0
O000348,P018,1,24.0
O000348,P019,1,19.0
O000349,P018,1,24.0
O000349,P021,2,62.0
O000350,P006,2,22.0
O000351,P015,1,76.0
O000351,P014,2,118.0
O000352,P002,1,169.0
O000353,P009,1,35.0
O000353,P018,1,24.0
O000354,P001,1,129.0
O000355,P013,2,32.0
O000356,P013,1,32.0
O000356,P006,1,22.0
O000357,P006,2,22.0
O000358,P003,1,89.0
O000359,P005,1,48.0
O000359,P004,1,64.0
O000360,P002,1,169.0
O000361,P020,1,28.0
O000362,P013,1,32.0
O000363,P016,1,36.0
O000364,P001,2,129.0
O000364,P004,1,64.0
O000364,P016,1,36.0
O000365,P001,2,129.0
O000366,P021,1,62.0
O000366,P014,1,118.0
O000367,P004,3,64.0
O000368,P018,1,24.0
O000368,P005,1,48.0
O000369,P008,1,72.0
O000370,P006,0,22.0
O000371,P004,1,64.0
O000371,P009,1,35.0
O000371,P013,2,32.0
O000372,P003,1,89.0
O000372,P018,2,24.0
O000373,P011,1,55.0
O000374,P004,1,64.0
O000375,P021,1,62.0
O000376,P009,1,35.0
O000377,P019,1,19.0
O000378,P010,1,39.0
O000379,P005,1,48.0
O000380,P008,1,72.0
O000380,P019,1,19.0
O000381,P008,1,72.0
O000382,P014,1,118.0
O000383,P021,1,62.0
O000383,P013,1,32.0
O000383,P002,1,169.0
O000384,P008,1,72.0
O000385,P005,1,48.0
O000386,P009,1,35.0
O000387,P020,1,28.0
O000388,P004,1,64.0
O000389,P021,1,62.0
O000390,P006,1,22.0
O000391,P018,1,24.0
O000392,P023,1,98.0
O000393,P002,1,169.0
O000393,P020,2,28.0
O000394,P015,1,76.0
O000394,P016,1,36.0
O000394,P021,1,62.0
O000395,P018,1,24.0
O000396,P021,1,62.0
O000396,P012,1,20.0
O000397,P013,1,32.0
O000397,P017,3,58.0
O000398,P016,1,36.0
O000398,P004,1,64.0
O000399,P017,1,58.0
O000400,P006,1,22.0
O000401,P018,1,24.0
O000402,P008,1,72.0
O000403,P023,1,98.0
O000403,P019,1,19.0
O000404,P016,1,36.0
O000404,P008,1,72.0
O000405,P017,1,58.0
O000406,P019,1,19.0
O000407,P019,1,19.0
O000408,P013,1,32.0
O000409,P014,1,118.0
O000410,P006,1,22.0
O000411,P009,1,35.0
O000411,P016,1,36.0
O000412,P008,1,72.0
O000412,P001,1,129.0
O000413,P022,1,54.0
O000413,P006,1,22.0
O000413,P018,1,24.0
O000413,P009,1,35.0
O000414,P022,1,54.0
O000414,P021,1,62.0
O000415,P016,2,36.0
O000416,P023,1,98.0
O000416,P013,1,32.0
O000417,P014,1,118.0
O000418,P004,2,64.0
O000419,P014,1,118.0
O000420,P023,1,98.0
O000420,P009,1,35.0
O000421,P009,1,35.0
O000422,P009,1,35.0
O000423,P008,1,72.0
O000424,P016,1,36.0
O000424,P018,2,24.0
O000425,P021,1,62.0
O000426,P010,1,39.0
O000426,P009,1,35.0
O000426,P011,1,55.0
O000426,P023,1,98.0
O000427,P019,1,19.0
O000427,P004,1,64.0
O000428,P004,1,64.0
O000429,P016,1,36.0
O000430,P021,1,62.0
O000431,P001,1,129.0
O000432,P021,2,62.0
O000433,P003,1,89.0
O000433,P018,1,24.0
O000434,P018,1,24.0
O000435,P021,1,62.0
O000435,P023,1,98.0
O000435,P004,1,64.0
O000436,P017,1,58.0
O000437,P019,1,19.0
O000438,P018,1,24.0
O000439,P006,1,22.0
O000440,P004,3,64.0
O000441,P018,1,24.0
O000442,P018,1,24.0
O000443,P003,1,89.0
O000443,P001,1,129.0
O000444,P019,1,19.0
O000445,P007,1,41.0
O000445,P013,1,32.0
O000446,P019,1,19.0
O000447,P010,1,39.0
O000447,P006,1,22.0
O000448,P016,1,36.0
O000449,P018,1,24.0
O000449,P001,1,129.0
O000449,P021,1,62.0
O000450,P011,3,55.0
O000450,P002,1,169.0
O000450,P006,1,22.0
O000450,P008,1,72.0
O000451,P018,2,24.0
O000452,P017,1,58.0
O000453,P012,1,20.0
O000454,P016,1,36.0
O000455,P012,1,20.0
O000456,P006,1,22.0
O000457,P001,1,129.0
O000458,P001,1,129.0
O000459,P018,1,24.0
O000460,P003,1,89.0
O000461,P018,2,24.0
O000461,P010,1,39.0
O000461,P008,1,72.0
O000462,P016,1,36.0
O000463,P020,1,28.0
O000463,P014,1,118.0
O000463,P012,2,20.0
O000464,P012,1,20.0
O000465,P002,1,169.0
O000466,P011,2,55.0
O000466,P003,1,89.0
O000466,P018,1,24.0
O000467,P009,1,35.0
O000468,P015,1,76.0
O000469,P015,1,76.0
O000469,P013,1,32.0
O000470,P010,1,39.0
O000470,P018,1,24.0
O000470,P005,1,48.0
O000471,P014,1,118.0
O000472,P002,1,169.0
O000473,P006,2,22.0
O000474,P006,2,22.0
O000475,P016,1,36.0
O000476,P018,2,24.0
O000477,P021,1,62.0
O000478,P023,1,98.0
O000478,P009,1,35.0
O000479,P010,1,39.0
O000479,P013,1,32.0
O000480,P014,1,118.0
O000480,P002,1,169.0
O000480,P006,1,22.0
O000481,P015,1,76.0
O000482,P014,1,118.0
O000483,P006,1,22.0
O000483,P018,2,24.0
O000484,P006,2,22.0
O000485,P013,1,32.0
O000485,P020,1,28.0
O000486,P006,1,22.0
O000486,P022,1,54.0
O000487,P015,2,76.0
O000488,P021,1,62.0
O000488,P016,1,36.0
O000488,P006,2,22.0
O000489,P013,1,32.0
O000490,P018,1,24.0
O000490,P006,1,22.0
O000491,P008,1,72.0
O000492,P013,2,
O000492,P018,1,24.0
O000493,P012,2,20.0
O000494,P004,1,64.0
O000494,P010,1,39.0
O000495,P014,1,118.0
O000495,P018,1,24.0
O000495,P019,1,19.0
O000495,P022,1,54.0
O000496,P017,1,58.0
O000497,P010,1,39.0
O000498,P020,1,28.0
O000499,P013,1,32.0
O000499,P018,1,24.0
O000500,P016,1,36.0
O000501,P015,1,76.0
O000502,P013,1,32.0
O000502,P019,1,19.0
O000503,P002,1,169.0
O000504,P013,1,32.0
O000505,P023,1,98.0
O000505,P012,1,20.0
O000505,P008,1,72.0
O000506,P009,1,35.0
O000506,P020,1,28.0
O000507,P013,1,32.0
O000508,P007,1,41.0
O000509,P021,1,62.0
O000509,P007,1,41.0
O000510,P004,1,64.0
O000511,P008,3,72.0
O000512,P014,1,118.0
O000512,P015,1,76.0
O000512,P006,1,22.0
O000513,P013,1,32.0
O000514,P003,1,89.0
O000515,P012,1,20.0
O000516,P012,1,20.0
O000516,P014,2,118.0
O000517,P013,1,32.0
O000518,P001,1,129.0
O000519,P001,1,129.0
O000519,P013,1,32.0
O000520,P017,1,58.0
O000521,P005,1,48.0
O000522,P009,1,35.0
O000523,P013,1,32.0
O000523,P008,2,72.0
O000523,P002,1,169.0
O000523,P004,1,64.0
O000524,P011,1,55.0
O000525,P023,2,98.0
O000526,P023,1,98.0
O000527,P004,1,64.0
O000528,P001,1,129.0
O000529,P009,1,35.0
O000530,P010,3,39.0
O000531,P010,1,39.0
O000531,P012,2,20.0
O000531,P013,2,32.0
O000532,P016,1,36.0
O000533,P014,1,118.0
O000534,P018,1,24.0
O000535,P019,1,19.0
O000536,P018,1,24.0
O000537,P007,2,41.0
O000537,P018,1,24.0
O000538,P014,1,118.0
O000539,P003,2,89.0
O000540,P022,1,54.0
O000541,P009,1,35.0
O000541,P006,1,22.0
O000541,P005,1,48.0
O000542,P017,1,58.0
O000542,P006,1,22.0
O000543,P018,1,24.0
O000544,P018,2,24.0
O000544,P008,1,72.0
O000545,P012,1,20.0
O000545,P006,1,22.0
O000546,P005,1,48.0
O000547,P006,1,22.0
O000547,P001,1,129.0
O000547,P008,1,72.0
O000548,P014,2,118.0
O000548,P003,1,89.0
O000549,P007,1,41.0
O000549,P013,1,32.0
O000550,P006,1,22.0
O000550,P021,1,62.0
O000551,P021,1,62.0
O000552,P004,1,64.0
O000552,P013,1,32.0
O000553,P006,2,22.0
O000553,P021,1,62.0
O000554,P004,1,64.0
O000555,P013,1,32.0
O000555,P018,1,24.0
O000556,P006,1,22.0
O000556,P022,1,54.0
O000557,P019,1,19.0
O000558,P023,1,98.0
O000558,P013,1,32.0
O000559,P006,1,22.0
O000559,P013,2,32.0
O000560,P012,3,20.0
O000560,P001,1,129.0
O000560,P006,1,22.0
O000560,P023,1,98.0
O000561,P023,1,98.0
O000562,P001,1,129.0
O000562,P006,1,22.0
O000563,P009,1,35.0
O000563,P014,1,118.0
O000564,P006,1,22.0
O000564,P010,1,39.0
O000565,P003,1,89.0
O000565,P013,1,32.0
O000566,P006,1,22.0
O000567,P006,1,22.0
O000567,P015,1,76.0
O000567,P007,1,41.0
O000567,P009,2,35.0
O000568,P014,1,118.0
O000568,P010,1,39.0
O000568,P018,1,24.0
O000569,P020,2,28.0
O000569,P004,1,64.0
O000570,P002,1,169.0
O000571,P003,1,89.0
O000572,P017,1,58.0
O000572,P006,2,22.0
O000572,P009,1,35.0
O000572,P010,1,39.0
O000573,P021,1,62.0
O000573,P012,1,20.0
O000574,P016,1,36.0
O000575,P008,1,72.0
O000575,P011,1,55.0
O000575,P001,2,129.0
O000576,P006,1,22.0
O000576,P016,1,36.0
O000577,P002,2,169.0
O000578,P005,2,48.0
O000579,P006,1,22.0
O000580,P005,1,48.0
O000581,P013,1,32.0
O000582,P020,1,28.0
O000582,P016,1,36.0
O000583,P022,1,54.0
O000583,P008,1,72.0
O000584,P018,2,24.0
O000585,P016,1,36.0
O000586,P016,1,36.0
O000586,P013,1,32.0
O000586,P021,1,62.0
O000587,P007,1,41.0
O000588,P002,1,169.0
O000588,P018,2,24.0
O000588,P017,1,58.0
O000589,P015,1,76.0
O000590,P004,1,64.0
O000590,P006,1,22.0
O000590,P005,3,48.0
O000591,P018,1,24.0
O000591,P004,1,64.0
O000592,P018,2,24.0
O000592,P015,1,76.0
O000593,P001,1,129.0
O000594,P018,1,24.0
O000595,P018,1,24.0
O000596,P014,1,118.0
O000596,P016,1,36.0
O000597,P013,1,32.0
O000598,P008,1,72.0
O000599,P005,1,48.0
O000600,P016,1,36.0
O000601,P004,1,64.0
O000601,P015,2,76.0
O000602,P018,1,24.0
O000603,P001,1,129.0
O000604,P002,1,169.0
O000605,P009,1,35.0
O000606,P016,1,36.0
O000607,P018,1,24.0
O000607,P004,1,64.0
O000608,P014,1,118.0
O000608,P003,1,89.0
O000608,P022,1,54.0
O000608,P016,1,36.0
O000609,P008,2,72.0
O000609,P018,2,24.0
O000610,P020,1,28.0
O000610,P019,2,19.0
O000611,P016,1,36.0
O000612,P004,1,64.0
O000613,P002,1,169.0
O000613,P012,1,20.0
O000614,P005,1,48.0
O000614,P012,2,20.0
O000615,P018,1,24.0
O000615,P006,1,22.0
O000616,P018,1,24.0
O000617,P018,1,24.0
O000617,P010,1,39.0
O000617,P001,1,129.0
O000618,P006,2,22.0
O000618,P001,1,129.0
O000618,P011,1,55.0
O000619,P008,2,72.0
O000620,P009,1,35.0
O000621,P001,2,129.0
O000622,P001,1,129.0
O000622,P009,1,35.0
O000622,P020,1,28.0
O000622,P005,2,48.0
O000623,P004,1,64.0
O000623,P013,1,32.0
O000624,P008,2,72.0
O000624,P023,1,98.0
O000625,P010,1,39.0
O000625,P020,2,28.0
O000625,P012,1,20.0
O000626,P009,1,35.0
O000626,P003,1,89.0
O000626,P014,2,118.0
O000626,P021,1,62.0
O000627,P015,1,76.0
O000628,P012,1,20.0
O000629,P006,1,22.0
O000630,P009,1,35.0
O000630,P019,1,19.0
O000630,P022,1,54.0
O000631,P013,1,32.0
O000631,P015,1,76.0
O000632,P009,1,35.0
O000633,P014,1,118.0
O000633,P012,1,20.0
O000634,P018,1,24.0
O000635,P012,1,20.0
O000635,P007,1,41.0
O000636,P001,1,129.0
O000637,P023,1,98.0
O000637,P018,1,24.0
O000637,P005,1,48.0
O000637,P008,1,72.0
O000638,P009,1,35.0
O000639,P018,1,24.0
O000639,P006,1,22.0
O000640,P004,2,64.0
O000640,P017,2,58.0
O000640,P012,2,20.0
O000641,P008,2,72.0
O000642,P014,1,118.0
O000642,P010,2,39.0
O000642,P003,1,89.0
O000643,P014,1,118.0
O000644,P021,2,62.0
O000645,P002,1,169.0
O000646,P018,2,24.0
O000646,P017,1,58.0
O000647,P012,2,20.0
O000648,P013,1,32.0
O000648,P006,1,22.0
O000649,P012,1,20.0
O000649,P004,1,64.0
O000650,P001,1,129.0
O000651,P012,1,20.0
O000651,P018,1,24.0
O000652,P006,1,22.0
O000653,P019,3,19.0
O000653,P001,1,129.0
O000653,P006,1,22.0
O000653,P004,1,64.0
O000654,P023,1,98.0
O000655,P013,2,32.0
O000655,P022,1,54.0
O000656,P006,1,22.0
O000656,P016,1,36.0
O000656,P015,1,76.0
O000656,P005,1,48.0
O000657,P008,1,72.0
O000658,P016,2,36.0
O000659,P013,1,32.0
O000660,P001,1,129.0
O000661,P016,1,36.0
O000661,P013,1,32.0
O000662,P016,1,36.0
O000663,P017,1,58.0
O000664,P016,1,36.0
O000665,P002,1,169.0
O000666,P006,2,22.0
O000666,P009,1,35.0
O000667,P004,1,64.0
O000667,P020,2,28.0
O000668,P018,2,24.0
O000668,P010,1,39.0
O000668,P002,1,169.0
O000669,P022,2,54.0
O000670,P004,1,64.0
O000671,P006,2,22.0
O000671,P015,1,76.0
O000672,P014,1,118.0
O000673,P015,1,76.0
O000674,P016,1,36.0
O000675,P018,1,24.0
O000675,P004,1,64.0
O000676,P004,1,64.0
O000677,P002,1,169.0
O000677,P010,1,39.0
O000678,P019,1,19.0
O000679,P017,1,58.0
O000680,P013,1,32.0
O000681,P013,1,32.0
O000681,P012,1,20.0
O000682,P006,1,22.0
O000682,P004,1,64.0
O000683,P001,1,129.0
O000683,P021,1,62.0
O000684,P012,1,20.0
O000684,P015,1,76.0
O000685,P009,1,35.0
O000686,P002,1,169.0
O000687,P018,1,24.0
O000688,P016,1,36.0
O000689,P015,1,76.0
O000690,P003,1,89.0
O000690,P008,3,72.0
O000691,P004,1,64.0
O000692,P009,3,35.0
O000693,P006,1,22.0
O000693,P017,1,58.0
O000694,P003,2,89.0
O000694,P023,2,98.0
O000695,P023,1,98.0
O000696,P019,1,19.0
O000696,P012,2,20.0
O000696,P018,1,24.0
O000696,P002,2,169.0
O000697,P017,1,58.0
O000697,P013,1,32.0
O000698,P010,2,39.0
O000699,P003,1,89.0
O000699,P009,1,35.0
O000699,P019,1,19.0
O000700,P018,1,24.0
O000701,P008,1,72.0
O000702,P022,2,54.0
O000703,P006,2,22.0
O000703,P016,1,36.0
O000704,P012,1,20.0
O000705,P014,1,118.0
O000705,P012,1,20.0
O000706,P018,1,24.0
O000706,P017,1,58.0
O000707,P018,1,24.0
O000708,P009,1,35.0
O000709,P021,1,62.0
O000710,P015,1,76.0
O000710,P008,1,72.0
O000710,P004,1,64.0
O000711,P012,1,20.0
O000711,P003,1,89.0
O000711,P007,1,41.0
O000712,P019,1,19.0
O000713,P008,3,72.0
O000713,P012,1,20.0
O000714,P018,1,24.0
O000715,P022,1,54.0
O000716,P012,1,20.0
O000716,P016,1,36.0
O000717,P001,1,129.0
O000718,P012,1,20.0
O000719,P004,1,64.0
O000720,P007,3,41.0
O000721,P018,1,24.0
O000722,P015,3,76.0
O000723,P014,1,118.0
O000724,P006,1,22.0
O000724,P015,1,76.0
O000725,P018,1,24.0
O000725,P009,1,35.0
O000726,P013,1,32.0
O000726,P018,1,24.0
O000727,P010,1,39.0
O000727,P023,1,98.0
O000727,P016,1,36.0
O000728,P012,1,20.0
O000728,P004,1,64.0
O000728,P018,1,24.0
O000729,P009,1,35.0
O000729,P002,1,169.0
O000729,P018,1,24.0
O000730,P009,1,35.0
O000731,P015,1,76.0
O000731,P023,1,98.0
O000732,P018,1,24.0
O000732,P019,1,19.0
O000733,P009,1,35.0
O000733,P007,2,41.0
O000734,P004,3,64.0
O000734,P007,1,41.0
O000735,P015,1,76.0
O000735,P008,1,72.0
O000735,P012,1,20.0
O000735,P018,1,24.0
O000736,P018,1,24.0
O000736,P005,1,48.0
O000736,P015,1,76.0
O000736,P007,1,41.0
O000737,P018,1,24.0
O000738,P018,1,24.0
O000739,P023,1,98.0
O000740,P001,1,129.0
O000740,P013,1,32.0
O000741,P017,3,58.0
O000742,P013,1,32.0
O000742,P012,1,20.0
O000743,P023,2,98.0
O000744,P007,2,41.0
O000745,P009,1,35.0
O000745,P014,1,118.0
O000745,P007,1,41.0
O000746,P013,1,32.0
O000746,P015,1,76.0
O000747,P015,1,76.0
O000747,P006,1,22.0
O000748,P015,1,76.0
O000749,P023,1,98.0
O000749,P011,1,55.0
O000750,P020,1,28.0
O000750,P006,1,22.0
O000750,P013,1,32.0
O000751,P004,1,64.0
O000752,P016,2,36.0
O000752,P021,1,62.0
O000753,P020,1,28.0
O000753,P008,1,72.0
O000753,P006,1,22.0
O000754,P021,2,62.0
O000755,P013,1,32.0
O000755,P012,1,20.0
O000755,P023,2,98.0
O000756,P015,1,76.0
O000757,P023,1,98.0
O000758,P020,1,28.0
O000759,P018,1,24.0
O000760,P006,1,22.0
O000760,P017,1,58.0
O000761,P018,2,24.0
O000762,P019,1,19.0
O000763,P008,2,72.0
O000764,P005,1,48.0
O000765,P011,1,55.0
O000766,P006,3,22.0
O000766,P004,1,64.0
O000767,P016,1,36.0
O000768,P019,1,19.0
O000768,P004,1,64.0
O000768,P006,1,22.0
O000769,P014,1,118.0
O000769,P012,2,20.0
O000769,P010,1,39.0
O000770,P003,1,89.0
O000771,P003,1,89.0
O000771,P016,1,36.0
O000772,P019,1,19.0
O000773,P017,1,58.0
O000774,P004,1,64.0
O000774,P018,1,24.0
O000775,P012,1,20.0
O000776,P016,1,36.0
O000777,P003,1,89.0
O000778,P004,1,64.0
O000779,P018,1,24.0
O000779,P014,2,118.0
O000780,P008,1,72.0
O000781,P023,2,98.0
O000781,P015,1,76.0
O000782,P016,1,36.0
O000783,P004,1,64.0
O000784,P015,1,76.0
O000784,P018,1,24.0
O000785,P013,1,32.0
O000786,P016,1,36.0
O000786,P018,3,24.0
O000786,P017,1,58.0
O000787,P018,1,24.0
O000788,P002,1,169.0
O000789,P006,1,22.0
O000790,P001,1,129.0
O000791,P013,2,32.0
O000792,P016,1,36.0
O000793,P001,2,129.0
O000794,P014,1,118.0
O000795,P002,1,169.0
O000796,P016,1,36.0
O000797,P023,1,98.0
O000798,P018,1,24.0
O000798,P023,2,98.0
O000799,P023,1,98.0
O000799,P018,1,24.0
O000799,P005,1,48.0
O000800,P003,3,89.0
O000800,P006,1,22.0
O000801,P008,1,72.0
O000802,P008,1,72.0
O000802,P016,1,36.0
O000802,P012,1,20.0
O000802,P004,1,64.0
O000803,P008,1,72.0
O000803,P018,1,24.0
O000804,P009,1,35.0
O000805,P005,1,48.0
O000806,P015,1,76.0
O000807,P018,1,24.0
O000808,P010,3,39.0
O000809,P014,1,118.0
O000809,P016,2,36.0
O000810,P001,1,129.0
O000810,P005,1,48.0
O000811,P016,1,36.0
O000812,P012,1,20.0
O000812,P008,1,72.0
O000813,P023,2,98.0
O000813,P012,3,20.0
O000814,P006,1,22.0
O000814,P012,1,20.0
O000815,P021,2,62.0
O000816,P020,-1,28.0
O000817,P008,1,72.0
O000818,P015,1,76.0
O000819,P004,1,64.0
O000820,P006,1,22.0
O000821,P016,1,36.0
O000821,P023,1,98.0
O000822,P015,1,76.0
O000822,P004,2,64.0
O000823,P015,1,76.0
O000824,P018,1,24.0
O000825,P013,1,32.0
O000826,P013,1,32.0
O000826,P006,1,22.0
O000826,P011,1,55.0
O000827,P002,1,169.0
O000827,P009,1,35.0
O000828,P001,1,129.0
O000828,P020,1,28.0
O000828,P002,3,169.0
O000829,P015,1,76.0
O000829,P020,1,28.0
O000830,P002,1,169.0
O000831,P010,2,39.0
O000832,P018,1,24.0
O000832,P008,1,72.0
O000833,P007,1,41.0
O000834,P009,1,35.0
O000835,P008,1,72.0
O000836,P002,1,169.0
O000837,P003,1,89.0
O000837,P023,1,98.0
O000838,P013,2,32.0
O000839,P009,1,35.0
O000839,P001,1,129.0
O000840,P018,1,24.0
O000840,P017,2,58.0
O000841,P002,1,169.0
O000842,P012,2,20.0
O000843,P018,1,24.0
O000843,P016,2,36.0
O000843,P005,1,48.0
O000843,P012,1,20.0
O000844,P020,1,28.0
O000845,P004,1,64.0
O000846,P001,2,129.0
O000846,P022,1,54.0
O000847,P018,1,24.0
O000847,P023,1,98.0
O000848,P021,1,62.0
O000849,P003,1,89.0
O000850,P012,1,20.0
O000851,P021,1,62.0
O000852,P013,1,32.0
O000853,P001,1,129.0
O000854,P009,1,35.0
O000855,P011,3,55.0
O000855,P006,1,22.0
O000855,P018,1,24.0
O000855,P003,1,89.0
O000856,P018,1,24.0
O000856,P011,1,55.0
O000857,P002,1,169.0
O000858,P016,2,36.0
O000858,P014,1,118.0
O000859,P006,1,22.0
O000860,P019,1,19.0
O000861,P012,1,20.0
O000861,P008,1,72.0
O000862,P004,1,64.0
O000863,P013,1,32.0
O000864,P002,1,169.0
O000865,P012,1,20.0
O000865,P016,1,36.0
O000865,P021,1,62.0
O000865,P015,1,76.0
O000866,P012,1,20.0
O000867,P017,2,58.0
O000868,P016,1,36.0
O000869,P013,1,32.0
O000869,P006,1,22.0
O000870,P014,1,118.0
O000871,P016,1,36.0
O000872,P011,1,55.0
O000873,P016,1,36.0
O000874,P007,2,41.0
O000874,P014,1,118.0
O000875,P009,1,35.0
O000875,P018,1,24.0
O000876,P009,1,35.0
O000876,P006,1,22.0
O000877,P019,1,19.0
O000878,P002,1,169.0
O000878,P018,1,24.0
O000879,P018,1,24.0
O000880,P001,1,129.0
O000880,P012,1,20.0
O000881,P018,1,24.0
O000881,P006,1,22.0
O000882,P004,1,64.0
O000883,P009,2,35.0
O000884,P017,1,58.0
O000885,P016,1,36.0
O000886,P018,1,24.0
O000886,P006,1,22.0
O000887,P018,1,24.0
O000887,P016,1,36.0
O000887,P008,1,72.0
O000888,P004,2,64.0
O000889,P008,1,72.0
O000890,P006,1,22.0
O000891,P015,1,76.0
O000892,P009,1,35.0
O000893,P009,2,35.0
O000893,P016,1,36.0
O000894,P013,1,32.0
O000894,P009,1,35.0
O000895,P006,1,22.0
O000896,P012,1,20.0
O000897,P023,2,98.0
O000897,P012,1,20.0
O000897,P003,1,89.0
O000897,P017,1,58.0
O000898,P013,1,32.0
O000899,P004,1,64.0
O000899,P013,1,32.0
O000900,P017,1,58.0
O000901,P004,1,64.0
O000902,P009,1,35.0
O000903,P021,2,62.0
O000904,P003,1,89.0
O000904,P005,1,48.0
O000904,P007,1,41.0
O000905,P016,2,36.0
O000906,P004,1,64.0
O000906,P007,1,41.0
O000907,P008,1,72.0
O000908,P017,1,58.0
O000909,P013,1,32.0
O000910,P004,1,64.0
O000910,P021,1,62.0
O000911,P017,1,58.0
O000912,P003,1,89.0
O000913,P009,1,35.0
O000914,P012,1,20.0
O000915,P023,1,98.0
O000916,P018,1,24.0
O000916,P013,1,32.0
O000916,P016,1,36.0
O000916,P004,1,64.0
O000917,P004,1,64.0
O000918,P001,1,129.0
O000919,P012,1,20.0
O000920,P023,1,98.0
O000921,P004,2,64.0
O000921,P017,1,58.0
O000921,P018,1,24.0
O000922,P018,2,24.0
O000922,P003,1,89.0
O000922,P002,1,169.0
O000923,P004,1,64.0
O000924,P006,1,22.0
O000925,P023,1,98.0
O000925,P010,1,39.0
O000925,P008,1,72.0
O000925,P016,1,36.0
O000926,P019,1,19.0
O000927,P012,1,20.0
O000928,P011,1,55.0
O000929,P008,3,72.0
O000929,P004,-1,64.0
O000929,P013,1,32.0
O000930,P007,1,41.0
O000930,P014,1,118.0
O000931,P018,1,24.0
O000932,P015,1,76.0
O000933,P023,1,98.0
O000934,P023,2,98.0
O000935,P016,1,36.0
O000935,P003,1,89.0
O000936,P023,1,98.0
O000937,P015,1,76.0
O000937,P013,3,32.0
O000938,P017,1,58.0
O000939,P015,1,76.0
O000939,P018,1,24.0
O000940,P013,1,32.0
O000940,P021,1,62.0
O000941,P023,1,98.0
O000942,P009,1,35.0
O000943,P007,1,41.0
O000943,P003,1,89.0
O000943,P013,1,32.0
O000944,P015,1,76.0
O000945,P015,1,76.0
O000945,P010,1,39.0
O000945,P018,1,24.0
O000946,P004,1,64.0
O000947,P011,1,55.0
O000948,P015,1,76.0
O000949,P016,1,36.0
O000949,P013,1,32.0
O000950,P015,1,76.0
O000951,P016,2,36.0
O000951,P012,1,20.0
O000952,P016,1,36.0
O000953,P003,1,89.0
O000954,P006,1,22.0
O000955,P004,1,64.0
O000956,P006,1,22.0
O000957,P021,2,62.0
O000958,P012,2,20.0
O000958,P001,1,129.0
O000959,P002,1,169.0
O000959,P013,2,32.0
O000960,P013,1,32.0
O000960,P014,1,118.0
O000961,P016,1,36.0
O000962,P015,1,76.0
O000962,P006,3,22.0
O000962,P018,1,24.0
O000963,P008,1,72.0
O000964,P019,2,19.0
O000964,P023,1,98.0
O000965,P016,1,36.0
O000965,P006,1,22.0
O000966,P016,1,36.0
O000966,P021,1,62.0
O000967,P001,1,129.0
O000968,P004,1,64.0
O000969,P012,1,20.0
O000970,P002,1,169.0
O000971,P003,1,89.0
O000972,P012,1,20.0
O000973,P016,2,36.0
O000974,P015,3,76.0
O000975,P018,1,24.0
O000975,P006,2,22.0
O000976,P016,1,36.0
O000976,P003,1,89.0
O000977,P018,1,24.0
O000978,P018,1,24.0
O000978,P002,1,169.0
O000979,P017,1,58.0
O000979,P019,2,19.0
O000979,P003,1,89.0
O000980,P018,1,24.0
O000981,P022,1,54.0
O000981,P001,1,129.0
O000981,P011,1,55.0
O000982,P019,1,19.0
O000982,P023,1,98.0
O000983,P003,1,89.0
O000984,P022,1,54.0
O000985,P018,1,24.0
O000986,P015,1,76.0
O000987,P010,1,39.0
O000988,P019,1,19.0
O000988,P001,2,129.0
O000988,P017,1,58.0
O000988,P014,1,118.0
O000989,P021,1,62.0
O000989,P020,2,28.0
O000989,P015,1,76.0
O000990,P016,1,36.0
O000991,P004,1,64.0
O000992,P008,1,72.0
O000992,P001,1,129.0
O000993,P005,1,48.0
O000993,P010,1,39.0
O000993,P003,1,89.0
O000994,P005,1,48.0
O000994,P016,1,36.0
O000995,P017,1,58.0
O000996,P004,1,64.0
O000997,P018,1,24.0
O000998,P019,3,19.0
O000998,P006,1,22.0
O000998,P016,1,36.0
O000999,P021,2,62.0
O000999,P022,1,54.0
O001000,P001,1,129.0
O001001,P007,1,41.0
O001002,P008,1,72.0
O001002,P006,1,22.0
O001002,P012,1,20.0
O001002,P004,1,64.0
O001003,P023,1,98.0
O001003,P018,1,24.0
O001003,P021,1,62.0
O001004,P013,1,32.0
O001005,P017,1,58.0
O001006,P005,1,48.0
O001007,P017,2,58.0
O001007,P004,1,64.0
O001008,P008,1,72.0
O001008,P006,1,22.0
O001008,P016,1,36.0
O001008,P012,1,20.0
O001009,P017,1,58.0
O001010,P019,1,19.0
O001010,P021,1,62.0
O001011,P001,1,129.0
O001011,P004,1,64.0
O001012,P017,1,58.0
O001013,P017,1,58.0
O001014,P018,1,24.0
O001015,P018,1,24.0
O001015,P006,1,22.0
O001015,P019,1,19.0
O001016,P011,1,55.0
O001016,P007,1,41.0
O001017,P019,2,19.0
O001018,P018,1,24.0
O001019,P006,1,22.0
O001019,P019,1,19.0
O001019,P001,1,129.0
O001020,P010,2,39.0
O001021,P002,1,169.0
O001022,P006,1,22.0
O001022,P018,1,24.0
O001023,P013,1,32.0
O001024,P001,1,129.0
O001024,P018,1,24.0
O001025,P019,1,19.0
O001026,P020,1,28.0
O001027,P001,1,129.0
O001028,P019,1,19.0
O001029,P017,1,58.0
O001029,P010,1,39.0
O001030,P019,1,19.0
O001030,P008,1,72.0
O001031,P003,1,89.0
O001032,P010,1,39.0
O001032,P020,2,28.0
O001033,P016,1,36.0
O001034,P018,1,24.0
O001035,P014,2,118.0
O001036,P016,1,36.0
O001037,P015,1,76.0
O001037,P003,1,89.0
O001038,P018,1,24.0
O001039,P012,1,20.0
O001039,P006,1,22.0
O001040,P006,1,22.0
O001041,P012,1,20.0
O001041,P013,1,32.0
O001042,P008,1,72.0
O001042,P021,1,62.0
O001042,P001,1,129.0
O001042,P023,1,98.0
O001043,P016,1,36.0
O001044,P001,1,129.0
O001045,P004,1,64.0
O001046,P015,1,76.0
O001047,P006,1,22.0
O001047,P015,1,76.0
O001048,P008,1,72.0
O001049,P015,1,76.0
O001049,P017,1,58.0
O001050,P018,2,24.0
O001050,P005,1,48.0
O001050,P004,1,64.0
O001051,P003,1,89.0
O001051,P004,1,64.0
O001051,P018,1,24.0
O001051,P006,1,22.0
O001052,P003,1,89.0
O001053,P018,1,24.0
O001054,P004,1,64.0
O001055,P001,1,129.0
O001056,P007,1,41.0
O001057,P006,1,22.0
O001057,P020,1,28.0
O001057,P018,1,24.0
O001058,P023,1,98.0
O001059,P017,1,58.0
O001059,P018,1,24.0
O001059,P004,1,64.0
O001060,P009,2,35.0
O001061,P012,2,20.0
O001062,P006,2,22.0
O001062,P008,1,72.0
O001062,P016,1,36.0
O001063,P019,1,19.0
O001064,P007,1,41.0
O001065,P020,1,28.0
O001066,P004,1,64.0
O001066,P018,1,24.0
O001066,P021,1,62.0
O001066,P016,1,36.0
O001067,P003,1,89.0
O001068,P003,1,89.0
O001068,P013,1,32.0
O001069,P016,1,36.0
O001069,P009,1,35.0
O001070,P014,1,118.0
O001070,P018,1,24.0
O001070,P017,1,58.0
O001071,P005,1,48.0
O001072,P016,1,36.0
O001073,P006,1,22.0
O001074,P007,2,41.0
O001075,P013,2,32.0
O001075,P003,1,89.0
O001076,P012,1,20.0
O001077,P018,1,24.0
O001078,P018,1,24.0
O001079,P018,1,24.0
O001080,P007,1,41.0
O001080,P003,1,89.0
O001081,P009,1,35.0
O001081,P013,1,32.0
O001081,P004,1,64.0
O001081,P016,2,36.0
O001082,P013,1,32.0
O001083,P006,3,22.0
O001083,P007,1,41.0
O001084,P011,1,55.0
O001085,P008,2,72.0
O001085,P012,2,20.0
O001085,P018,1,24.0
O001085,P017,1,58.0
O001086,P018,1,24.0
O001086,P001,1,129.0
O001087,P008,1,72.0
O001087,P013,1,32.0
O001088,P017,1,58.0
O001089,P004,3,64.0
O001090,P009,1,35.0
O001090,P019,1,19.0
O001090,P023,1,98.0
O001090,P015,1,76.0
O001091,P018,1,24.0
O001091,P001,1,129.0
O001092,P008,1,72.0
O001092,P016,1,36.0
O001093,P004,1,64.0
O001094,P005,2,48.0
O001094,P004,1,64.0
O001095,P002,2,169.0
O001096,P006,1,22.0
O001096,P005,1,48.0
O001097,P017,1,58.0
O001098,P012,2,20.0
O001098,P014,1,118.0
O001099,P018,1,24.0
O001099,P006,1,22.0
O001099,P013,1,32.0
O001100,P016,0,36.0
O001100,P023,1,98.0
O001100,P018,1,24.0
O001101,P012,1,20.0
O001101,P004,1,
O001101,P006,1,22.0
O001101,P018,2,24.0
O001102,P012,1,20.0
O001103,P008,1,72.0
O001104,P008,1,72.0
O001105,P023,1,98.0
O001106,P018,2,24.0
O001107,P018,1,24.0
O001107,P019,1,19.0
O001108,P021,1,62.0
O001109,P006,1,22.0
O001110,P006,1,22.0
O001111,P021,1,62.0
O001112,P018,1,24.0
O001112,P022,1,54.0
O001113,P013,1,32.0
O001114,P005,1,48.0
O001115,P010,2,39.0
O001115,P023,1,98.0
O001116,P022,1,
O001117,P018,1,24.0
O001118,P006,1,22.0
O001119,P019,1,19.0
O001120,P016,1,36.0
O001120,P015,1,76.0
O001120,P009,1,35.0
O001120,P008,1,72.0
O001121,P008,2,72.0
O001121,P003,1,89.0
O001122,P009,2,35.0
O001122,P001,1,129.0
O001122,P012,1,20.0
O001122,P006,1,22.0
O001123,P012,1,20.0
O001124,P023,1,98.0
O001125,P023,1,98.0
O001126,P007,1,41.0
O001127,P004,3,64.0
O001128,P001,1,129.0
O001129,P020,1,28.0
O001130,P003,1,89.0
O001131,P016,1,36.0
O001131,P023,1,98.0
O001132,P018,1,24.0
O001132,P014,3,118.0
O001133,P006,1,22.0
O001134,P013,1,32.0
O001135,P004,1,64.0
O001135,P018,1,24.0
O001135,P002,1,169.0
O001136,P009,1,35.0
O001136,P003,1,89.0
O001136,P023,2,98.0
O001137,P002,1,169.0
O001137,P005,1,48.0
O001138,P015,1,76.0
O001139,P018,2,24.0
O001140,P007,1,41.0
O001140,P005,1,48.0
O001141,P022,1,54.0
O001142,P018,1,24.0
O001142,P016,1,36.0
O001143,P001,1,129.0
O001144,P016,1,36.0
O001145,P018,2,24.0
O001146,P004,1,64.0
O001147,P004,1,64.0
O001148,P004,1,64.0
O001149,P016,1,36.0
O001149,P023,1,98.0
O001149,P018,1,24.0
O001150,P016,1,36.0
O001151,P003,3,89.0
O001151,P016,2,36.0
O001151,P010,3,39.0
O001151,P004,1,64.0
O001152,P001,1,129.0
O001152,P004,1,64.0
O001152,P013,1,32.0
O001153,P012,1,20.0
O001154,P021,2,62.0
O001154,P018,1,24.0
O001154,P014,2,118.0
O001155,P001,1,129.0
O001155,P018,1,24.0
O001156,P009,1,35.0
O001157,P018,1,24.0
O001157,P009,1,35.0
O001158,P012,1,20.0
O001158,P009,1,35.0
O001158,P014,2,118.0
O001159,P001,1,129.0
O001160,P002,1,169.0
O001161,P006,2,22.0
O001161,P004,1,64.0
O001161,P010,1,39.0
O001162,P016,1,36.0
O001163,P013,1,32.0
O001164,P021,1,62.0
O001164,P009,1,35.0
O001165,P021,1,62.0
O001166,P018,2,24.0
O001167,P004,1,64.0
O001168,P001,2,129.0
O001169,P015,1,76.0
O001170,P016,1,36.0
O001171,P001,1,129.0
O001171,P013,1,32.0
O001172,P009,1,35.0
O001173,P012,1,20.0
O001174,P023,2,98.0
O001174,P006,3,22.0
O001174,P016,1,36.0
O001175,P010,2,39.0
O001175,P001,1,129.0
O001176,P004,1,64.0
O001176,P021,2,62.0
O001176,P003,1,89.0
O001177,P018,1,24.0
O001177,P009,2,35.0
O001177,P006,1,22.0
O001178,P010,1,39.0
O001178,P002,1,169.0
O001179,P015,1,76.0
O001180,P013,1,32.0
O001181,P009,2,35.0
O001182,P018,2,24.0
O001182,P011,1,55.0
O001183,P006,1,22.0
O001183,P009,2,35.0
O001184,P001,1,129.0
O001185,P018,1,24.0
O001186,P003,1,89.0
O001187,P010,1,39.0
O001188,P023,1,98.0
O001188,P001,1,129.0
O001188,P020,1,28.0
O001189,P010,1,39.0
O001189,P009,1,35.0
O001189,P006,1,22.0
O001190,P004,2,64.0
O001191,P006,1,22.0
O001192,P015,1,76.0
O001192,P004,1,64.0
O001192,P014,1,118.0
O001193,P013,1,32.0
O001194,P001,1,129.0
O001194,P020,1,28.0
O001195,P020,1,28.0
O001196,P001,1,129.0
O001197,P015,1,76.0
O001198,P016,1,36.0
O001199,P001,1,129.0
O001200,P001,1,129.0
O001200,P006,1,22.0
O001200,P015,1,76.0
O001201,P018,1,24.0
O001201,P003,2,89.0
O001201,P006,1,22.0
O001202,P015,1,76.0
O001203,P009,1,35.0
O001203,P021,1,62.0
O001203,P019,1,19.0
O001204,P007,1,41.0
O001205,P002,2,169.0
O001206,P003,1,89.0
O001207,P023,1,98.0
O001208,P013,2,32.0
O001209,P012,1,20.0
O001210,P021,1,62.0
O001211,P013,1,32.0
O001211,P018,2,24.0
O001212,P004,1,64.0
O001213,P004,1,64.0
O001213,P017,1,58.0
O001214,P016,1,36.0
O001215,P010,2,39.0
O001216,P013,1,32.0
O001216,P012,1,20.0
O001216,P021,1,62.0
O001216,P008,1,
O001217,P023,1,98.0
O001218,P016,1,36.0
O001219,P012,1,20.0
O001219,P013,1,32.0
O001220,P006,1,22.0
O001220,P009,2,35.0
O001220,P018,1,24.0
O001221,P020,1,28.0
O001222,P006,1,22.0
O001222,P023,1,98.0
O001222,P012,1,20.0
O001223,P001,1,129.0
O001224,P019,1,19.0
O001224,P012,1,20.0
O001224,P010,1,39.0
O001225,P012,1,20.0
O001226,P012,1,20.0
O001227,P012,1,20.0
O001228,P001,2,129.0
O001228,P013,1,32.0
O001229,P002,2,169.0
O001230,P009,1,35.0
O001230,P004,2,64.0
O001231,P004,1,64.0
O001231,P018,1,24.0
O001231,P001,2,129.0
O001231,P015,1,76.0
O001232,P021,2,62.0
O001233,P005,1,48.0
O001233,P012,1,20.0
O001233,P003,1,89.0
O001233,P016,1,36.0
O001234,P002,3,169.0
O001234,P010,1,39.0
O001235,P021,1,62.0
O001235,P013,1,32.0
O001236,P013,1,32.0
O001236,P021,1,62.0
O001236,P018,1,24.0
O001236,P016,1,36.0
O001237,P019,1,19.0
O001237,P008,1,72.0
O001238,P011,2,55.0
O001238,P002,1,169.0
O001238,P015,1,76.0
O001239,P018,1,24.0
O001240,P019,1,19.0
O001241,P013,1,32.0
O001242,P017,1,58.0
O001242,P021,1,62.0
O001243,P012,1,20.0
O001244,P012,1,20.0
O001244,P008,1,72.0
O001244,P015,1,76.0
O001244,P023,1,98.0
O001245,P007,1,41.0
O001246,P018,1,24.0
O001246,P016,2,36.0
O001247,P015,1,76.0
O001247,P004,1,64.0
O001248,P018,1,24.0
O001249,P018,1,24.0
O001250,P020,1,28.0
O001251,P016,1,36.0
O001251,P008,1,72.0
O001252,P013,1,32.0
O001253,P017,1,58.0
O001254,P004,1,64.0
O001254,P006,1,22.0
O001255,P012,1,20.0
O001255,P008,3,72.0
O001255,P020,2,28.0
O001256,P006,1,22.0
O001256,P009,1,35.0
O001257,P018,1,24.0
O001257,P010,1,39.0
O001258,P016,1,36.0
O001259,P009,1,35.0
O001260,P015,1,76.0
O001260,P001,1,129.0
O001261,P016,1,36.0
O001262,P018,1,24.0
O001262,P003,1,89.0
O001263,P005,1,48.0
O001264,P016,1,36.0
O001265,P021,1,62.0
O001265,P013,1,32.0
O001265,P012,1,20.0
O001266,P018,1,24.0
O001267,P007,1,41.0
O001267,P018,1,24.0
O001268,P010,1,39.0
O001269,P016,1,36.0
O001270,P003,2,89.0
O001270,P016,1,36.0
O001271,P012,3,20.0
O001272,P013,1,32.0
O001273,P008,1,72.0
O001273,P002,1,169.0
O001273,P007,1,41.0
O001274,P017,1,58.0
O001275,P008,1,72.0
O001275,P001,1,129.0
O001276,P002,1,169.0
O001276,P020,1,28.0
O001277,P003,1,89.0
O001278,P006,1,22.0
O001278,P004,1,64.0
O001278,P016,1,36.0
O001279,P015,1,76.0
O001280,P005,1,48.0
O001280,P017,1,58.0
O001281,P018,1,24.0
O001282,P001,1,129.0
O001283,P021,1,62.0
O001283,P006,1,22.0
O001284,P012,2,20.0
O001284,P004,1,64.0
O001284,P005,1,48.0
O001285,P021,1,62.0
O001285,P001,1,129.0
O001285,P005,1,48.0
O001286,P018,2,24.0
O001287,P010,1,39.0
O001288,P006,1,22.0
O001289,P019,3,19.0
O001289,P012,1,20.0
O001289,P021,3,62.0
O001289,P015,1,76.0
O001290,P018,1,24.0
O001291,P006,1,22.0
O001291,P015,1,76.0
O001292,P017,1,58.0
O001293,P011,2,55.0
O001294,P006,2,22.0
O001294,P018,2,24.0
O001294,P017,1,58.0
O001294,P004,1,64.0
O001295,P002,1,169.0
O001296,P002,1,169.0
O001296,P015,1,76.0
O001297,P018,1,24.0
O001298,P001,2,129.0
O001298,P010,1,39.0
O001299,P017,1,58.0
O001299,P018,1,24.0
O001300,P005,1,48.0
O001300,P013,2,32.0
O001301,P004,1,64.0
O001302,P003,1,89.0
O001303,P012,1,20.0
O001303,P002,1,169.0
O001304,P001,2,129.0
O001304,P023,1,98.0
O001305,P004,1,64.0
O001305,P012,1,20.0
O001306,P001,1,129.0
O001307,P007,1,41.0
O001308,P001,1,129.0
O001308,P013,1,32.0
O001309,P012,3,20.0
O001309,P021,1,62.0
O001309,P020,1,28.0
O001310,P013,1,32.0
O001310,P007,1,41.0
O001311,P015,1,76.0
O001312,P016,1,36.0
O001312,P019,2,19.0
O001313,P012,1,20.0
O001314,P006,2,22.0
O001314,P008,1,72.0
O001315,P018,1,24.0
O001315,P016,1,36.0
O001315,P013,1,32.0
O001315,P021,2,62.0
O001316,P001,1,129.0
O001316,P018,2,24.0
O001317,P006,1,22.0
O001318,P019,2,19.0
O001319,P001,1,129.0
O001320,P005,1,48.0
O001320,P012,1,20.0
O001320,P014,1,118.0
O001321,P005,1,48.0
O001321,P004,1,64.0
O001322,P006,1,22.0
O001323,P020,2,28.0
O001323,P019,3,19.0
O001324,P012,1,20.0
O001325,P023,1,98.0
O001326,P009,2,35.0
O001327,P001,1,129.0
O001327,P006,2,22.0
O001327,P018,1,24.0
O001327,P014,1,118.0
O001328,P012,1,20.0
O001329,P007,1,41.0
O001330,P021,1,62.0
O001330,P018,1,24.0
O001331,P006,1,22.0
O001332,P015,3,76.0
O001332,P009,1,35.0
O001333,P008,1,72.0
O001334,P020,1,28.0
O001335,P023,1,98.0
O001336,P016,1,36.0
O001336,P012,1,20.0
O001336,P006,1,22.0
O001337,P007,2,41.0
O001338,P023,1,98.0
O001338,P021,1,62.0
O001339,P012,1,20.0
O001340,P017,1,58.0
O001341,P011,1,55.0
O001342,P023,2,98.0
O001342,P013,2,32.0
O001342,P002,1,169.0
O001342,P014,1,118.0
O001343,P017,1,58.0
O001343,P018,1,24.0
O001344,P018,2,24.0
O001344,P017,1,58.0
O001345,P009,1,35.0
O001346,P011,1,55.0
O001347,P015,1,76.0
O001348,P011,1,55.0
O001349,P004,1,64.0
O001349,P016,1,36.0
O001350,P006,1,22.0
O001351,P001,1,129.0
O001352,P018,1,24.0
O001353,P009,1,35.0
O001353,P016,1,36.0
O001353,P003,1,89.0
O001354,P002,1,169.0
O001355,P002,1,169.0
O001356,P004,1,64.0
O001356,P015,1,76.0
O001357,P015,1,76.0
O001357,P002,1,169.0
O001357,P016,1,36.0
O001357,P004,2,64.0
O001358,P021,1,62.0
O001358,P015,1,76.0
O001359,P018,1,24.0
O001360,P006,2,22.0
O001360,P002,3,169.0
O001360,P012,2,20.0
O001361,P022,1,54.0
O001361,P015,1,76.0
O001362,P017,1,58.0
O001363,P013,3,32.0
O001364,P001,1,129.0
O001364,P021,2,62.0
O001365,P013,1,32.0
O001365,P003,1,89.0
O001365,P017,1,58.0
O001365,P023,1,98.0
O001366,P014,3,118.0
O001366,P012,1,20.0
O001367,P016,1,36.0
O001367,P001,1,129.0
O001368,P004,1,64.0
O001369,P004,1,64.0
O001369,P019,1,19.0
O001370,P018,1,24.0
O001370,P002,2,169.0
O001371,P001,2,129.0
O001372,P009,1,35.0
O001373,P015,1,76.0
O001374,P020,3,28.0
O001375,P001,1,129.0
O001376,P016,3,36.0
O001376,P006,1,22.0
O001377,P006,1,22.0
O001377,P003,1,89.0
O001378,P009,1,35.0
O001378,P008,1,72.0
O001378,P017,1,58.0
O001379,P001,1,129.0
O001380,P014,1,118.0
O001381,P009,2,35.0
O001382,P016,1,36.0
O001382,P001,1,129.0
O001382,P021,3,62.0
O001383,P018,1,24.0
O001383,P007,1,41.0
O001384,P003,1,89.0
O001385,P003,1,89.0
O001386,P018,1,24.0
O001387,P003,1,89.0
O001388,P015,1,76.0
O001388,P009,1,35.0
O001389,P015,1,76.0
O001389,P005,2,48.0
O001390,P006,2,22.0
O001391,P009,-1,35.0
O001392,P019,1,19.0
O001392,P015,1,76.0
O001392,P023,1,98.0
O001393,P020,1,28.0
O001394,P007,1,41.0
O001394,P019,1,19.0
O001395,P013,1,32.0
O001396,P001,1,129.0
O001396,P006,2,22.0
O001397,P020,2,28.0
O001397,P007,1,41.0
O001398,P015,1,76.0
O001398,P019,2,19.0
O001398,P009,1,35.0
O001399,P018,1,24.0
O001400,P014,1,118.0
O001400,P017,1,58.0
O001401,P022,1,54.0
O001401,P016,1,36.0
O001402,P014,1,118.0
O001403,P018,1,24.0
O001403,P017,1,58.0
O001403,P004,1,64.0
O001403,P012,1,20.0
O001404,P012,1,20.0
O001405,P011,1,55.0
O001406,P016,3,36.0
O001407,P016,3,36.0
O001407,P008,1,72.0
O001408,P018,1,24.0
O001409,P004,1,64.0
O001410,P013,2,32.0
O001410,P015,1,76.0
O001411,P008,1,72.0
O001412,P002,3,169.0
O001413,P013,1,32.0
O001414,P021,1,62.0
O001415,P018,1,24.0
O001415,P023,1,98.0
O001415,P006,1,22.0
O001416,P018,1,24.0
O001417,P009,1,35.0
O001418,P021,1,62.0
O001419,P012,1,20.0
O001420,P006,1,22.0
O001420,P016,1,36.0
O001421,P018,3,24.0
O001421,P013,1,32.0
O001422,P006,3,22.0
O001422,P020,1,28.0
O001422,P003,1,89.0
O001423,P018,1,24.0
O001424,P019,1,19.0
O001425,P021,1,62.0
O001425,P017,2,58.0
O001425,P004,1,64.0
O001425,P023,1,98.0
O001426,P003,1,89.0
O001427,P008,1,72.0
O001428,P013,1,32.0
O001429,P018,1,24.0
O001430,P015,2,76.0
O001431,P023,1,98.0
O001432,P023,2,98.0
O001433,P003,1,89.0
O001434,P003,1,89.0
O001434,P015,1,76.0
O001435,P005,2,48.0
O001436,P018,1,24.0
O001436,P017,1,58.0
O001437,P008,3,72.0
O001437,P006,1,22.0
O001437,P016,1,36.0
O001438,P003,1,89.0
O001438,P015,1,76.0
O001439,P013,1,32.0
O001440,P014,1,118.0
O001441,P018,1,24.0
O001441,P002,1,169.0
O001441,P004,1,64.0
O001442,P020,3,28.0
O001443,P004,1,64.0
O001444,P012,1,20.0
O001445,P001,1,129.0
O001446,P021,1,62.0
O001446,P009,1,35.0
O001446,P018,1,24.0
O001447,P006,1,22.0
O001447,P005,1,48.0
O001447,P009,1,35.0
O001447,P011,1,55.0
O001448,P001,1,129.0
O001448,P018,1,24.0
O001449,P012,1,20.0
O001450,P021,1,62.0
O001451,P018,1,24.0
O001452,P006,1,22.0
O001453,P002,1,169.0
O001453,P015,1,76.0
O001453,P004,3,64.0
O001453,P009,1,35.0
O001454,P008,1,72.0
O001455,P018,1,24.0
O001455,P008,1,72.0
O001455,P009,1,35.0
O001456,P013,2,32.0
O001457,P013,2,32.0
O001458,P017,1,58.0
O001458,P008,1,72.0
O001459,P017,1,58.0
O001460,P019,1,19.0
O001461,P015,1,76.0
O001461,P001,2,129.0
O001462,P010,3,39.0
O001463,P015,1,76.0
O001463,P006,1,22.0
O001464,P002,1,169.0
O001465,P012,2,20.0
O001466,P009,3,35.0
O001466,P022,1,54.0
O001467,P006,1,22.0
O001468,P004,1,64.0
O001468,P015,1,76.0
O001468,P018,1,24.0
O001469,P008,1,72.0
O001469,P021,1,62.0
O001470,P017,1,58.0
O001471,P021,1,62.0
O001472,P009,1,35.0
O001473,P013,1,32.0
O001474,P018,1,24.0
O001475,P017,1,58.0
O001476,P003,1,89.0
O001476,P004,1,64.0
O001476,P015,1,76.0
O001476,P005,1,48.0
O001477,P006,1,22.0
O001477,P018,1,24.0
O001478,P018,1,24.0
O001479,P012,1,20.0
O001480,P012,1,20.0
O001481,P012,1,20.0
O001482,P006,1,22.0
O001483,P019,1,19.0
O001483,P012,1,20.0
O001484,P004,1,64.0
O001484,P018,1,24.0
O001484,P017,1,58.0
O001485,P018,2,24.0
O001486,P022,1,54.0
O001487,P020,1,28.0
O001488,P018,1,24.0
O001489,P001,1,129.0
O001490,P021,1,62.0
O001490,P013,1,32.0
O001491,P005,1,48.0
O001492,P018,1,24.0
O001493,P001,2,129.0
O001494,P016,1,36.0
O001495,P021,1,62.0
O001495,P004,2,64.0
O001496,P021,1,62.0
O001496,P008,1,72.0
O001497,P019,1,19.0
O001498,P018,1,24.0
O001498,P003,2,89.0
O001498,P004,1,64.0
O001499,P012,1,20.0
O001500,P016,1,36.0
O001501,P009,1,35.0
O001502,P003,1,89.0
O001503,P006,1,22.0
O001503,P010,1,39.0
O001504,P005,1,48.0
O001505,P016,1,36.0
O001506,P015,2,76.0
O001506,P016,1,36.0
O001507,P001,1,129.0
O001508,P010,1,39.0
O001508,P009,2,35.0
O001508,P012,1,20.0
O001509,P017,2,58.0
O001510,P007,1,41.0
O001511,P017,1,58.0
O001511,P012,1,20.0
O001512,P018,1,24.0
O001513,P021,1,62.0
O001514,P006,2,22.0
O001514,P011,1,55.0
O001515,P018,1,24.0
O001515,P021,1,62.0
O001516,P021,1,62.0
O001517,P006,1,22.0
O001518,P021,1,62.0
O001519,P004,1,64.0
O001519,P021,1,62.0
O001520,P018,1,24.0
O001520,P009,1,35.0
O001521,P009,1,35.0
O001521,P018,1,24.0
O001522,P003,1,89.0
O001523,P001,1,129.0
O001524,P004,1,64.0
O001525,P013,1,32.0
O001525,P016,1,36.0
O001525,P009,1,35.0
O001526,P008,1,72.0
O001527,P021,1,62.0
O001527,P016,1,36.0
O001527,P015,1,76.0
O001527,P018,1,24.0
O001528,P019,1,19.0
O001528,P016,1,36.0
O001528,P012,1,20.0
O001528,P015,1,76.0
O001529,P002,2,169.0
O001529,P018,1,24.0
O001529,P006,2,22.0
O001530,P015,2,76.0
O001530,P013,1,32.0
O001531,P006,1,22.0
O001532,P001,1,129.0
O001532,P013,1,32.0
O001532,P016,1,36.0
O001533,P016,1,36.0
O001534,P006,1,22.0
O001534,P017,1,58.0
O001534,P019,1,19.0
O001535,P018,2,24.0
O001536,P018,1,24.0
O001537,P001,1,129.0
O001537,P003,1,89.0
O001538,P016,1,36.0
O001539,P018,1,24.0
O001539,P010,1,39.0
O001539,P016,1,36.0
O001539,P015,1,76.0
O001540,P018,1,24.0
O001541,P015,1,76.0
O001541,P017,1,58.0
O001542,P023,1,98.0
O001542,P006,1,22.0
O001543,P018,1,24.0
O001544,P001,1,129.0
O001544,P010,2,39.0
O001545,P018,1,24.0
O001546,P012,1,20.0
O001547,P006,1,22.0
O001547,P014,2,118.0
O001548,P006,1,22.0
O001548,P004,1,64.0
O001549,P018,1,24.0
O001550,P006,1,22.0
O001550,P008,1,72.0
O001551,P004,1,64.0
O001551,P017,1,58.0
O001551,P016,1,36.0
O001552,P014,1,118.0
O001552,P006,1,22.0
O001552,P002,3,169.0
O001553,P004,2,64.0
O001553,P012,1,20.0
O001554,P006,1,22.0
O001555,P009,1,35.0
O001556,P017,2,58.0
O001557,P006,1,22.0
O001558,P008,1,72.0
O001559,P023,1,98.0
O001560,P007,1,41.0
O001560,P012,1,20.0
O001560,P019,1,19.0
O001561,P017,1,58.0
O001562,P001,1,129.0
O001563,P008,1,72.0
O001564,P018,1,24.0
O001564,P001,1,129.0
O001564,P009,1,35.0
O001565,P023,1,98.0
O001566,P015,1,76.0
O001567,P012,1,20.0
O001568,P009,1,35.0
O001569,P013,1,32.0
O001569,P009,1,35.0
O001570,P001,1,129.0
O001570,P002,1,169.0
O001571,P014,1,118.0
O001571,P015,1,76.0
O001571,P017,2,58.0
O001572,P001,1,129.0
O001573,P018,2,24.0
O001573,P015,2,76.0
O001574,P001,1,129.0
O001575,P007,1,41.0
O001576,P003,2,89.0
O001577,P009,1,35.0
O001578,P018,1,24.0
O001579,P021,1,62.0
O001579,P008,1,72.0
O001580,P009,2,35.0
O001581,P003,2,89.0
O001582,P001,1,129.0
O001583,P009,1,35.0
O001584,P017,1,58.0
O001584,P016,1,36.0
O001585,P009,1,35.0
O001586,P006,1,22.0
O001587,P008,1,72.0
O001587,P015,1,76.0
O001588,P007,1,41.0
O001588,P003,1,89.0
O001589,P006,1,22.0
O001589,P012,1,20.0
O001590,P019,2,19.0
O001590,P016,1,36.0
O001591,P001,1,129.0
O001591,P015,2,76.0
O001591,P003,2,89.0
O001591,P017,1,58.0
O001592,P011,2,55.0
O001593,P014,1,118.0
O001594,P008,1,72.0
O001594,P002,1,169.0
O001595,P015,2,76.0
O001596,P008,1,72.0
O001597,P021,1,62.0
O001598,P017,2,58.0
O001598,P001,1,129.0
O001599,P015,1,76.0
O001599,P013,1,32.0
O001600,P012,1,20.0
O001601,P001,2,129.0
O001602,P013,1,32.0
O001603,P009,1,35.0
O001603,P017,2,58.0
O001603,P008,1,72.0
O001604,P017,1,58.0
O001605,P011,1,55.0
O001606,P013,1,32.0
O001607,P016,1,36.0
O001607,P004,1,64.0
O001608,P009,1,35.0
O001608,P018,2,24.0
O001609,P007,1,41.0
O001610,P019,1,19.0
O001611,P015,1,76.0
O001612,P022,1,54.0
O001612,P007,1,41.0
O001613,P023,1,98.0
O001613,P016,1,36.0
O001614,P004,3,64.0
O001615,P006,1,22.0
O001616,P013,1,32.0
O001617,P003,1,89.0
O001617,P010,1,39.0
O001618,P017,1,58.0
O001618,P004,1,64.0
O001619,P004,1,64.0
O001619,P006,2,22.0
O001619,P018,1,24.0
O001619,P016,3,36.0
O001620,P018,1,24.0
O001620,P015,1,76.0
O001621,P016,1,36.0
O001622,P004,1,64.0
O001623,P009,1,35.0
O001623,P017,1,58.0
O001624,P003,1,89.0
O001625,P004,2,64.0
O001626,P006,1,22.0
O001627,P018,1,24.0
O001628,P016,3,36.0
O001629,P008,1,72.0
O001630,P002,1,169.0
O001631,P016,2,36.0
O001631,P013,1,32.0
O001632,P017,1,58.0
O001633,P001,1,129.0
O001633,P009,1,35.0
O001634,P010,1,39.0
O001635,P015,1,76.0
O001635,P023,1,98.0
O001635,P017,1,58.0
O001636,P023,1,98.0
O001636,P009,1,35.0
O001637,P010,1,39.0
O001638,P005,2,48.0
O001639,P005,3,48.0
O001640,P018,2,24.0
O001641,P017,1,58.0
O001642,P003,1,89.0
O001643,P018,1,24.0
O001643,P015,1,76.0
O001644,P004,1,64.0
O001644,P018,1,24.0
O001644,P006,2,22.0
O001645,P021,1,62.0
O001646,P004,1,64.0
O001647,P006,1,22.0
O001648,P012,1,20.0
O001649,P016,1,36.0
O001650,P023,1,98.0
O001651,P014,1,118.0
O001651,P004,1,64.0
O001652,P015,2,76.0
O001653,P016,2,36.0
O001653,P013,2,32.0
O001653,P007,1,41.0
O001654,P016,1,36.0
O001655,P004,1,64.0
O001655,P002,2,169.0
O001656,P018,1,24.0
O001657,P008,1,72.0
O001657,P013,1,32.0
O001658,P015,1,76.0
O001659,P012,1,20.0
O001659,P018,1,24.0
O001659,P005,2,48.0
O001660,P018,1,24.0
O001660,P015,1,76.0
O001661,P021,1,62.0
O001661,P016,1,36.0
O001662,P012,1,20.0
O001662,P011,1,55.0
O001663,P009,1,35.0
O001664,P023,1,98.0
O001664,P006,1,22.0
O001665,P008,1,72.0
O001666,P006,1,22.0
O001667,P002,1,169.0
O001667,P017,1,58.0
O001668,P020,1,28.0
O001668,P004,1,64.0
O001668,P016,1,36.0
O001669,P004,1,64.0
O001669,P008,1,72.0
O001669,P018,1,24.0
O001670,P018,1,24.0
O001670,P001,1,129.0
O001671,P003,1,89.0
O001672,P001,1,129.0
O001672,P003,1,89.0
O001673,P017,1,58.0
O001673,P023,1,98.0
O001674,P018,2,24.0
O001674,P013,1,32.0
O001675,P021,1,62.0
O001676,P009,1,35.0
O001677,P007,1,41.0
O001677,P004,1,64.0
O001678,P003,1,89.0
O001679,P014,1,118.0
O001680,P023,1,98.0
O001681,P016,1,36.0
O001682,P019,1,19.0
O001682,P018,1,24.0
O001683,P006,1,22.0
O001684,P008,1,72.0
O001685,P001,1,129.0
O001685,P002,3,169.0
O001685,P021,1,62.0
O001686,P015,1,76.0
O001687,P007,1,41.0
O001688,P012,1,20.0
O001689,P014,1,118.0
O001690,P023,1,98.0
O001691,P011,1,55.0
O001692,P008,1,72.0
O001692,P019,1,19.0
O001692,P005,2,48.0
O001693,P019,1,19.0
O001693,P018,1,24.0
O001694,P012,1,20.0
O001695,P006,1,22.0
O001695,P008,1,72.0
O001696,P009,1,35.0
O001696,P018,1,24.0
O001696,P016,0,36.0
O001697,P015,1,76.0
O001697,P009,1,35.0
O001697,P018,1,24.0
O001698,P005,1,48.0
O001699,P017,1,58.0
O001699,P002,2,169.0
O001700,P004,1,64.0
O001701,P004,1,64.0
O001701,P021,1,62.0
O001702,P018,1,24.0
O001702,P023,2,98.0
O001703,P021,1,62.0
O001704,P008,3,72.0
O001705,P008,1,72.0
O001705,P004,1,64.0
O001705,P018,1,24.0
O001706,P018,1,24.0
O001707,P015,1,76.0
O001708,P005,1,48.0
O001709,P018,1,24.0
O001709,P019,1,19.0
O001709,P004,1,64.0
O001710,P017,1,58.0
O001711,P009,1,35.0
O001712,P002,1,169.0
O001712,P019,1,19.0
O001713,P017,1,58.0
O001713,P012,1,20.0
O001714,P020,1,28.0
O001715,P018,1,24.0
O001715,P004,3,64.0
O001716,P018,1,24.0
O001716,P011,2,55.0
O001716,P013,1,32.0
O001716,P012,1,20.0
O001717,P021,1,62.0
O001717,P012,1,20.0
O001718,P002,1,169.0
O001719,P003,1,89.0
O001719,P008,3,72.0
O001719,P019,1,19.0
O001719,P016,1,36.0
O001720,P017,1,58.0
O001721,P009,2,35.0
O001721,P003,1,89.0
O001722,P013,1,32.0
O001723,P003,1,89.0
O001724,P006,1,22.0
O001724,P009,1,35.0
O001725,P017,1,58.0
O001726,P009,1,35.0
O001727,P007,1,41.0
O001728,P018,1,24.0
O001729,P001,1,129.0
O001730,P004,1,64.0
O001730,P003,1,89.0
O001730,P001,1,129.0
O001731,P017,1,58.0
O001731,P015,1,76.0
O001731,P003,2,89.0
O001732,P015,1,76.0
O001732,P006,1,22.0
O001733,P012,1,20.0
O001733,P014,1,118.0
O001733,P013,1,32.0
O001734,P020,2,28.0
O001734,P002,2,169.0
O001735,P007,1,41.0
O001735,P018,1,24.0
O001735,P009,2,35.0
O001735,P004,2,64.0
O001736,P018,1,24.0
O001737,P014,1,118.0
O001737,P017,1,58.0
O001738,P010,1,39.0
O001738,P004,2,64.0
O001739,P017,2,58.0
O001740,P020,1,28.0
O001740,P008,1,72.0
O001740,P018,1,24.0
O001741,P023,1,98.0
O001742,P009,1,35.0
O001742,P023,1,98.0
O001743,P021,2,62.0
O001743,P018,1,24.0
O001744,P017,1,58.0
O001745,P006,1,22.0
O001746,P001,1,129.0
O001746,P004,1,64.0
O001747,P001,1,129.0
O001748,P023,1,98.0
O001749,P003,1,89.0
O001750,P016,1,36.0
O001750,P023,1,98.0
O001751,P003,1,89.0
O001752,P023,1,98.0
O001752,P006,1,22.0
O001752,P004,1,64.0
O001753,P006,1,22.0
O001753,P009,1,35.0
O001754,P003,1,89.0
O001754,P015,1,76.0
O001755,P008,1,72.0
O001756,P004,1,64.0
O001757,P019,1,19.0
O001758,P018,1,24.0
O001758,P001,1,129.0
O001759,P021,1,62.0
O001759,P023,3,98.0
O001760,P015,1,76.0
O001761,P015,1,76.0
O001762,P006,1,22.0
O001763,P012,1,20.0
O001763,P016,1,36.0
O001763,P017,3,58.0
O001763,P018,1,24.0
O001764,P010,1,39.0
O001764,P005,-1,48.0
O001765,P018,1,24.0
O001766,P006,2,22.0
O001767,P006,1,22.0
O001768,P021,1,62.0
O001769,P016,1,36.0
O001770,P002,3,169.0
O001771,P020,1,28.0
O001772,P018,1,24.0
O001773,P014,1,118.0
O001774,P020,3,28.0
O001774,P016,1,36.0
O001775,P018,2,24.0
O001775,P008,1,72.0
O001776,P012,1,20.0
O001777,P015,2,76.0
O001778,P011,1,55.0
O001778,P001,1,129.0
O001779,P023,2,98.0
O001779,P008,1,72.0
O001780,P018,-1,24.0
O001780,P013,1,32.0
O001780,P016,1,36.0
O001781,P016,1,36.0
O001782,P008,1,72.0
O001782,P015,1,76.0
O001783,P008,1,72.0
O001783,P023,1,98.0
O001784,P006,2,22.0
O001785,P018,1,24.0
O001785,P015,1,76.0
O001785,P019,2,19.0
O001786,P016,1,36.0
O001787,P008,2,72.0
O001788,P008,1,72.0
O001789,P013,1,32.0
O001790,P018,1,24.0
O001791,P003,1,89.0
O001792,P002,2,169.0
O001792,P001,1,129.0
O001793,P018,1,24.0
O001793,P003,1,89.0
O001793,P008,1,72.0
O001794,P010,1,39.0
O001795,P001,1,129.0
O001796,P018,1,24.0
O001797,P021,2,62.0
O001797,P012,1,20.0
O001798,P013,1,32.0
O001798,P004,1,64.0
O001799,P018,1,24.0
O001800,P010,1,39.0
O001801,P021,1,62.0
O001801,P016,1,36.0
O001802,P006,1,22.0
O001802,P009,1,35.0
O001802,P014,2,118.0
O001802,P008,1,72.0
O001803,P013,1,32.0
O001804,P018,1,24.0
O001804,P012,1,20.0
O001804,P004,2,64.0
O001804,P013,1,32.0
O001805,P004,1,64.0
O001806,P006,1,22.0
O001807,P003,1,89.0
O001808,P023,1,98.0
O001809,P013,1,32.0
O001809,P021,1,62.0
O001809,P018,1,24.0
O001810,P004,1,64.0
O001811,P012,1,20.0
O001812,P001,1,129.0
O001813,P021,1,62.0
O001814,P014,1,118.0
O001814,P018,1,24.0
O001815,P016,1,36.0
O001815,P008,2,72.0
O001816,P006,1,22.0
O001817,P023,1,98.0
O001818,P006,1,22.0
O001818,P009,1,35.0
O001818,P013,1,32.0
O001818,P012,2,20.0
O001819,P006,1,22.0
O001819,P003,1,89.0
O001820,P010,1,39.0
O001821,P020,1,28.0
O001822,P006,1,22.0
O001823,P015,1,76.0
O001823,P006,2,22.0
O001824,P021,1,62.0
O001824,P011,1,55.0
O001825,P002,3,169.0
O001826,P017,2,58.0
O001826,P018,1,24.0
O001827,P013,1,32.0
O001827,P004,1,64.0
O001827,P019,1,19.0
O001828,P005,1,48.0
O001828,P016,1,36.0
O001829,P023,2,98.0
O001830,P005,3,48.0
O001830,P007,1,41.0
O001830,P018,1,24.0
O001831,P008,3,72.0
O001832,P016,1,36.0
O001833,P008,1,72.0
O001833,P003,1,89.0
O001834,P017,1,58.0
O001835,P018,1,24.0
O001836,P018,1,24.0
O001837,P004,1,64.0
O001838,P017,1,58.0
O001838,P016,3,36.0
O001839,P003,1,89.0
O001840,P021,1,62.0
O001840,P019,1,19.0
O001841,P020,1,28.0
O001841,P008,1,72.0
O001841,P001,1,129.0
O001841,P018,1,24.0
O001842,P004,1,64.0
O001842,P009,1,35.0
O001842,P003,1,89.0
O001843,P016,1,36.0
O001843,P001,1,129.0
O001844,P009,1,35.0
O001845,P006,2,22.0
O001846,P016,1,36.0
O001847,P006,1,22.0
O001848,P016,2,36.0
O001849,P018,2,24.0
O001849,P003,1,89.0
O001850,P011,1,55.0
O001850,P014,1,118.0
O001850,P007,1,41.0
O001850,P018,1,24.0
O001851,P014,1,118.0
O001851,P016,1,36.0
O001852,P021,1,62.0
O001853,P009,1,35.0
O001854,P006,1,22.0
O001854,P016,1,36.0
O001855,P013,1,32.0
O001855,P009,1,35.0
O001855,P010,1,39.0
O001856,P001,1,129.0
O001857,P018,2,24.0
O001857,P016,2,36.0
O001857,P008,1,72.0
O001858,P012,1,20.0
O001858,P003,1,89.0
O001858,P017,2,58.0
O001858,P009,1,35.0
O001859,P005,1,48.0
O001859,P018,1,24.0
O001860,P018,1,24.0
O001861,P017,1,58.0
O001862,P016,3,36.0
O001862,P015,1,76.0
O001863,P006,1,22.0
O001863,P012,1,20.0
O001863,P015,1,76.0
O001864,P002,1,169.0
O001865,P008,1,72.0
O001865,P018,1,24.0
O001866,P006,1,22.0
O001866,P003,2,89.0
O001867,P017,1,58.0
O001868,P004,1,64.0
O001869,P008,1,72.0
O001869,P020,1,28.0
O001870,P016,1,36.0
O001870,P018,1,24.0
O001871,P006,3,22.0
O001872,P004,1,64.0
O001873,P017,1,58.0
O001874,P001,2,129.0
O001875,P005,1,48.0
O001875,P016,1,36.0
O001876,P006,1,22.0
O001877,P002,1,169.0
O001878,P021,1,62.0
O001878,P023,1,
O001879,P015,1,76.0
O001880,P002,1,169.0
O001881,P004,1,64.0
O001881,P013,1,32.0
O001882,P018,1,24.0
O001882,P019,3,19.0
O001883,P002,2,169.0
O001884,P001,1,129.0
O001885,P004,1,64.0
O001886,P018,1,24.0
O001887,P015,1,76.0
O001888,P016,1,36.0
O001888,P010,1,39.0
O001889,P012,1,20.0
O001889,P001,1,129.0
O001889,P002,1,169.0
O001889,P017,1,58.0
O001890,P019,1,19.0
O001891,P016,1,36.0
O001892,P020,1,28.0
O001893,P001,1,129.0
O001894,P016,1,36.0
O001895,P011,1,55.0
O001895,P004,1,64.0
O001895,P010,1,39.0
O001895,P015,1,76.0
O001896,P009,1,35.0
O001897,P009,1,35.0
O001897,P006,1,22.0
O001898,P001,1,129.0
O001899,P008,1,72.0
O001900,P023,1,98.0
O001901,P019,1,19.0
O001902,P009,2,35.0
O001902,P008,1,72.0
O001902,P023,1,98.0
O001902,P016,1,36.0
O001903,P003,1,89.0
O001904,P023,1,98.0
O001905,P013,1,32.0
O001906,P017,1,58.0
O001906,P001,1,129.0
O001906,P015,1,76.0
O001907,P008,2,72.0
O001908,P008,1,72.0
O001908,P006,2,22.0
O001909,P008,2,72.0
O001910,P001,1,129.0
O001911,P016,1,36.0
O001912,P018,1,24.0
O001912,P003,1,89.0
O001912,P015,1,76.0
O001913,P013,1,32.0
O001914,P022,1,54.0
O001914,P002,1,169.0
O001914,P006,2,22.0
O001914,P007,1,41.0
O001915,P013,1,32.0
O001915,P023,2,98.0
O001916,P013,1,32.0
O001917,P021,1,62.0
O001917,P009,1,35.0
O001917,P001,1,129.0
O001918,P017,1,58.0
O001919,P004,1,64.0
O001920,P007,1,41.0
O001921,P018,1,24.0
O001922,P018,1,24.0
O001923,P016,1,36.0
O001923,P012,1,20.0
O001923,P014,1,118.0
O001924,P020,3,28.0
O001924,P012,1,20.0
O001925,P018,1,24.0
O001925,P016,1,36.0
O001925,P002,1,169.0
O001926,P004,1,64.0
O001927,P018,1,24.0
O001927,P012,1,20.0
O001928,P003,1,89.0
O001928,P004,2,64.0
O001928,P014,1,118.0
O001929,P009,1,35.0
O001929,P001,1,129.0
O001929,P003,1,89.0
O001930,P008,3,72.0
O001930,P019,2,19.0
O001930,P016,1,36.0
O001931,P023,1,98.0
O001931,P005,1,48.0
O001932,P010,1,39.0
O001933,P002,1,169.0
O001934,P003,1,89.0
O001935,P002,1,169.0
O001935,P018,1,24.0
O001936,P009,1,35.0
O001937,P013,1,32.0
O001938,P021,2,62.0
O001939,P017,1,58.0
O001940,P009,1,35.0
O001940,P006,1,22.0
O001940,P013,1,32.0
O001940,P004,1,64.0
O001941,P016,1,36.0
O001942,P016,1,36.0
O001943,P018,1,24.0
O001944,P017,1,58.0
O001945,P016,2,36.0
O001946,P016,3,36.0
O001947,P015,1,76.0
O001948,P006,2,22.0
O001948,P018,1,24.0
O001949,P023,2,98.0
O001950,P001,1,129.0
O001950,P013,1,32.0
O001951,P017,1,58.0
O001952,P017,2,58.0
O001953,P008,1,72.0
O001954,P020,1,28.0
O001955,P018,1,24.0
O001956,P014,1,118.0
O001957,P015,2,76.0
O001958,P023,1,98.0
O001959,P009,1,35.0
O001959,P006,1,22.0
O001960,P008,1,72.0
O001960,P011,1,55.0
O001961,P017,1,58.0
O001961,P008,1,72.0
O001962,P018,1,24.0
O001963,P017,1,58.0
O001963,P002,1,169.0
O001964,P022,3,54.0
O001964,P004,1,64.0
O001965,P008,1,72.0
O001966,P011,2,55.0
O001967,P015,1,76.0
O001968,P018,1,24.0
O001968,P013,1,32.0
O001969,P004,1,64.0
O001969,P006,1,22.0
O001970,P002,2,169.0
O001971,P016,1,36.0
O001972,P004,2,64.0
O001972,P018,1,24.0
O001973,P001,1,129.0
O001973,P019,2,19.0
O001974,P009,1,35.0
O001975,P012,1,20.0
O001975,P002,1,169.0
O001975,P005,1,48.0
O001976,P016,1,36.0
O001976,P009,1,35.0
O001976,P018,1,24.0
O001976,P003,1,89.0
O001977,P013,1,32.0
O001977,P018,1,24.0
O001978,P008,1,72.0
O001979,P003,1,89.0
O001979,P013,1,32.0
O001979,P001,1,129.0
O001980,P016,1,36.0
O001980,P018,1,24.0
O001981,P010,2,39.0
O001981,P008,2,72.0
O001982,P011,1,55.0
O001982,P005,1,48.0
O001983,P004,1,64.0
O001984,P015,1,76.0
O001984,P021,1,62.0
O001985,P012,2,20.0
O001985,P001,1,129.0
O001985,P006,2,22.0
O001985,P005,2,48.0
O001986,P014,1,118.0
O001986,P006,1,22.0
O001987,P009,1,35.0
O001987,P018,1,24.0
O001988,P016,1,36.0
O001989,P016,1,36.0
O001990,P005,1,48.0
O001990,P017,1,58.0
O001991,P018,1,24.0
O001992,P001,2,129.0
O001993,P001,1,129.0
O001994,P001,2,129.0
O001995,P016,2,36.0
O001996,P006,1,22.0
O001997,P007,1,41.0
O001998,P004,2,64.0
O001999,P009,1,35.0
O002000,P009,1,35.0
O002000,P008,1,72.0
O002000,P011,1,55.0
O002001,P002,1,169.0
O002001,P018,1,24.0
O002001,P015,1,76.0
O002002,P016,1,36.0
O002002,P002,2,169.0
O002003,P008,1,72.0
O002003,P017,2,58.0
O002003,P004,1,64.0
O002003,P015,1,76.0
O002004,P003,2,89.0
O002004,P019,1,19.0
O002005,P013,1,32.0
O002006,P008,1,72.0
O002006,P015,1,76.0
O002007,P013,1,32.0
O002008,P006,2,22.0
O002009,P004,1,64.0
O002010,P015,1,76.0
O002011,P023,1,98.0
O002012,P003,1,89.0
O002013,P008,1,72.0
O002013,P009,1,35.0
O002013,P018,1,24.0
O002014,P002,1,169.0
O002015,P016,1,36.0
O002016,P018,2,24.0
O002016,P019,1,19.0
O002016,P021,1,62.0
O002016,P001,1,129.0
O002017,P016,1,36.0
O002017,P006,1,22.0
O002018,P015,1,76.0
O002019,P023,1,98.0
O002020,P018,1,24.0
O002021,P001,1,129.0
O002022,P009,1,35.0
O002023,P009,1,35.0
O002023,P021,1,62.0
O002024,P012,1,20.0
O002025,P013,1,32.0
O002026,P020,1,28.0
O002026,P001,2,129.0
O002027,P009,1,35.0
O002027,P006,1,22.0
O002027,P015,1,76.0
O002027,P003,1,89.0
O002028,P006,1,22.0
O002029,P016,1,36.0
O002030,P004,1,64.0
O002031,P015,1,76.0
O002032,P015,1,76.0
O002032,P010,1,39.0
O002033,P012,2,20.0
O002033,P001,1,129.0
O002033,P003,1,89.0
O002034,P012,1,20.0
O002035,P023,1,98.0
O002035,P016,1,36.0
O002036,P012,2,20.0
O002037,P012,1,20.0
O002037,P004,1,64.0
O002038,P009,1,35.0
O002038,P012,1,20.0
O002038,P006,1,22.0
O002039,P007,1,41.0
O002040,P012,1,20.0
O002041,P017,1,58.0
O002041,P008,1,72.0
O002042,P012,1,20.0
O002043,P018,1,24.0
O002044,P013,1,32.0
O002044,P018,1,24.0
O002045,P014,1,118.0
O002046,P009,1,35.0
O002046,P003,1,89.0
O002047,P008,1,72.0
O002047,P016,1,36.0
O002048,P021,1,62.0
O002048,P009,2,35.0
O002049,P003,2,89.0
O002050,P018,1,24.0
O002051,P018,1,24.0
O002052,P012,1,20.0
O002052,P023,1,98.0
O002053,P006,1,22.0
O002054,P003,1,89.0
O002054,P010,1,39.0
O002055,P018,1,24.0
O002056,P009,1,35.0
O002056,P008,1,72.0
O002057,P001,1,129.0
O002058,P023,1,98.0
O002058,P016,1,36.0
O002058,P018,2,24.0
O002059,P020,1,28.0
O002060,P018,1,24.0
O002061,P016,1,36.0
O002062,P013,1,32.0
O002062,P021,1,62.0
O002063,P003,1,89.0
O002063,P016,1,36.0
O002064,P023,1,98.0
O002065,P004,1,64.0
O002066,P018,1,24.0
O002067,P003,1,89.0
O002067,P006,3,22.0
O002068,P004,1,64.0
O002068,P008,1,72.0
O002068,P010,1,39.0
O002068,P023,1,98.0
O002069,P001,1,129.0
O002070,P017,2,58.0
O002070,P015,1,76.0
O002070,P008,1,72.0
O002070,P019,1,19.0
O002071,P003,1,89.0
O002072,P001,1,129.0
O002073,P012,1,20.0
O002074,P021,1,62.0
O002075,P021,2,62.0
O002076,P008,1,72.0
O002077,P023,1,98.0
O002078,P015,1,76.0
O002079,P008,1,72.0
O002080,P012,1,20.0
O002080,P003,1,89.0
O002081,P016,2,36.0
O002082,P018,1,24.0
O002083,P015,1,76.0
O002084,P017,1,58.0
O002084,P015,1,76.0
O002085,P014,1,118.0
O002085,P008,2,72.0
O002085,P001,1,129.0
O002085,P011,1,55.0
O002086,P021,2,62.0
O002087,P018,1,24.0
O002088,P009,1,35.0
O002089,P017,1,58.0
O002090,P009,1,35.0
O002091,P008,2,72.0
O002092,P018,1,24.0
O002093,P015,1,76.0
O002093,P009,1,35.0
O002093,P004,1,64.0
O002094,P001,1,129.0
O002095,P016,1,36.0
O002095,P003,2,89.0
O002096,P021,2,62.0
O002096,P023,1,98.0
O002097,P004,1,64.0
O002098,P018,1,24.0
O002099,P015,1,76.0
O002100,P012,1,20.0
O002101,P009,1,35.0
O002101,P001,1,129.0
O002102,P012,1,20.0
O002103,P016,1,36.0
O002104,P015,1,76.0
O002104,P016,1,36.0
O002104,P018,1,24.0
O002105,P023,3,98.0
O002106,P016,1,36.0
O002106,P012,1,20.0
O002106,P018,1,24.0
O002106,P013,1,32.0
O002107,P005,1,48.0
O002108,P020,1,28.0
O002109,P006,1,22.0
O002110,P015,1,76.0
O002111,P013,1,32.0
O002111,P016,1,36.0
O002112,P006,1,22.0
O002112,P020,1,28.0
O002112,P004,1,64.0
O002113,P009,1,35.0
O002114,P001,2,129.0
O002114,P020,1,28.0
O002115,P011,1,55.0
O002116,P019,1,19.0
O002116,P005,1,48.0
O002117,P008,1,72.0
O002117,P006,1,22.0
O002118,P004,3,64.0
O002119,P021,1,62.0
O002120,P017,1,58.0
O002120,P003,1,89.0
O002121,P012,1,20.0
O002122,P004,1,64.0
O002123,P012,1,20.0
O002124,P005,2,48.0
O002124,P021,1,62.0
O002125,P001,1,129.0
O002125,P006,1,22.0
O002126,P001,1,129.0
O002126,P006,2,22.0
O002127,P018,1,24.0
O002128,P008,2,72.0
O002128,P012,2,20.0
O002129,P003,1,89.0
O002130,P013,1,32.0
O002130,P009,1,35.0
O002131,P009,1,35.0
O002131,P008,1,72.0
O002132,P001,1,129.0
O002133,P009,2,35.0
O002134,P009,1,35.0
O002134,P010,1,39.0
O002135,P009,1,35.0
O002135,P008,1,72.0
O002136,P008,1,72.0
O002137,P002,1,169.0
O002138,P009,1,35.0
O002139,P012,1,20.0
O002140,P017,1,58.0
O002141,P004,1,64.0
O002142,P001,1,129.0
O002143,P012,1,20.0
O002144,P018,1,24.0
O002144,P006,1,22.0
O002145,P019,2,19.0
O002146,P016,1,36.0
O002146,P008,1,72.0
O002147,P016,2,36.0
O002147,P018,1,24.0
O002148,P018,1,24.0
O002149,P012,1,20.0
O002150,P001,1,129.0
O002151,P003,1,89.0
O002152,P009,1,35.0
O002153,P006,2,22.0
O002153,P004,1,64.0
O002154,P014,1,118.0
O002155,P012,2,20.0
O002156,P008,1,72.0
O002156,P001,1,129.0
O002157,P020,1,28.0
O002157,P021,2,62.0
O002158,P018,2,24.0
O002159,P004,3,64.0
O002159,P002,1,169.0
O002159,P008,1,72.0
O002159,P005,1,48.0
O002160,P021,2,62.0
O002160,P012,1,20.0
O002161,P021,1,62.0
O002162,P008,1,72.0
O002162,P012,1,20.0
O002163,P018,1,24.0
O002164,P006,1,22.0
O002165,P009,1,35.0
O002165,P015,1,76.0
O002165,P006,1,22.0
O002165,P004,1,64.0
O002166,P005,2,48.0
O002166,P019,1,19.0
O002167,P015,1,76.0
O002168,P002,1,169.0
O002168,P012,2,20.0
O002169,P023,1,98.0
O002170,P019,1,19.0
O002171,P013,1,32.0
O002171,P021,1,62.0
O002171,P003,1,89.0
O002172,P022,1,54.0
O002172,P018,1,24.0
O002172,P003,1,89.0
O002173,P001,1,129.0
O002173,P018,1,24.0
O002173,P004,2,64.0
O002174,P021,2,62.0
O002174,P016,2,36.0
O002175,P015,1,76.0
O002176,P006,1,22.0
O002177,P017,1,58.0
O002178,P015,1,76.0
O002179,P004,2,64.0
O002179,P021,1,62.0
O002180,P023,1,98.0
O002180,P002,1,169.0
O002181,P001,1,129.0
O002182,P003,2,89.0
O002183,P008,1,72.0
O002184,P001,1,129.0
O002185,P018,1,24.0
O002186,P015,2,76.0
O002187,P002,1,169.0
O002187,P018,1,24.0
O002188,P006,1,22.0
O002188,P021,1,62.0
O002189,P006,1,22.0
O002190,P008,1,72.0
O002190,P016,1,36.0
O002191,P021,1,62.0
O002191,P001,-1,129.0
O002192,P018,1,24.0
O002192,P009,1,35.0
O002193,P019,1,19.0
O002193,P016,1,36.0
O002194,P013,2,32.0
O002194,P006,1,22.0
O002195,P004,1,64.0
O002195,P014,1,118.0
O002196,P017,1,58.0
O002197,P012,1,20.0
O002197,P023,1,98.0
O002198,P012,1,20.0
O002199,P004,1,64.0
O002200,P018,2,24.0
O002201,P003,1,89.0
O002202,P017,1,58.0
O002203,P023,3,98.0
O002204,P018,2,24.0
O002205,P018,1,24.0
O002206,P003,1,89.0
O002207,P022,1,54.0
O002208,P004,1,64.0
O002209,P017,1,58.0
O002209,P002,1,169.0
O002210,P017,1,58.0
O002211,P023,2,98.0
O002212,P018,1,24.0
O002213,P022,1,54.0
O002213,P018,1,24.0
O002214,P005,1,48.0
O002215,P009,2,35.0
O002216,P003,1,89.0
O002216,P016,1,36.0
O002217,P005,1,48.0
O002218,P018,1,24.0
O002218,P008,1,72.0
O002218,P003,1,89.0
O002219,P003,1,89.0
O002219,P012,1,20.0
O002220,P006,1,22.0
O002221,P022,1,54.0
O002221,P014,1,118.0
O002221,P010,1,39.0
O002222,P002,1,169.0
O002223,P016,1,36.0
O002224,P007,1,41.0
O002225,P004,2,64.0
O002226,P004,1,64.0
O002226,P019,1,19.0
O002227,P012,1,20.0
O002228,P001,1,129.0
O002229,P020,1,28.0
O002229,P012,1,20.0
O002230,P016,1,36.0
O002230,P019,1,19.0
O002230,P023,1,98.0
O002231,P017,1,58.0
O002232,P012,1,20.0
O002233,P019,1,19.0
O002233,P003,1,89.0
O002234,P003,2,89.0
O002234,P004,1,64.0
O002235,P018,1,24.0
O002236,P008,1,72.0
O002236,P019,2,19.0
O002237,P021,1,62.0
O002238,P017,1,58.0
O002239,P002,1,169.0
O002240,P004,2,64.0
O002240,P006,1,22.0
O002240,P012,1,20.0
O002241,P012,2,20.0
O002241,P006,1,22.0
O002241,P018,1,24.0
O002241,P023,1,98.0
O002242,P017,2,58.0
O002243,P003,1,89.0
O002244,P012,1,20.0
O002244,P018,1,24.0
O002245,P018,1,24.0
O002246,P018,1,24.0
O002246,P004,1,64.0
O002247,P003,2,89.0
O002247,P018,1,24.0
O002248,P023,3,98.0
O002248,P004,1,64.0
O002249,P004,1,64.0
O002250,P015,1,76.0
O002250,P023,1,98.0
O002251,P007,1,41.0
O002252,P001,1,129.0
O002252,P014,1,118.0
O002252,P015,1,76.0
O002253,P004,2,64.0
O002254,P010,1,39.0
O002254,P006,1,22.0
O002254,P013,1,32.0
O002255,P004,1,64.0
O002255,P019,2,19.0
O002255,P013,1,32.0
O002256,P020,1,28.0
O002257,P014,1,118.0
O002258,P018,1,24.0
O002258,P017,1,58.0
O002258,P010,1,39.0
O002259,P021,1,62.0
O002259,P004,1,64.0
O002260,P003,1,89.0
O002260,P012,1,20.0
O002261,P003,2,89.0
O002261,P008,1,72.0
O002262,P004,1,64.0
O002263,P010,1,39.0
O002264,P009,1,35.0
O002265,P019,1,19.0
O002265,P004,1,64.0
O002266,P010,1,39.0
O002266,P013,1,32.0
O002267,P011,1,55.0
O002268,P015,1,76.0
O002268,P009,1,35.0
O002269,P017,1,58.0
O002269,P009,2,35.0
O002270,P019,2,19.0
O002270,P001,2,129.0
O002271,P016,3,36.0
O002271,P010,1,39.0
O002272,P012,1,20.0
O002273,P012,1,20.0
O002273,P004,1,64.0
O002273,P008,1,72.0
O002274,P019,3,19.0
O002275,P021,1,62.0
O002275,P016,1,36.0
O002276,P014,1,118.0
O002277,P008,1,72.0
O002278,P004,1,64.0
O002278,P002,1,169.0
O002278,P008,1,72.0
O002279,P005,1,48.0
O002280,P010,1,39.0
O002280,P011,1,55.0
O002280,P009,3,35.0
O002281,P004,1,64.0
O002282,P001,1,129.0
O002283,P002,2,169.0
O002283,P013,1,32.0
O002284,P001,1,129.0
O002284,P018,1,24.0
O002285,P019,1,19.0
O002286,P023,1,98.0
O002286,P017,1,58.0
O002286,P018,1,24.0
O002286,P020,1,28.0
O002287,P020,1,28.0
O002288,P017,1,58.0
O002289,P003,1,89.0
O002289,P016,1,36.0
O002290,P004,1,64.0
O002290,P019,1,19.0
O002290,P015,1,76.0
O002291,P020,1,28.0
O002292,P013,1,32.0
O002293,P013,1,32.0
O002293,P012,1,20.0
O002293,P020,1,28.0
O002293,P004,1,64.0
O002294,P018,1,24.0
O002294,P008,1,72.0
O002295,P021,2,62.0
O002296,P006,1,22.0
O002296,P017,1,58.0
O002296,P012,1,20.0
O002296,P008,2,72.0
O002297,P006,1,22.0
O002298,P008,1,72.0
O002298,P023,1,98.0
O002299,P005,1,48.0
O002300,P016,1,36.0
O002300,P001,1,129.0
O002301,P008,1,72.0
O002301,P018,3,24.0
O002301,P006,2,22.0
O002301,P019,1,19.0
O002302,P023,1,98.0
O002303,P023,2,98.0
O002304,P018,1,24.0
O002305,P001,1,129.0
O002306,P017,1,58.0
O002307,P006,2,22.0
O002308,P019,1,19.0
O002309,P001,1,129.0
O002309,P019,1,19.0
O002309,P021,1,62.0
O002310,P023,1,98.0
O002311,P014,1,118.0
O002312,P018,1,24.0
O002312,P004,1,64.0
O002313,P001,1,129.0
O002314,P004,1,64.0
O002315,P010,1,39.0
O002315,P012,1,20.0
O002316,P009,1,35.0
O002317,P006,1,22.0
O002318,P001,1,129.0
O002318,P022,1,54.0
O002318,P004,1,64.0
O002319,P011,1,55.0
O002319,P018,1,24.0
O002319,P016,1,36.0
O002320,P016,1,36.0
O002320,P018,3,24.0
O002320,P013,1,32.0
O002321,P004,2,64.0
O002322,P018,2,24.0
O002323,P012,1,20.0
O002323,P021,1,62.0
O002323,P001,1,129.0
O002324,P002,1,169.0
O002324,P001,1,129.0
O002325,P004,1,64.0
O002326,P012,1,20.0
O002326,P023,1,98.0
O002327,P016,1,36.0
O002328,P001,1,129.0
O002328,P011,1,55.0
O002328,P021,1,62.0
O002329,P010,1,39.0
O002329,P007,1,41.0
O002330,P006,1,22.0
O002330,P019,1,19.0
O002330,P021,1,62.0
O002331,P023,1,98.0
O002332,P017,2,58.0
O002332,P013,1,32.0
O002332,P004,1,64.0
O002333,P023,1,98.0
O002333,P012,1,20.0
O002333,P017,1,58.0
O002333,P005,1,48.0
O002334,P012,3,20.0
O002335,P010,1,39.0
O002335,P004,1,64.0
O002335,P011,1,55.0
O002336,P012,1,20.0
O002336,P010,2,39.0
O002336,P018,2,24.0
O002337,P004,1,64.0
O002338,P006,1,22.0
O002339,P004,1,64.0
O002340,P012,1,20.0
O002341,P015,1,76.0
O002342,P021,1,62.0
O002342,P015,1,76.0
O002343,P006,1,22.0
O002343,P012,1,20.0
O002344,P020,1,28.0
O002345,P009,1,35.0
O002345,P016,1,36.0
O002346,P023,1,98.0
O002346,P016,1,36.0
O002347,P021,1,62.0
O002348,P016,2,36.0
O002349,P006,1,22.0
O002350,P006,2,22.0
O002351,P001,1,129.0
O002352,P001,1,129.0
O002353,P015,1,76.0
O002354,P013,1,32.0
O002355,P012,1,20.0
O002356,P015,1,76.0
O002356,P009,1,35.0
O002357,P003,1,89.0
O002358,P008,1,72.0
O002359,P008,1,72.0
O002359,P012,1,20.0
O002360,P017,2,58.0
O002361,P008,1,72.0
O002361,P019,1,19.0
O002362,P019,1,19.0
O002363,P009,1,35.0
O002363,P004,1,64.0
O002364,P004,1,64.0
O002365,P010,1,39.0
O002365,P008,2,72.0
O002366,P012,1,20.0
O002367,P021,1,62.0
O002368,P003,1,89.0
O002369,P016,1,36.0
O002370,P012,1,20.0
O002370,P008,2,72.0
O002371,P001,1,129.0
O002372,P017,1,58.0
O002373,P005,1,48.0
O002374,P016,1,36.0
O002374,P009,2,35.0
O002375,P021,1,62.0
O002376,P002,1,169.0
O002376,P004,2,64.0
O002377,P019,1,19.0
O002378,P018,1,24.0
O002378,P016,2,36.0
O002378,P017,1,58.0
O002379,P012,1,20.0
O002379,P002,1,169.0
O002380,P012,1,20.0
O002380,P002,1,169.0
O002381,P006,1,22.0
O002382,P015,1,76.0
O002383,P001,1,129.0
O002384,P023,1,98.0
O002384,P006,1,22.0
O002385,P003,1,89.0
O002385,P001,1,129.0
O002386,P014,1,118.0
O002386,P006,2,22.0
O002386,P022,1,54.0
O002386,P008,1,72.0
O002387,P008,1,72.0
O002387,P013,2,32.0
O002387,P006,3,22.0
O002388,P022,1,54.0
O002389,P009,1,35.0
O002390,P016,1,36.0
O002390,P006,1,22.0
O002391,P008,1,72.0
O002392,P006,1,22.0
O002393,P004,1,64.0
O002393,P021,1,62.0
O002394,P008,2,72.0
O002394,P007,1,41.0
O002395,P014,1,118.0
O002396,P008,1,72.0
O002396,P018,1,24.0
O002397,P020,1,28.0
O002398,P017,1,58.0
O002398,P019,3,19.0
O002399,P010,1,39.0
O002399,P018,2,24.0
O002399,P002,1,169.0
O002400,P004,1,64.0
O002401,P009,1,35.0
O002401,P012,1,20.0
O002401,P019,1,19.0
O002402,P001,1,129.0
O002403,P013,1,32.0
O002404,P020,1,28.0
O002404,P008,1,72.0
O002404,P016,1,36.0
O002405,P012,2,20.0
O002406,P014,1,118.0
O002407,P004,1,64.0
O002407,P017,1,58.0
O002408,P023,1,98.0
O002409,P013,1,32.0
O002410,P005,1,48.0
O002411,P005,1,48.0
O002412,P021,2,62.0
O002413,P012,1,20.0
O002413,P009,1,35.0
O002414,P023,1,98.0
O002414,P006,1,22.0
O002415,P013,1,32.0
O002415,P019,1,19.0
O002416,P010,1,39.0
O002416,P021,1,62.0
O002417,P012,1,20.0
O002418,P014,1,118.0
O002418,P013,1,32.0
O002418,P001,2,129.0
O002418,P006,1,22.0
O002419,P002,1,169.0
O002419,P006,1,22.0
O002420,P003,1,89.0
O002421,P018,1,24.0
O002422,P004,1,64.0
O002422,P002,1,169.0
O002422,P001,1,129.0
O002423,P017,1,58.0
O002423,P008,1,72.0
O002424,P017,1,58.0
O002425,P017,1,58.0
O002426,P005,1,48.0
O002427,P003,1,89.0
O002427,P023,1,98.0
O002428,P018,1,24.0
O002429,P013,2,32.0
O002430,P012,1,20.0
O002430,P006,1,22.0
O002430,P016,1,36.0
O002431,P003,1,89.0
O002432,P002,1,169.0
O002433,P006,1,
O002434,P019,1,19.0
O002434,P017,1,58.0
O002435,P021,1,62.0
O002436,P021,1,62.0
O002437,P004,1,64.0
O002437,P010,1,39.0
O002437,P015,1,76.0
O002438,P013,1,32.0
O002439,P004,1,64.0
O002439,P006,2,22.0
O002439,P016,1,36.0
O002440,P001,1,129.0
O002441,P009,1,35.0
O002441,P023,1,98.0
O002442,P020,1,28.0
O002443,P019,1,19.0
O002443,P008,2,72.0
O002444,P004,1,64.0
O002444,P012,1,20.0
O002444,P010,1,39.0
O002445,P012,2,20.0
O002446,P003,1,89.0
O002447,P012,1,20.0
O002448,P015,1,76.0
O002449,P018,1,24.0
O002450,P002,1,169.0
O002450,P023,2,98.0
O002451,P017,2,58.0
O002451,P008,1,72.0
O002452,P004,1,64.0
O002452,P017,1,58.0
O002453,P003,3,89.0
O002453,P023,1,98.0
O002454,P003,1,89.0
O002454,P004,1,64.0
O002454,P005,1,48.0
O002455,P001,1,129.0
O002455,P022,1,54.0
O002456,P015,1,76.0
O002457,P013,1,32.0
O002458,P015,1,76.0
O002458,P021,1,62.0
O002458,P006,1,22.0
O002459,P016,2,36.0
O002460,P022,1,54.0
O002460,P016,1,36.0
O002461,P008,2,72.0
O002461,P018,1,24.0
O002462,P002,2,169.0
O002462,P018,2,24.0
O002463,P023,1,98.0
O002463,P021,1,62.0
O002463,P005,1,48.0
O002464,P002,2,169.0
O002465,P001,1,129.0
O002466,P004,1,64.0
O002467,P022,1,54.0
O002468,P003,1,89.0
O002468,P001,2,129.0
O002469,P006,2,22.0
O002470,P016,1,36.0
O002471,P012,1,20.0
O002472,P012,1,20.0
O002473,P013,3,32.0
O002473,P002,1,169.0
O002474,P021,1,62.0
O002474,P017,1,58.0
O002474,P022,1,54.0
O002475,P021,1,62.0
O002476,P006,3,22.0
O002476,P009,1,35.0
O002477,P006,1,22.0
O002478,P021,1,62.0
O002479,P015,1,76.0
O002479,P004,1,64.0
O002479,P014,1,118.0
O002480,P008,1,72.0
O002481,P004,1,64.0
O002482,P009,1,35.0
O002482,P003,1,89.0
O002482,P004,1,64.0
O002482,P007,1,41.0
O002483,P016,1,36.0
O002483,P013,1,32.0
O002483,P021,1,62.0
O002484,P006,1,22.0
O002485,P016,1,36.0
O002486,P019,1,19.0
O002486,P017,1,58.0
O002486,P006,2,22.0
O002487,P002,1,169.0
O002488,P018,1,24.0
O002489,P011,1,55.0
O002490,P002,1,169.0
O002491,P012,1,20.0
O002491,P008,2,72.0
O002491,P016,1,36.0
O002492,P013,1,32.0
O002492,P006,1,22.0
O002493,P006,1,22.0
O002493,P008,1,72.0
O002493,P012,1,20.0
O002493,P020,2,28.0
O002494,P012,1,20.0
O002495,P008,2,72.0
O002496,P004,1,64.0
O002497,P017,1,58.0
O002498,P012,1,20.0
O002498,P004,1,64.0
O002499,P020,1,28.0
O002500,P005,1,48.0
O002501,P006,1,22.0
O002502,P018,1,24.0
O002503,P013,1,32.0
O002504,P004,2,64.0
O002505,P017,1,58.0
O002506,P001,1,129.0
O002507,P003,1,89.0
O002508,P006,1,22.0
O002509,P016,1,36.0
O002510,P017,1,58.0
O002510,P014,1,118.0
O002511,P001,1,129.0
O002512,P017,1,58.0
O002513,P008,1,72.0
O002514,P008,1,72.0
O002515,P012,1,20.0
O002516,P021,1,62.0
O002517,P021,1,62.0
O002518,P014,1,118.0
O002518,P013,1,32.0
O002518,P023,1,98.0
O002519,P008,1,72.0
O002519,P019,1,19.0
O002520,P021,1,62.0
O002520,P004,1,64.0
O002520,P002,1,169.0
O002521,P001,1,129.0
O002521,P017,1,58.0
O002521,P002,1,169.0
O002522,P007,1,41.0
O002523,P009,3,35.0
O002524,P012,1,20.0
O002524,P013,1,32.0
O002525,P012,1,20.0
O002526,P023,1,98.0
O002526,P012,1,20.0
O002527,P002,1,169.0
O002528,P012,1,20.0
O002529,P010,1,39.0
O002530,P013,1,32.0
O002531,P007,1,41.0
O002531,P023,1,98.0
O002531,P006,1,22.0
O002532,P018,2,24.0
O002532,P016,3,36.0
O002532,P006,1,22.0
O002532,P017,1,58.0
O002533,P002,1,169.0
O002534,P001,1,129.0
O002535,P006,1,22.0
O002536,P017,2,58.0
O002536,P006,1,22.0
O002537,P005,1,48.0
O002537,P012,1,20.0
O002537,P021,2,62.0
O002538,P015,1,76.0
O002539,P008,1,72.0
O002539,P004,1,64.0
O002540,P008,1,72.0
O002541,P008,1,72.0
O002541,P013,1,32.0
O002542,P006,1,22.0
O002543,P023,1,98.0
O002543,P016,3,36.0
O002543,P021,2,62.0
O002544,P008,2,72.0
O002545,P003,2,89.0
O002546,P004,1,64.0
O002546,P019,1,19.0
O002547,P015,1,76.0
O002547,P017,1,58.0
O002548,P003,2,89.0
O002549,P011,1,55.0
O002550,P016,1,36.0
O002550,P017,1,58.0
O002551,P001,1,129.0
O002552,P013,1,32.0
O002553,P021,2,62.0
O002554,P002,1,169.0
O002555,P004,2,64.0
O002556,P016,1,36.0
O002557,P017,1,58.0
O002557,P010,1,39.0
O002557,P004,1,64.0
O002558,P018,1,24.0
O002558,P008,1,72.0
O002559,P003,1,89.0
O002560,P021,1,62.0
O002561,P001,1,129.0
O002561,P023,1,98.0
O002561,P008,1,72.0
O002561,P010,1,39.0
O002562,P001,1,129.0
O002563,P018,2,24.0
O002564,P006,1,22.0
O002564,P005,3,48.0
O002565,P017,1,58.0
O002566,P004,1,64.0
O002567,P002,1,169.0
O002568,P022,1,54.0
O002569,P009,1,35.0
O002569,P003,1,89.0
O002569,P016,1,36.0
O002570,P013,1,32.0
O002571,P016,2,36.0
O002571,P021,1,62.0
O002572,P007,1,41.0
O002573,P013,1,32.0
O002574,P018,1,24.0
O002575,P004,1,64.0
O002576,P017,1,58.0
O002577,P003,2,89.0
O002577,P006,1,22.0
O002578,P023,1,98.0
O002579,P014,1,118.0
O002580,P003,1,89.0
O002581,P011,2,55.0
O002581,P013,2,32.0
O002582,P005,2,48.0
O002583,P008,1,72.0
O002584,P012,1,20.0
O002584,P016,1,36.0
O002584,P009,1,35.0
O002585,P013,1,32.0
O002586,P019,1,19.0
O002586,P006,1,22.0
O002587,P010,1,39.0
O002588,P004,1,64.0
O002588,P018,1,24.0
O002589,P006,1,22.0
O002589,P023,1,98.0
O002590,P003,1,89.0
O002591,P010,2,39.0
O002591,P013,1,32.0
O002592,P012,1,20.0
O002593,P020,1,28.0
O002594,P007,1,41.0
O002595,P008,1,72.0
O002596,P012,1,20.0
O002597,P019,1,19.0
O002597,P008,1,72.0
O002597,P006,1,22.0
O002598,P019,1,19.0
O002599,P009,1,35.0
O002600,P002,1,169.0
O002600,P008,2,72.0
O002600,P018,2,24.0
O002601,P009,1,35.0
O002602,P004,1,64.0
O002603,P008,1,72.0
O002604,P016,1,36.0
O002605,P010,1,39.0
O002606,P017,1,58.0
O002607,P013,1,32.0
O002607,P008,1,72.0
O002608,P015,1,76.0
O002609,P007,1,41.0
O002609,P006,2,22.0
O002610,P004,1,64.0
O002611,P002,1,169.0
O002611,P018,1,24.0
O002612,P017,1,58.0
O002612,P004,1,64.0
O002613,P003,2,89.0
O002614,P012,1,20.0
O002615,P008,1,72.0
O002615,P007,1,41.0
O002616,P012,1,20.0
O002617,P012,2,20.0
O002618,P001,1,129.0
O002618,P006,2,22.0
O002619,P002,1,169.0
O002619,P021,1,62.0
O002619,P004,1,64.0
O002620,P014,3,118.0
O002620,P006,1,22.0
O002621,P007,1,41.0
O002622,P003,1,89.0
O002623,P015,1,76.0
O002623,P001,2,129.0
O002623,P017,1,58.0
O002623,P007,2,41.0
O002624,P006,1,22.0
O002625,P014,1,118.0
O002625,P002,1,169.0
O002626,P004,2,64.0
O002627,P004,1,64.0
O002628,P023,1,98.0
O002629,P004,1,64.0
O002629,P003,1,89.0
O002630,P012,1,20.0
O002631,P008,2,72.0
O002632,P006,1,22.0
O002633,P018,1,24.0
O002634,P004,1,64.0
O002634,P017,1,58.0
O002634,P010,1,39.0
O002634,P012,1,20.0
O002635,P019,1,19.0
O002636,P008,1,72.0
O002636,P022,1,54.0
O002637,P006,2,22.0
O002637,P007,1,41.0
O002638,P021,1,62.0
O002638,P008,1,72.0
O002638,P017,1,58.0
O002639,P003,1,89.0
O002640,P012,1,20.0
O002641,P019,1,19.0
O002641,P004,1,64.0
O002642,P004,1,64.0
O002643,P003,2,89.0
O002644,P002,1,169.0
O002645,P010,1,39.0
O002646,P010,1,39.0
O002647,P018,1,24.0
O002648,P018,1,24.0
O002649,P019,1,19.0
O002650,P013,1,32.0
O002651,P023,1,98.0
O002651,P006,1,22.0
O002651,P001,1,129.0
O002652,P006,1,22.0
O002653,P018,1,24.0
O002654,P002,1,169.0
O002655,P018,1,24.0
O002655,P014,2,118.0
O002656,P010,1,39.0
O002656,P017,1,58.0
O002657,P013,1,32.0
O002657,P010,1,39.0
O002658,P004,1,64.0
O002659,P010,1,39.0
O002660,P006,1,22.0
O002661,P001,2,129.0
O002662,P012,1,20.0
O002662,P004,1,64.0
O002662,P001,1,129.0
O002663,P004,1,64.0
O002664,P017,1,58.0
O002664,P013,1,32.0
O002664,P011,1,55.0
O002665,P001,1,129.0
O002666,P017,1,58.0
O002667,P006,3,22.0
O002667,P002,1,169.0
O002667,P023,1,98.0
O002668,P006,2,22.0
O002669,P003,1,89.0
O002669,P020,1,28.0
O002670,P023,1,98.0
O002671,P021,1,62.0
O002672,P014,1,118.0
O002672,P021,1,62.0
O002673,P001,1,129.0
O002674,P013,1,32.0
O002675,P008,1,72.0
O002676,P018,2,24.0
O002676,P006,1,22.0
O002676,P023,1,98.0
O002676,P003,1,89.0
O002677,P019,1,19.0
O002677,P022,1,54.0
O002677,P018,1,24.0
O002677,P006,1,22.0
O002678,P005,1,48.0
O002679,P007,1,41.0
O002680,P013,3,32.0
O002680,P010,1,39.0
O002681,P012,1,20.0
O002681,P017,1,58.0
O002682,P003,1,89.0
O002682,P014,1,118.0
O002682,P004,1,64.0
O002683,P003,1,89.0
O002683,P019,1,19.0
O002683,P013,1,32.0
O002684,P020,1,28.0
O002684,P010,3,39.0
O002685,P004,1,64.0
O002685,P018,1,24.0
O002685,P003,3,89.0
O002686,P004,1,64.0
O002687,P012,1,20.0
O002688,P008,1,72.0
O002688,P001,1,129.0
O002689,P011,2,55.0
O002690,P001,1,129.0
O002690,P002,1,169.0
O002691,P011,1,55.0
O002692,P009,2,35.0
O002692,P001,1,129.0
O002692,P005,1,48.0
O002693,P009,1,35.0
O002693,P021,2,62.0
O002694,P013,1,32.0
O002694,P009,1,35.0
O002695,P021,1,62.0
O002696,P003,3,89.0
O002697,P004,1,64.0
O002698,P003,1,89.0
O002699,P014,1,118.0
O002699,P007,1,41.0
O002699,P017,1,58.0
O002700,P002,1,169.0
O002701,P002,2,169.0
O002702,P019,1,19.0
O002702,P008,1,72.0
O002703,P009,1,35.0
O002704,P002,1,169.0
O002704,P004,1,64.0
O002705,P002,1,169.0
O002706,P020,1,28.0
O002707,P005,1,48.0
O002708,P008,2,72.0
O002708,P004,1,64.0
O002709,P017,2,58.0
O002710,P001,1,129.0
O002711,P014,1,118.0
O002711,P018,3,24.0
O002712,P015,1,76.0
O002712,P001,1,129.0
O002712,P012,1,20.0
O002713,P006,1,22.0
O002714,P009,1,35.0
O002714,P002,1,169.0
O002714,P013,1,32.0
O002714,P008,1,72.0
O002715,P016,2,36.0
O002715,P003,2,89.0
O002715,P002,1,169.0
O002716,P006,1,22.0
O002717,P010,1,39.0
O002717,P003,2,89.0
O002718,P018,3,24.0
O002719,P005,1,48.0
O002719,P021,1,62.0
O002719,P020,1,28.0
O002720,P008,1,72.0
O002721,P018,1,24.0
O002722,P005,1,48.0
O002722,P023,1,98.0
O002723,P001,1,129.0
O002724,P017,1,58.0
O002724,P003,1,89.0
O002724,P009,1,35.0
O002725,P005,1,48.0
O002726,P021,1,62.0
O002727,P010,1,39.0
O002728,P004,2,64.0
O002729,P012,1,20.0
O002730,P003,1,89.0
O002731,P002,1,169.0
O002732,P007,1,41.0
O002733,P018,1,24.0
O002733,P008,1,72.0
O002733,P012,1,20.0
O002733,P006,1,22.0
O002734,P008,1,72.0
O002734,P013,1,32.0
O002735,P004,1,64.0
O002735,P018,1,24.0
O002736,P017,1,58.0
O002737,P019,2,19.0
O002738,P016,1,36.0
O002738,P014,1,118.0
O002739,P004,1,64.0
O002739,P013,1,32.0
O002740,P007,1,41.0
O002740,P017,1,58.0
O002741,P012,1,20.0
O002741,P006,2,22.0
O002741,P023,1,98.0
O002741,P004,3,64.0
O002742,P004,2,64.0
O002742,P018,1,24.0
O002743,P016,1,36.0
O002743,P006,1,22.0
O002744,P003,1,89.0
O002744,P023,2,98.0
O002745,P019,3,19.0
O002745,P005,1,48.0
O002746,P012,2,20.0
O002747,P013,2,32.0
O002747,P018,1,24.0
O002747,P006,1,22.0
O002747,P017,3,58.0
O002748,P017,1,58.0
O002749,P012,1,20.0
O002750,P002,1,169.0
O002750,P008,1,72.0
O002750,P015,1,76.0
O002750,P023,1,98.0
O002751,P004,2,64.0
O002752,P022,1,54.0
O002753,P001,1,129.0
O002753,P021,1,62.0
O002754,P019,1,19.0
O002754,P004,1,64.0
O002755,P018,1,24.0
O002756,P003,1,89.0
O002756,P012,2,20.0
O002757,P018,1,24.0
O002758,P020,1,28.0
O002758,P010,1,39.0
O002758,P012,1,20.0
O002759,P016,1,36.0
O002759,P013,1,32.0
O002760,P004,2,64.0
O002760,P016,1,36.0
O002760,P006,1,22.0
O002761,P003,1,89.0
O002761,P008,1,72.0
O002761,P023,1,98.0
O002762,P008,1,72.0
O002762,P004,1,64.0
O002763,P005,1,48.0
O002763,P004,1,64.0
O002764,P017,1,58.0
O002765,P009,2,35.0
O002765,P020,1,28.0
O002765,P022,1,54.0
O002765,P008,1,72.0
O002766,P004,1,64.0
O002767,P003,1,89.0
O002768,P007,1,41.0
O002769,P005,1,48.0
O002769,P012,1,20.0
O002770,P021,1,62.0
O002771,P022,1,54.0
O002772,P003,2,89.0
O002773,P019,1,19.0
O002773,P017,1,58.0
O002773,P011,1,55.0
O002774,P009,1,35.0
O002774,P018,2,24.0
O002775,P010,1,39.0
O002776,P012,1,20.0
O002777,P001,1,129.0
O002778,P013,1,32.0
O002779,P010,1,39.0
O002780,P003,1,89.0
O002780,P009,1,35.0
O002780,P016,1,36.0
O002781,P018,1,24.0
O002782,P004,1,64.0
O002782,P017,1,58.0
O002782,P005,1,48.0
O002782,P012,1,20.0
O002783,P023,2,98.0
O002783,P017,1,58.0
O002784,P002,1,169.0
O002785,P006,1,22.0
O002785,P018,2,24.0
O002786,P023,1,98.0
O002786,P015,1,76.0
O002786,P008,1,72.0
O002787,P008,1,72.0
O002788,P018,1,24.0
O002789,P020,1,28.0
O002789,P014,1,118.0
O002790,P013,1,32.0
O002791,P002,1,169.0
O002792,P007,1,41.0
O002792,P001,1,129.0
O002793,P008,1,72.0
O002793,P004,1,64.0
O002794,P006,2,22.0
O002795,P006,-1,22.0
O002796,P017,1,58.0
O002797,P012,1,20.0
O002798,P006,1,22.0
O002799,P004,1,64.0
O002799,P010,2,39.0
O002800,P008,1,72.0
O002801,P017,1,58.0
O002802,P007,1,41.0
O002803,P012,1,20.0
O002803,P016,1,36.0
O002804,P013,1,32.0
O002805,P015,1,76.0
O002806,P004,1,64.0
O002807,P008,1,72.0
O002808,P002,1,169.0
O002809,P018,2,24.0
O002810,P001,1,129.0
O002810,P012,1,20.0
O002811,P018,1,24.0
O002811,P019,1,19.0
O002811,P001,1,129.0
O002811,P005,1,48.0
O002812,P021,1,62.0
O002812,P015,1,76.0
O002812,P012,3,20.0
O002812,P005,1,48.0
O002813,P004,1,64.0
O002813,P021,1,62.0
O002813,P006,1,22.0
O002814,P007,1,41.0
O002814,P019,1,19.0
O002814,P001,1,129.0
O002814,P016,1,36.0
O002815,P013,1,32.0
O002815,P010,1,39.0
O002816,P012,1,20.0
O002817,P013,1,32.0
O002817,P019,2,19.0
O002818,P013,1,32.0
O002819,P012,2,20.0
O002820,P001,1,129.0
O002821,P008,1,72.0
O002821,P009,1,35.0
O002821,P020,2,28.0
O002822,P012,1,20.0
O002823,P006,1,22.0
O002824,P018,1,24.0
O002825,P019,1,19.0
O002826,P016,1,36.0
O002827,P008,1,72.0
O002828,P009,1,35.0
O002828,P017,1,58.0
O002828,P007,1,41.0
O002829,P007,1,41.0
O002829,P001,1,129.0
O002830,P001,1,129.0
O002831,P010,1,39.0
O002832,P005,1,48.0
O002833,P019,1,19.0
O002833,P018,3,24.0
O002834,P004,2,64.0
O002835,P017,1,58.0
O002835,P001,1,129.0
O002835,P019,1,19.0
O002836,P018,1,24.0
O002836,P006,1,22.0
O002837,P011,1,55.0
O002837,P017,1,58.0
O002838,P005,2,48.0
O002838,P004,2,64.0
O002839,P006,2,22.0
O002840,P013,1,32.0
O002840,P023,1,98.0
O002841,P001,1,129.0
O002841,P023,1,98.0
O002841,P006,1,22.0
O002842,P018,1,24.0
O002843,P016,1,36.0
O002844,P004,1,64.0
O002844,P013,1,32.0
O002845,P002,1,169.0
O002845,P003,1,89.0
O002845,P004,1,64.0
O002845,P018,1,24.0
O002846,P006,1,22.0
O002846,P018,1,24.0
O002847,P018,1,24.0
O002848,P013,1,32.0
O002848,P015,1,76.0
O002849,P002,1,169.0
O002850,P006,1,22.0
O002851,P004,1,64.0
O002852,P006,1,22.0
O002852,P002,1,169.0
O002853,P021,1,62.0
O002854,P019,1,19.0
O002855,P020,1,28.0
O002855,P012,1,20.0
O002855,P018,1,24.0
O002855,P008,1,72.0
O002856,P006,1,22.0
O002856,P008,3,72.0
O002857,P004,1,64.0
O002858,P020,1,28.0
O002859,P013,1,32.0
O002860,P008,1,72.0
O002861,P012,1,20.0
O002861,P018,1,24.0
O002862,P009,1,35.0
O002862,P002,1,169.0
O002862,P001,1,129.0
O002863,P006,1,22.0
O002864,P006,1,22.0
O002864,P021,1,62.0
O002864,P001,1,129.0
O002865,P021,1,62.0
O002866,P014,2,118.0
O002866,P008,1,72.0
O002867,P013,1,32.0
O002868,P009,3,35.0
O002869,P010,1,39.0
O002870,P005,1,48.0
O002871,P021,1,62.0
O002871,P005,1,48.0
O002872,P013,1,32.0
O002873,P023,1,98.0
O002873,P011,1,55.0
O002874,P005,1,48.0
O002874,P018,1,24.0
O002875,P006,1,22.0
O002876,P015,1,76.0
O002877,P006,1,22.0
O002878,P023,1,98.0
O002879,P004,1,64.0
O002880,P001,2,129.0
O002880,P021,1,62.0
O002881,P016,1,36.0
O002882,P010,1,39.0
O002883,P015,1,76.0
O002884,P016,1,36.0
O002884,P003,1,89.0
O002884,P001,1,129.0
O002885,P014,2,118.0
O002885,P002,1,169.0
O002886,P013,2,32.0
O002886,P004,1,64.0
O002887,P006,3,22.0
O002887,P016,1,36.0
O002887,P013,1,32.0
O002888,P013,1,32.0
O002889,P016,1,36.0
O002889,P015,1,76.0
O002889,P022,1,54.0
O002890,P008,1,72.0
O002891,P004,1,64.0
O002892,P017,1,58.0
O002892,P013,1,32.0
O002893,P015,1,76.0
O002894,P004,1,64.0
O002895,P023,1,98.0
O002896,P015,1,76.0
O002896,P010,2,39.0
O002896,P017,1,58.0
O002897,P013,1,32.0
O002898,P013,1,32.0
O002899,P023,1,98.0
O002900,P004,1,64.0
O002901,P003,1,89.0
O002902,P014,1,118.0
O002903,P015,1,76.0
O002904,P003,1,89.0
O002904,P016,1,36.0
O002904,P012,1,20.0
O002905,P016,1,36.0
O002906,P012,1,20.0
O002906,P013,1,32.0
O002907,P005,1,48.0
O002908,P023,2,98.0
O002908,P015,1,76.0
O002909,P006,1,22.0
O002910,P012,1,20.0
O002910,P007,2,41.0
O002911,P006,1,22.0
O002911,P022,1,54.0
O002912,P013,1,32.0
O002913,P021,1,62.0
O002914,P001,3,129.0
O002914,P005,1,48.0
O002915,P023,2,98.0
O002916,P013,1,32.0
O002917,P004,1,64.0
O002917,P018,1,24.0
O002918,P014,1,118.0
O002918,P002,1,169.0
O002918,P021,1,62.0
O002918,P003,1,89.0
O002919,P005,2,48.0
O002920,P008,2,72.0
O002921,P019,1,19.0
O002922,P006,2,22.0
O002922,P017,1,58.0
O002923,P009,1,35.0
O002924,P021,1,62.0
O002924,P012,1,20.0
O002925,P004,1,64.0
O002926,P001,1,129.0
O002926,P004,1,64.0
O002926,P015,1,76.0
O002926,P017,1,58.0
O002927,P003,1,89.0
O002928,P007,1,41.0
O002929,P018,2,24.0
O002930,P007,1,41.0
O002930,P013,1,32.0
O002931,P002,1,169.0
O002932,P004,1,64.0
O002933,P018,1,24.0
O002933,P004,1,64.0
O002933,P008,1,72.0
O002934,P001,1,129.0
O002935,P008,2,72.0
O002936,P021,1,62.0
O002936,P022,2,54.0
O002937,P006,1,22.0
O002937,P016,1,36.0
O002938,P013,1,32.0
O002938,P012,1,20.0
O002938,P005,2,48.0
O002939,P004,1,64.0
O002940,P019,1,19.0
O002941,P005,1,48.0
O002942,P005,1,48.0
O002943,P001,2,129.0
O002944,P021,1,62.0
O002944,P004,1,64.0
O002945,P012,2,20.0
O002946,P017,2,58.0
O002947,P004,1,64.0
O002948,P001,1,129.0
O002948,P004,3,64.0
O002949,P013,1,32.0
O002950,P021,1,62.0
O002950,P006,2,22.0
O002950,P008,1,72.0
O002951,P014,1,118.0
O002951,P010,1,39.0
O002952,P018,2,24.0
O002952,P011,2,55.0
O002953,P010,1,39.0
O002953,P023,1,98.0
O002953,P006,1,22.0
O002954,P023,2,98.0
O002955,P014,1,118.0
O002955,P002,1,169.0
O002956,P004,1,64.0
O002956,P008,1,72.0
O002957,P017,1,58.0
O002957,P011,1,55.0
O002958,P004,1,64.0
O002958,P011,1,55.0
O002959,P019,1,19.0
O002960,P006,1,22.0
O002960,P001,1,129.0
O002960,P021,1,62.0
O002961,P007,1,41.0
O002962,P008,1,72.0
O002962,P003,1,89.0
O002963,P021,1,62.0
O002963,P018,1,24.0
O002964,P012,1,20.0
O002964,P003,1,89.0
O002965,P010,2,39.0
O002966,P007,1,41.0
O002967,P003,1,89.0
O002968,P023,1,98.0
O002969,P006,1,22.0
O002969,P021,2,62.0
O002969,P005,1,48.0
O002970,P003,1,89.0
O002971,P017,1,58.0
O002972,P002,1,169.0
O002973,P003,1,89.0
O002974,P015,1,76.0
O002974,P011,1,55.0
O002974,P012,2,20.0
O002975,P005,1,48.0
O002976,P017,1,58.0
O002977,P013,1,32.0
O002978,P012,1,20.0
O002978,P007,1,41.0
O002978,P003,1,89.0
O002978,P001,1,129.0
O002979,P007,1,41.0
O002979,P004,1,64.0
O002979,P015,1,76.0
O002980,P022,1,54.0
O002981,P002,1,169.0
O002982,P006,1,22.0
O002983,P020,1,28.0
O002984,P016,1,36.0
O002985,P018,1,24.0
O002985,P006,1,22.0
O002986,P016,2,36.0
O002987,P020,1,28.0
O002987,P016,1,36.0
O002988,P011,1,55.0
O002989,P007,1,41.0
O002990,P011,2,55.0
O002991,P004,1,64.0
O002991,P006,1,22.0
O002992,P013,1,32.0
O002992,P021,1,62.0
O002993,P011,1,55.0
O002993,P019,2,19.0
O002994,P006,2,22.0
O002995,P007,1,41.0
O002996,P016,1,36.0
O002996,P018,1,24.0
O002997,P022,1,54.0
O002997,P021,1,62.0
O002998,P018,1,24.0
O002999,P003,1,89.0
O003000,P017,1,58.0
O003001,P008,1,72.0
O003002,P016,1,36.0
O003003,P001,1,129.0
O003003,P013,1,32.0
O003003,P006,1,22.0
O003004,P004,2,64.0
O003005,P008,1,72.0
O003006,P004,2,64.0
O003006,P012,1,20.0
O003007,P020,1,28.0
O003007,P007,1,41.0
O003008,P012,1,20.0
O003009,P004,1,64.0
O003010,P012,1,20.0
O003011,P008,1,72.0
O003011,P010,1,39.0
O003011,P002,1,169.0
O003011,P015,1,76.0
O003012,P006,1,22.0
O003012,P004,1,64.0
O003013,P023,1,98.0
O003014,P004,1,64.0
O003015,P006,1,22.0
O003016,P004,1,64.0
O003016,P001,1,129.0
O003016,P022,2,54.0
O003017,P001,1,129.0
O003017,P005,3,48.0
O003017,P018,1,24.0
O003017,P017,1,58.0
O003018,P013,1,32.0
O003019,P008,2,72.0
O003020,P008,1,72.0
O003021,P018,1,24.0
O003022,P009,1,35.0
O003023,P023,1,98.0
O003024,P013,1,32.0
O003025,P012,1,20.0
O003025,P023,1,98.0
O003025,P015,1,76.0
O003026,P021,1,62.0
O003027,P019,1,19.0
O003027,P014,1,118.0
O003027,P011,2,55.0
O003027,P006,1,22.0
O003028,P023,1,98.0
O003029,P003,1,89.0
O003030,P011,2,55.0
O003031,P002,3,169.0
O003032,P010,1,39.0
O003033,P008,1,72.0
O003034,P017,1,58.0
O003034,P013,1,32.0
O003034,P002,1,169.0
O003035,P004,2,64.0
O003035,P006,1,22.0
O003035,P023,1,98.0
O003036,P004,1,64.0
O003037,P012,1,20.0
O003038,P006,1,22.0
O003039,P008,1,72.0
O003039,P011,1,55.0
O003040,P015,1,76.0
O003040,P006,1,22.0
O003040,P017,1,58.0
O003041,P003,1,89.0
O003042,P010,3,39.0
O003043,P022,1,54.0
O003044,P008,1,72.0
O003045,P001,2,129.0
O003046,P008,1,72.0
O003047,P012,1,20.0
O003047,P021,1,62.0
O003047,P004,1,64.0
O003048,P011,2,55.0
O003048,P019,1,19.0
O003049,P001,1,129.0
O003049,P005,1,48.0
O003049,P020,2,28.0
O003050,P005,1,48.0
O003051,P020,1,28.0
O003051,P007,2,41.0
O003052,P011,1,55.0
O003053,P019,1,19.0
O003053,P006,1,22.0
O003053,P003,2,89.0
O003053,P010,1,39.0
O003054,P021,1,62.0
O003055,P018,1,24.0
O003055,P011,1,55.0
O003056,P013,1,32.0
O003057,P018,1,24.0
O003058,P008,1,72.0
O003058,P014,0,118.0
O003059,P004,2,64.0
O003060,P006,1,22.0
O003060,P021,1,62.0
O003061,P010,2,39.0
O003062,P013,1,32.0
O003063,P017,1,58.0
O003063,P011,1,55.0
O003063,P020,1,28.0
O003064,P023,1,98.0
O003065,P015,2,76.0
O003066,P011,1,55.0
O003067,P015,1,76.0
O003068,P012,1,20.0
O003069,P009,1,35.0
O003069,P022,1,54.0
O003070,P008,1,72.0
O003070,P019,1,19.0
O003070,P023,1,98.0
O003071,P021,2,62.0
O003072,P017,1,58.0
O003072,P019,1,19.0
O003072,P023,1,98.0
O003073,P023,1,98.0
O003073,P004,2,64.0
O003074,P007,1,41.0
O003075,P006,1,22.0
O003076,P003,2,89.0
O003077,P008,2,72.0
O003078,P022,1,54.0
O003079,P008,1,72.0
O003079,P012,1,20.0
O003080,P014,1,118.0
O003080,P021,1,62.0
O003081,P006,2,22.0
O003082,P013,1,32.0
O003083,P005,1,48.0
O003083,P006,1,22.0
O003084,P008,1,72.0
O003084,P010,1,39.0
O003085,P012,1,20.0
O003086,P009,3,35.0
O003087,P004,1,64.0
O003087,P002,3,169.0
O003088,P013,2,32.0
O003089,P018,1,24.0
O003089,P006,1,22.0
O003090,P006,1,22.0
O003090,P021,1,62.0
O003090,P017,2,58.0
O003090,P023,1,98.0
O003091,P004,3,64.0
O003092,P004,1,64.0
O003092,P001,1,129.0
O003093,P022,1,54.0
O003094,P008,1,72.0
O003094,P014,1,118.0
O003095,P017,2,58.0
O003095,P011,1,55.0
O003096,P011,1,55.0
O003096,P017,1,58.0
O003096,P004,3,64.0
O003097,P023,1,98.0
O003097,P002,1,169.0
O003098,P003,1,89.0
O003099,P013,1,32.0
O003100,P008,2,72.0
O003100,P022,1,54.0
O003100,P016,1,36.0
O003100,P021,1,62.0
O003101,P018,1,24.0
O003101,P004,1,64.0
O003102,P012,1,20.0
O003102,P005,1,48.0
O003102,P001,1,129.0
O003103,P012,1,
O003104,P022,1,54.0
O003104,P018,1,24.0
O003104,P004,1,64.0
O003105,P005,1,48.0
O003106,P003,2,89.0
O003107,P003,1,89.0
O003108,P023,1,98.0
O003108,P003,1,89.0
O003109,P017,1,58.0
O003109,P012,1,20.0
O003109,P013,1,32.0
O003110,P002,1,169.0
O003111,P017,1,58.0
O003111,P016,1,36.0
O003111,P019,1,19.0
O003111,P013,1,32.0
O003112,P021,2,62.0
O003113,P003,1,89.0
O003113,P002,1,169.0
O003113,P019,1,19.0
O003114,P014,1,118.0
O003115,P020,1,28.0
O003115,P018,1,24.0
O003116,P007,1,41.0
O003117,P023,1,98.0
O003118,P006,1,22.0
O003118,P004,1,64.0
O003119,P007,1,41.0
O003119,P019,3,19.0
O003119,P010,2,39.0
O003120,P014,1,118.0
O003121,P002,1,169.0
O003122,P018,1,24.0
O003122,P008,1,72.0
O003123,P003,1,89.0
O003124,P013,1,32.0
O003125,P019,1,19.0
O003125,P017,1,58.0
O003125,P020,1,28.0
O003126,P008,2,72.0
O003127,P021,1,62.0
O003127,P020,1,28.0
O003128,P004,1,64.0
O003128,P018,1,24.0
O003129,P004,1,64.0
O003129,P008,1,72.0
O003130,P019,1,19.0
O003131,P018,1,24.0
O003131,P005,1,48.0
O003132,P008,1,72.0
O003133,P013,1,32.0
O003134,P018,1,24.0
O003135,P004,1,64.0
O003136,P013,1,32.0
O003137,P021,1,62.0
O003138,P004,1,64.0
O003138,P009,1,35.0
O003139,P008,1,72.0
O003140,P005,3,48.0
O003140,P013,1,32.0
O003141,P002,1,169.0
O003141,P014,2,118.0
O003142,P003,1,89.0
O003143,P001,1,129.0
O003144,P012,1,20.0
O003144,P013,1,32.0
O003144,P021,1,62.0
O003144,P022,1,54.0
O003145,P023,1,98.0
O003145,P012,1,20.0
O003146,P013,1,32.0
O003147,P008,1,72.0
O003148,P012,2,20.0
O003149,P023,1,98.0
O003150,P012,1,20.0
O003151,P008,1,72.0
O003152,P013,1,32.0
O003152,P002,2,169.0
O003152,P021,1,62.0
O003152,P009,1,35.0
O003153,P006,1,22.0
O003154,P015,1,76.0
O003154,P017,1,58.0
O003155,P001,1,129.0
O003156,P006,1,22.0
O003156,P010,2,39.0
O003157,P001,1,129.0
O003157,P011,1,55.0
O003158,P009,1,35.0
O003158,P003,1,89.0
O003159,P008,1,72.0
O003160,P008,1,72.0
O003161,P007,1,41.0
O003162,P023,1,98.0
O003163,P005,2,48.0
O003164,P013,1,32.0
O003164,P015,2,76.0
O003165,P009,1,35.0
O003166,P004,1,64.0
O003167,P011,1,55.0
O003167,P006,1,22.0
O003168,P008,1,72.0
O003168,P016,1,36.0
O003169,P013,1,32.0
O003170,P006,2,22.0
O003171,P004,1,64.0
O003172,P004,1,64.0
O003173,P008,1,72.0
O003174,P006,1,22.0
O003174,P004,1,64.0
O003175,P013,1,32.0
O003176,P017,1,58.0
O003176,P010,1,39.0
O003176,P012,1,20.0
O003176,P002,1,169.0
O003177,P003,1,89.0
O003177,P018,1,24.0
O003177,P014,1,118.0
O003178,P008,1,72.0
O003178,P017,1,58.0
O003179,P008,1,72.0
O003179,P014,1,118.0
O003179,P023,2,98.0
O003180,P016,1,36.0
O003181,P006,1,22.0
O003181,P017,1,58.0
O003182,P007,1,41.0
O003183,P013,3,32.0
O003183,P019,1,19.0
O003184,P003,2,89.0
O003184,P002,1,169.0
O003185,P006,3,22.0
O003185,P004,2,64.0
O003186,P021,1,62.0
O003186,P008,1,72.0
O003187,P012,1,20.0
O003188,P019,1,19.0
O003189,P023,2,98.0
O003190,P008,2,72.0
O003190,P015,1,76.0
O003191,P022,1,54.0
O003191,P013,1,32.0
O003192,P006,1,22.0
O003193,P017,1,58.0
O003193,P006,1,22.0
O003193,P001,1,129.0
O003194,P006,1,22.0
O003195,P001,1,129.0
O003196,P017,1,58.0
O003197,P001,1,129.0
O003197,P019,1,19.0
O003198,P020,1,28.0
O003199,P004,1,64.0
O003200,P023,1,98.0
O003200,P020,1,28.0
O003201,P017,1,58.0
O003202,P017,1,58.0
O003203,P017,1,58.0
O003204,P017,1,58.0
O003204,P022,1,54.0
O003205,P005,1,48.0
O003206,P012,2,20.0
O003207,P004,1,64.0
O003208,P011,2,55.0
O003209,P018,1,24.0
O003210,P016,1,36.0
O003211,P023,1,98.0
O003212,P004,1,64.0
O003212,P003,1,89.0
O003213,P014,1,118.0
O003214,P006,1,22.0
O003214,P007,1,41.0
O003214,P012,1,20.0
O003214,P001,1,129.0
O003215,P012,2,20.0
O003216,P002,2,169.0
O003217,P017,1,58.0
O003218,P006,1,22.0
O003219,P005,1,48.0
O003220,P012,1,20.0
O003221,P004,1,64.0
O003222,P017,1,58.0
O003223,P018,1,24.0
O003224,P022,1,54.0
O003225,P008,1,72.0
O003226,P012,1,20.0
O003226,P006,1,22.0
O003226,P016,1,36.0
O003227,P011,1,55.0
O003228,P004,1,64.0
O003229,P009,1,35.0
O003229,P006,1,22.0
O003230,P017,1,58.0
O003230,P007,1,41.0
O003231,P001,1,129.0
O003231,P008,1,72.0
O003232,P018,1,24.0
O003233,P015,1,76.0
O003234,P008,1,72.0
O003235,P004,1,64.0
O003235,P008,1,72.0
O003235,P018,1,24.0
O003236,P001,1,129.0
O003237,P005,1,48.0
O003238,P010,1,39.0
O003238,P018,1,24.0
O003239,P012,1,20.0
O003240,P003,1,89.0
O003240,P005,1,48.0
O003241,P002,1,169.0
O003242,P001,1,129.0
O003243,P016,1,36.0
O003244,P004,1,64.0
O003244,P001,1,129.0
O003245,P023,1,98.0
O003245,P006,1,22.0
O003246,P011,2,55.0
O003247,P013,1,32.0
O003248,P021,1,62.0
O003248,P013,2,32.0
O003248,P005,3,48.0
O003249,P015,1,76.0
O003250,P012,2,20.0
O003250,P001,1,129.0
O003251,P013,2,32.0
O003252,P012,1,20.0
O003253,P012,1,20.0
O003254,P006,1,22.0
O003255,P021,1,62.0
O003256,P010,1,39.0
O003257,P003,1,89.0
O003258,P020,1,28.0
O003258,P008,2,72.0
O003259,P015,2,76.0
O003259,P021,3,62.0
O003259,P005,1,48.0
O003260,P001,1,129.0
O003260,P009,1,35.0
O003260,P003,1,89.0
O003261,P012,1,20.0
O003261,P009,1,35.0
O003261,P018,1,24.0
O003262,P012,1,20.0
O003263,P003,1,89.0
O003264,P021,1,62.0
O003264,P004,1,64.0
O003265,P008,1,72.0
O003266,P004,1,64.0
O003266,P001,1,129.0
O003266,P013,1,32.0
O003267,P004,1,64.0
O003267,P001,1,129.0
O003267,P002,1,169.0
O003268,P004,1,64.0
O003268,P012,1,20.0
O003268,P014,1,118.0
O003269,P004,1,64.0
O003270,P002,1,169.0
O003270,P015,1,76.0
O003270,P017,1,58.0
O003270,P006,2,22.0
O003271,P015,1,76.0
O003271,P009,1,35.0
O003271,P023,1,98.0
O003272,P022,1,54.0
O003272,P004,1,64.0
O003273,P008,1,72.0
O003274,P013,3,32.0
O003275,P013,3,32.0
O003276,P013,1,32.0
O003277,P018,1,24.0
O003278,P022,1,54.0
O003278,P010,1,39.0
O003278,P004,2,64.0
O003279,P008,1,72.0
O003280,P019,1,19.0
O003281,P017,1,58.0
O003282,P020,1,28.0
O003283,P008,1,72.0
O003283,P010,1,39.0
O003283,P019,2,19.0
O003284,P003,1,89.0
O003284,P017,1,58.0
O003285,P006,1,22.0
O003286,P008,1,72.0
O003286,P019,1,19.0
O003287,P002,1,169.0
O003288,P019,2,19.0
O003288,P008,1,72.0
O003288,P006,1,22.0
O003288,P013,1,32.0
O003289,P008,1,72.0
O003289,P018,1,24.0
O003290,P015,1,76.0
O003291,P008,1,72.0
O003292,P015,1,76.0
O003292,P008,1,72.0
O003293,P013,1,32.0
O003294,P017,1,58.0
O003295,P007,1,41.0
O003296,P001,1,129.0
O003296,P018,1,24.0
O003297,P003,1,89.0
O003297,P008,1,72.0
O003297,P005,1,48.0
O003298,P016,2,36.0
O003299,P020,1,28.0
O003300,P007,1,41.0
O003301,P018,1,24.0
O003302,P003,1,89.0
O003303,P003,1,89.0
O003303,P012,1,20.0
O003303,P008,1,72.0
O003304,P002,1,169.0
O003304,P012,1,20.0
O003305,P015,2,76.0
O003306,P021,1,62.0
O003307,P016,1,36.0
O003307,P012,1,20.0
O003307,P004,1,64.0
O003308,P012,2,20.0
O003309,P005,1,48.0
O003310,P001,1,129.0
O003311,P012,2,20.0
O003311,P006,1,22.0
O003312,P006,1,22.0
O003312,P008,1,72.0
O003312,P014,1,118.0
O003313,P008,1,72.0
O003314,P023,1,98.0
O003314,P012,1,20.0
O003315,P010,1,39.0
O003316,P010,1,39.0
O003317,P005,1,48.0
O003318,P006,1,22.0
O003318,P016,1,36.0
O003319,P015,3,76.0
O003320,P017,1,58.0
O003321,P013,1,32.0
O003322,P007,1,41.0
O003323,P021,1,62.0
O003323,P005,1,48.0
O003324,P009,1,35.0
O003325,P006,1,22.0
O003325,P017,1,58.0
O003326,P023,2,98.0
O003326,P018,1,24.0
O003326,P013,2,32.0
O003327,P012,2,20.0
O003327,P007,1,41.0
O003328,P017,1,58.0
O003329,P021,1,62.0
O003330,P006,1,22.0
O003331,P023,1,98.0
O003331,P004,1,64.0
O003332,P021,1,62.0
O003333,P004,1,64.0
O003334,P010,1,39.0
O003335,P013,1,32.0
O003335,P008,1,72.0
O003336,P006,1,22.0
O003337,P013,1,32.0
O003337,P017,1,58.0
O003338,P023,1,98.0
O003338,P016,1,36.0
O003339,P018,1,24.0
O003340,P008,1,72.0
O003341,P021,1,62.0
O003341,P005,1,48.0
O003342,P016,1,36.0
O003342,P004,1,64.0
O003342,P008,1,72.0
O003342,P006,2,22.0
O003343,P018,1,24.0
O003344,P002,1,169.0
O003345,P012,1,20.0
O003345,P004,1,64.0
O003345,P020,1,28.0
O003346,P012,1,20.0
O003347,P004,1,64.0
O003347,P010,1,39.0
O003347,P006,1,22.0
O003347,P017,1,58.0
O003348,P013,1,32.0
O003349,P008,1,72.0
O003349,P011,1,55.0
O003350,P015,1,76.0
O003350,P013,1,32.0
O003351,P009,1,35.0
O003352,P023,3,98.0
O003353,P019,1,19.0
O003353,P016,1,36.0
O003354,P011,1,55.0
O003355,P017,1,58.0
O003355,P016,1,36.0
O003356,P011,1,55.0
O003357,P006,1,22.0
O003358,P015,1,76.0
O003359,P013,2,32.0
O003359,P006,1,22.0
O003359,P004,1,64.0
O003360,P019,1,19.0
O003361,P009,2,35.0
O003362,P015,1,76.0
O003363,P006,1,22.0
O003363,P019,1,19.0
O003364,P008,1,72.0
O003365,P019,1,19.0
O003365,P017,1,58.0
O003366,P004,1,64.0
O003367,P022,1,54.0
O003368,P019,1,19.0
O003368,P004,1,64.0
O003369,P013,2,32.0
O003370,P002,1,169.0
O003371,P005,2,48.0
O003371,P006,1,22.0
O003372,P023,1,98.0
O003373,P007,1,41.0
O003373,P016,1,36.0
O003373,P005,1,48.0
O003374,P015,1,76.0
O003374,P017,1,58.0
O003375,P013,1,32.0
O003375,P008,2,72.0
O003376,P004,1,64.0
O003377,P001,1,129.0
O003377,P021,1,62.0
O003378,P022,2,54.0
O003379,P004,1,64.0
O003380,P006,1,22.0
O003380,P019,1,19.0
O003380,P021,1,62.0
O003381,P004,1,64.0
O003382,P004,1,64.0
O003383,P018,1,24.0
O003384,P008,1,72.0
O003385,P022,1,54.0
O003385,P004,2,64.0
O003385,P005,1,48.0
O003385,P013,1,32.0
O003386,P005,1,48.0
O003387,P002,1,169.0
O003388,P005,2,48.0
O003388,P003,2,89.0
O003388,P009,1,35.0
O003389,P016,1,36.0
O003389,P006,1,22.0
O003390,P017,1,58.0
O003390,P012,1,20.0
O003391,P004,1,64.0
O003391,P018,2,24.0
O003392,P010,1,39.0
O003393,P007,1,41.0
O003394,P010,1,39.0
O003394,P007,2,41.0
O003395,P014,1,118.0
O003395,P020,1,28.0
O003395,P011,2,55.0
O003396,P011,1,55.0
O003397,P015,1,76.0
O003397,P007,1,41.0
O003397,P022,1,54.0
O003398,P015,1,76.0
O003399,P019,1,19.0
O003400,P021,1,62.0
O003401,P002,1,169.0
O003402,P001,1,129.0
O003403,P013,1,32.0
O003403,P002,1,169.0
O003404,P017,1,58.0
O003405,P002,1,169.0
O003405,P019,1,19.0
O003405,P001,1,129.0
O003405,P011,1,55.0
O003406,P003,1,89.0
O003406,P005,1,48.0
O003407,P014,1,118.0
O003408,P017,1,58.0
O003409,P013,1,32.0
O003409,P007,1,41.0
O003410,P015,2,76.0
O003411,P016,1,36.0
O003411,P019,1,19.0
O003412,P005,2,48.0
O003412,P014,1,118.0
O003413,P022,2,54.0
O003414,P006,1,22.0
O003415,P015,1,76.0
O003416,P005,1,48.0
O003417,P007,1,41.0
O003417,P001,2,129.0
O003418,P011,1,55.0
O003419,P007,1,41.0
O003419,P006,2,22.0
O003420,P007,1,41.0
O003421,P005,2,48.0
O003422,P022,1,54.0
O003423,P018,1,24.0
O003424,P009,2,35.0
O003425,P010,1,39.0
O003426,P011,2,55.0
O003427,P005,1,48.0
O003427,P007,1,41.0
O003427,P004,1,64.0
O003428,P014,1,118.0
O003429,P006,2,22.0
O003430,P007,1,41.0
O003431,P022,1,54.0
O003432,P005,1,48.0
O003433,P022,1,54.0
O003434,P015,2,76.0
O003434,P005,1,48.0
O003434,P022,1,54.0
O003435,P020,3,28.0
O003435,P011,1,55.0
O003436,P009,1,35.0
O003436,P019,1,19.0
O003437,P013,1,32.0
O003438,P006,1,22.0
O003439,P021,1,62.0
O003440,P009,1,35.0
O003441,P020,1,28.0
O003441,P006,1,22.0
O003442,P011,1,55.0
O003442,P002,3,169.0
O003443,P018,1,24.0
O003444,P013,1,32.0
O003444,P010,1,39.0
O003445,P001,1,129.0
O003445,P013,2,32.0
O003446,P018,1,24.0
O003447,P013,1,32.0
O003447,P008,1,72.0
O003448,P019,1,19.0
O003449,P023,1,98.0
O003450,P020,1,28.0
O003451,P023,1,98.0
O003451,P015,2,76.0
O003452,P008,1,72.0
O003452,P001,1,129.0
O003453,P023,1,98.0
O003454,P021,1,62.0
O003454,P013,1,32.0
O003454,P014,1,118.0
O003455,P013,1,32.0
O003456,P006,1,22.0
O003456,P007,1,41.0
O003457,P003,1,89.0
O003457,P021,1,62.0
O003458,P021,1,62.0
O003459,P006,1,22.0
O003459,P013,2,32.0
O003459,P001,1,129.0
O003460,P012,1,20.0
O003460,P002,1,169.0
O003461,P009,1,35.0
O003462,P013,1,32.0
O003462,P007,1,41.0
O003463,P010,2,39.0
O003463,P002,1,169.0
O003464,P022,2,54.0
O003465,P004,1,64.0
O003465,P012,1,20.0
O003466,P007,1,41.0
O003466,P023,1,98.0
O003467,P013,1,32.0
O003468,P004,1,64.0
O003468,P002,1,169.0
O003469,P016,2,36.0
O003470,P018,3,24.0
O003470,P004,1,64.0
O003471,P002,1,169.0
O003472,P021,1,62.0
O003472,P009,1,35.0
O003472,P013,1,32.0
O003473,P020,1,28.0
O003473,P009,1,35.0
O003473,P022,1,54.0
O003473,P007,1,41.0
O003474,P022,1,54.0
O003475,P005,1,48.0
O003476,P020,1,28.0
O003477,P012,1,20.0
O003478,P006,1,22.0
O003479,P003,1,89.0
O003479,P011,1,55.0
O003480,P006,1,22.0
O003480,P020,1,28.0
O003480,P021,1,62.0
O003481,P022,1,54.0
O003482,P010,1,39.0
O003482,P016,1,36.0
O003483,P018,1,24.0
O003483,P021,1,62.0
O003483,P005,1,48.0
O003484,P008,1,72.0
O003485,P018,1,24.0
O003486,P001,1,129.0
O003486,P015,1,76.0
O003486,P013,2,32.0
O003486,P019,1,19.0
O003487,P006,2,22.0
O003488,P005,1,48.0
O003488,P015,2,76.0
O003488,P019,1,19.0
O003489,P019,3,19.0
O003489,P006,1,22.0
O003490,P017,1,58.0
O003490,P014,1,118.0
O003490,P004,1,64.0
O003491,P005,2,48.0
O003491,P007,1,41.0
O003492,P011,1,55.0
O003493,P006,1,22.0
O003494,P015,1,76.0
O003495,P011,1,55.0
O003495,P020,2,28.0
O003495,P022,1,54.0
O003496,P006,3,22.0
O003496,P001,1,129.0
O003497,P013,1,32.0
O003497,P011,1,55.0
O003498,P007,1,41.0
O003498,P005,2,48.0
O003499,P008,1,72.0
O003500,P013,1,32.0
O003501,P015,1,76.0
O003502,P018,1,24.0
O003502,P006,1,22.0
O003503,P006,1,22.0
O003504,P006,2,22.0
O003505,P003,1,89.0
O003505,P013,1,32.0
O003506,P001,1,129.0
O003506,P008,1,72.0
O003507,P008,2,72.0
O003508,P018,1,24.0
O003509,P006,1,22.0
O003509,P009,1,35.0
O003509,P021,1,62.0
O003510,P002,1,169.0
O003511,P017,1,58.0
O003512,P018,1,24.0
O003513,P005,1,48.0
O003514,P019,1,19.0
O003515,P006,1,22.0
O003515,P002,1,169.0
O003516,P004,1,64.0
O003517,P005,1,48.0
O003518,P006,2,22.0
O003518,P018,1,24.0
O003519,P009,1,35.0
O003520,P018,2,24.0
O003521,P010,1,39.0
O003522,P005,3,48.0
O003522,P011,2,55.0
O003523,P021,1,62.0
O003524,P018,1,24.0
O003525,P007,1,41.0
O003526,P006,1,22.0
O003527,P020,1,28.0
O003527,P006,1,22.0
O003528,P007,1,41.0
O003529,P018,1,24.0
O003530,P001,1,129.0
O003531,P016,1,36.0
O003531,P014,1,118.0
O003531,P001,1,129.0
O003532,P010,1,39.0
O003533,P011,1,55.0
O003533,P012,1,20.0
O003533,P007,2,41.0
O003534,P005,1,48.0
O003535,P019,1,19.0
O003535,P016,1,36.0
O003536,P005,1,48.0
O003536,P017,1,58.0
O003537,P005,1,48.0
O003537,P006,1,22.0
O003538,P011,1,55.0
O003538,P013,1,32.0
O003539,P005,1,48.0
O003540,P010,2,39.0
O003541,P011,1,55.0
O003541,P023,1,98.0
O003541,P013,2,32.0
O003541,P003,1,89.0
O003542,P020,1,28.0
O003543,P006,1,22.0
O003544,P023,1,98.0
O003545,P019,1,19.0
O003546,P017,1,58.0
O003547,P013,1,32.0
O003548,P006,1,22.0
O003549,P005,1,48.0
O003550,P005,1,48.0
O003550,P014,1,118.0
O003551,P004,1,64.0
O003551,P008,1,72.0
O003552,P005,1,48.0
O003553,P012,1,20.0
O003554,P005,1,48.0
O003555,P010,1,39.0
O003556,P019,1,19.0
O003557,P006,2,22.0
O003558,P003,3,89.0
O003558,P021,1,62.0
O003559,P013,1,32.0
O003559,P005,1,48.0
O003559,P004,2,64.0
O003560,P018,1,24.0
O003561,P019,1,19.0
O003561,P023,1,98.0
O003562,P022,3,54.0
O003562,P013,1,32.0
O003562,P005,1,48.0
O003562,P020,1,28.0
O003563,P005,2,48.0
O003563,P017,1,58.0
O003564,P020,1,28.0
O003565,P004,1,64.0
O003566,P023,1,98.0
O003566,P009,1,35.0
O003567,P012,1,20.0
O003568,P015,1,76.0
O003568,P003,1,89.0
O003568,P022,2,54.0
O003569,P006,1,22.0
O003569,P012,1,20.0
O003570,P006,1,22.0
O003571,P002,1,169.0
O003572,P006,2,22.0
O003573,P006,1,22.0
O003573,P005,2,48.0
O003573,P019,1,19.0
O003574,P009,1,35.0
O003574,P013,1,32.0
O003574,P008,2,72.0
O003575,P001,1,129.0
O003576,P005,1,48.0
O003577,P001,1,129.0
O003577,P004,1,64.0
O003578,P014,1,118.0
O003579,P021,2,62.0
O003580,P006,1,22.0
O003581,P005,1,48.0
O003581,P016,1,36.0
O003581,P001,1,129.0
O003582,P011,1,55.0
O003583,P006,1,22.0
O003583,P018,1,24.0
O003584,P005,1,48.0
O003584,P004,1,64.0
O003585,P007,1,41.0
O003586,P005,1,48.0
O003586,P007,2,41.0
O003587,P016,3,36.0
O003588,P018,1,24.0
O003588,P011,1,55.0
O003589,P008,1,72.0
O003590,P007,1,41.0
O003591,P005,1,48.0
O003592,P011,2,55.0
O003592,P020,2,28.0
O003593,P019,3,19.0
O003594,P011,3,55.0
O003594,P006,1,22.0
O003595,P015,1,76.0
O003595,P022,1,54.0
O003595,P016,1,36.0
O003596,P007,1,41.0
O003597,P001,1,129.0
O003597,P003,1,89.0
O003598,P017,1,58.0
O003598,P019,1,19.0
O003599,P016,1,36.0
O003600,P019,1,19.0
O003600,P006,1,22.0
O003601,P021,1,62.0
O003601,P019,2,19.0
O003602,P012,1,20.0
O003602,P005,1,48.0
O003603,P007,1,41.0
O003603,P019,1,19.0
O003604,P005,1,48.0
O003605,P020,2,28.0
O003606,P013,1,32.0
O003607,P022,2,54.0
O003607,P014,1,118.0
O003608,P022,1,54.0
O003608,P021,1,62.0
O003608,P014,2,118.0
O003608,P019,1,19.0
O003609,P008,1,72.0
O003609,P016,1,36.0
O003610,P013,1,32.0
O003611,P011,1,55.0
O003612,P022,2,54.0
O003613,P009,1,35.0
O003613,P011,1,55.0
O003614,P006,1,22.0
O003614,P007,1,41.0
O003615,P009,1,35.0
O003615,P006,1,22.0
O003616,P023,1,98.0
O003616,P002,1,169.0
O003617,P014,1,118.0
O003618,P005,1,48.0
O003619,P006,1,22.0
O003620,P012,1,20.0
O003620,P010,1,39.0
O003621,P006,1,22.0
O003622,P005,1,48.0
O003622,P007,1,41.0
O003623,P006,1,22.0
O003624,P001,1,129.0
O003625,P011,1,55.0
O003626,P006,1,22.0
O003627,P018,1,24.0
O003628,P007,2,41.0
O003629,P014,2,118.0
O003630,P006,1,22.0
O003631,P022,1,54.0
O003632,P018,1,24.0
O003632,P003,1,89.0
O003633,P021,1,62.0
O003634,P001,1,129.0
O003635,P008,1,72.0
O003635,P006,1,22.0
O003635,P015,1,76.0
O003636,P006,1,22.0
O003637,P001,1,129.0
O003638,P014,1,118.0
O003638,P016,1,36.0
O003638,P009,1,35.0
O003639,P016,1,36.0
O003640,P021,3,62.0
O003640,P007,1,41.0
O003640,P019,1,19.0
O003641,P005,1,48.0
O003642,P001,1,129.0
O003643,P009,1,35.0
O003643,P013,1,32.0
O003643,P011,1,55.0
O003644,P019,1,19.0
O003645,P009,1,35.0
O003645,P006,1,22.0
O003645,P020,1,28.0
O003645,P005,1,48.0
O003646,P015,1,76.0
O003647,P005,1,48.0
O003647,P018,1,24.0
O003647,P014,1,118.0
O003647,P021,1,62.0
O003648,P007,1,41.0
O003649,P010,1,39.0
O003649,P019,1,19.0
O003649,P006,1,22.0
O003650,P001,2,129.0
O003651,P011,1,55.0
O003652,P004,1,64.0
O003652,P009,3,35.0
O003653,P021,1,62.0
O003654,P012,2,20.0
O003655,P008,1,72.0
O003655,P004,1,64.0
O003655,P010,2,39.0
O003656,P006,2,22.0
O003657,P001,1,129.0
O003657,P012,1,20.0
O003657,P014,1,118.0
O003658,P021,2,62.0
O003659,P020,1,28.0
O003659,P008,1,72.0
O003660,P015,1,76.0
O003661,P010,1,39.0
O003662,P019,1,19.0
O003663,P008,1,72.0
O003663,P005,1,48.0
O003663,P006,2,22.0
O003664,P005,1,48.0
O003665,P006,1,22.0
O003665,P018,1,24.0
O003666,P021,1,62.0
O003667,P002,1,169.0
O003667,P007,1,41.0
O003667,P018,1,24.0
O003668,P014,1,118.0
O003669,P009,1,35.0
O003669,P010,1,39.0
O003670,P017,1,58.0
O003670,P018,1,24.0
O003671,P021,1,62.0
O003671,P005,2,48.0
O003671,P013,1,32.0
O003671,P023,1,98.0
O003672,P019,1,19.0
O003672,P008,1,72.0
O003672,P004,1,64.0
O003673,P011,1,55.0
O003674,P013,1,32.0
O003675,P010,1,39.0
O003676,P007,1,41.0
O003676,P014,1,118.0
O003676,P013,1,32.0
O003677,P014,1,118.0
O003677,P009,1,35.0
O003678,P005,1,48.0
O003679,P006,1,22.0
O003680,P021,1,62.0
O003681,P019,1,19.0
O003681,P020,1,28.0
O003681,P013,1,32.0
O003682,P005,1,48.0
O003683,P004,1,64.0
O003684,P009,1,35.0
O003685,P013,1,32.0
O003685,P011,1,55.0
O003685,P014,1,118.0
O003686,P006,3,22.0
O003686,P014,1,118.0
O003687,P009,1,35.0
O003688,P005,1,48.0
O003689,P022,1,54.0
O003690,P013,1,32.0
O003691,P019,1,19.0
O003692,P006,2,22.0
O003693,P016,1,36.0
O003694,P013,1,32.0
O003694,P012,1,20.0
O003695,P017,1,58.0
O003696,P011,1,55.0
O003697,P018,1,24.0
O003698,P004,1,64.0
O003698,P005,1,48.0
O003699,P021,3,62.0
O003699,P013,1,32.0
O003700,P011,2,55.0
O003701,P004,1,64.0
O003701,P013,1,32.0
O003701,P022,1,54.0
O003701,P019,1,19.0
O003702,P011,2,55.0
O003703,P011,1,55.0
O003704,P005,1,48.0
O003704,P009,1,35.0
O003705,P022,1,54.0
O003705,P012,1,20.0
O003705,P005,1,48.0
O003706,P010,1,39.0
O003707,P007,1,41.0
O003708,P013,1,32.0
O003708,P005,1,48.0
O003709,P005,1,48.0
O003710,P001,1,129.0
O003710,P016,1,36.0
O003711,P012,1,20.0
O003711,P006,2,22.0
O003712,P012,1,20.0
O003713,P001,1,129.0
O003714,P002,1,169.0
O003715,P006,1,22.0
O003716,P022,1,54.0
O003716,P019,1,19.0
O003717,P021,1,62.0
O003718,P002,1,169.0
O003718,P010,1,39.0
O003719,P005,1,48.0
O003719,P006,1,22.0
O003719,P015,1,76.0
O003720,P023,1,98.0
O003721,P009,1,35.0
O003722,P006,2,22.0
O003723,P005,1,48.0
O003723,P020,1,28.0
O003724,P009,1,35.0
O003725,P019,1,19.0
O003726,P006,1,22.0
O003727,P011,1,55.0
O003727,P018,2,24.0
O003727,P005,1,48.0
O003728,P001,2,129.0
O003729,P006,1,22.0
O003730,P005,1,48.0
O003730,P007,1,41.0
O003731,P013,1,32.0
O003731,P012,1,20.0
O003731,P020,1,28.0
O003731,P009,1,
O003732,P022,1,54.0
O003732,P013,2,32.0
O003733,P022,1,54.0
O003733,P013,2,32.0
O003733,P019,1,19.0
O003734,P015,1,76.0
O003735,P022,1,54.0
O003736,P018,1,24.0
O003737,P014,1,118.0
O003738,P018,1,24.0
O003739,P021,1,62.0
O003739,P010,1,39.0
O003739,P018,1,24.0
O003740,P007,1,41.0
O003740,P021,1,62.0
O003741,P021,2,62.0
O003742,P015,1,76.0
O003743,P022,1,54.0
O003744,P001,1,129.0
O003745,P013,1,32.0
O003746,P017,3,58.0
O003746,P002,1,169.0
O003746,P001,1,129.0
O003747,P003,1,89.0
O003748,P011,1,55.0
O003748,P016,2,36.0
O003748,P023,1,98.0
O003748,P014,1,118.0
O003749,P022,1,54.0
O003750,P007,1,41.0
O003750,P011,1,55.0
O003751,P004,1,64.0
O003751,P013,2,32.0
O003752,P001,1,129.0
O003753,P015,1,76.0
O003754,P005,1,48.0
O003755,P017,1,58.0
O003755,P021,1,62.0
O003756,P020,1,28.0
O003757,P002,1,169.0
O003757,P013,1,32.0
O003758,P021,1,62.0
O003759,P010,1,39.0
O003759,P020,1,28.0
O003760,P019,1,19.0
O003761,P012,1,20.0
O003762,P005,1,48.0
O003763,P004,1,64.0
O003763,P015,1,76.0
O003764,P018,1,24.0
O003764,P005,2,48.0
O003765,P012,1,20.0
O003766,P005,1,48.0
O003766,P010,1,39.0
O003766,P015,1,76.0
O003766,P014,1,118.0
O003767,P019,1,19.0
O003768,P002,1,169.0
O003769,P005,2,48.0
O003769,P011,1,55.0
O003770,P019,1,19.0
O003770,P022,1,54.0
O003771,P023,1,98.0
O003772,P015,1,76.0
O003773,P021,1,62.0
O003774,P011,1,55.0
O003775,P014,1,118.0
O003775,P004,1,64.0
O003776,P012,1,20.0
O003777,P006,2,22.0
O003777,P019,1,19.0
O003778,P020,1,28.0
O003778,P019,1,19.0
O003779,P013,1,32.0
O003779,P011,1,55.0
O003780,P014,1,118.0
O003781,P015,2,76.0
O003782,P006,1,22.0
O003783,P003,1,89.0
O003783,P013,1,32.0
O003784,P001,1,129.0
O003785,P021,1,62.0
O003786,P005,1,48.0
O003787,P013,1,32.0
O003787,P022,1,54.0
O003787,P021,1,62.0
O003788,P005,1,48.0
O003789,P022,1,54.0
O003789,P010,1,39.0
O003790,P022,1,54.0
O003790,P001,1,129.0
O003791,P019,1,19.0
O003792,P022,1,54.0
O003793,P006,1,22.0
O003794,P008,1,72.0
O003795,P017,1,58.0
O003796,P012,2,20.0
O003796,P017,1,58.0
O003797,P018,1,24.0
O003798,P014,1,118.0
O003799,P006,1,22.0
O003800,P020,1,28.0
O003801,P020,1,28.0
O003802,P005,1,48.0
O003803,P007,1,41.0
O003804,P013,1,32.0
O003805,P005,1,48.0
O003806,P020,2,28.0
O003806,P018,1,24.0
O003806,P008,1,72.0
O003807,P006,1,22.0
O003807,P010,1,39.0
O003808,P010,1,39.0
O003808,P003,1,89.0
O003808,P006,1,22.0
O003808,P013,2,32.0
O003809,P021,1,62.0
O003809,P007,1,41.0
O003809,P008,1,72.0
O003810,P018,1,24.0
O003811,P012,2,20.0
O003812,P015,1,76.0
O003813,P016,1,36.0
O003814,P002,2,169.0
O003815,P013,1,32.0
O003815,P022,1,54.0
O003815,P018,1,24.0
O003815,P021,1,62.0
O003816,P016,1,36.0
O003816,P005,1,48.0
O003816,P015,1,76.0
O003817,P004,1,64.0
O003817,P005,1,48.0
O003817,P011,1,55.0
O003818,P005,1,48.0
O003819,P014,1,118.0
O003820,P022,1,54.0
O003821,P021,1,62.0
O003821,P001,1,129.0
O003821,P019,1,19.0
O003821,P005,1,48.0
O003822,P013,1,32.0
O003823,P019,1,19.0
O003823,P013,1,32.0
O003823,P018,1,24.0
O003824,P022,1,54.0
O003825,P011,1,55.0
O003826,P013,1,32.0
O003826,P010,1,39.0
O003827,P013,1,32.0
O003828,P017,1,58.0
O003829,P013,1,32.0
O003829,P004,1,64.0
O003829,P005,1,48.0
O003830,P005,1,48.0
O003830,P001,1,129.0
O003831,P006,1,22.0
O003831,P023,1,98.0
O003831,P010,2,39.0
O003831,P002,1,169.0
O003832,P015,1,76.0
O003833,P005,1,48.0
O003833,P019,1,19.0
O003834,P006,1,22.0
O003834,P005,2,48.0
O003834,P011,1,55.0
O003834,P015,1,76.0
O003835,P011,1,55.0
O003836,P014,2,118.0
O003836,P015,1,76.0
O003836,P010,1,39.0
O003836,P018,2,24.0
O003837,P017,1,58.0
O003838,P016,1,36.0
O003839,P021,1,62.0
O003840,P001,1,129.0
O003840,P005,1,48.0
O003841,P004,3,64.0
O003842,P016,1,36.0
O003843,P006,1,22.0
O003844,P006,1,22.0
O003845,P007,1,41.0
O003845,P012,1,20.0
O003846,P018,3,24.0
O003847,P006,1,22.0
O003848,P013,2,32.0
O003849,P017,1,58.0
O003850,P011,1,55.0
O003850,P006,3,22.0
O003850,P012,1,20.0
O003851,P005,1,48.0
O003852,P017,1,58.0
O003852,P003,1,89.0
O003853,P005,1,48.0
O003853,P017,2,58.0
O003853,P008,1,72.0
O003854,P022,1,54.0
O003854,P006,1,22.0
O003854,P008,1,72.0
O003855,P016,1,36.0
O003856,P015,1,76.0
O003856,P007,2,41.0
O003856,P013,1,32.0
O003857,P005,1,48.0
O003857,P020,1,28.0
O003858,P004,1,64.0
O003858,P022,1,54.0
O003859,P022,1,54.0
O003860,P006,1,22.0
O003861,P020,1,28.0
O003862,P022,1,54.0
O003863,P010,1,39.0
O003864,P005,1,48.0
O003864,P012,3,20.0
O003865,P017,2,58.0
O003866,P006,1,22.0
O003866,P011,3,55.0
O003867,P011,1,55.0
O003868,P010,1,39.0
O003868,P006,1,22.0
O003869,P023,2,98.0
O003869,P016,1,36.0
O003870,P006,3,22.0
O003871,P015,1,76.0
O003871,P021,1,62.0
O003872,P011,1,55.0
O003873,P011,1,55.0
O003874,P017,1,58.0
O003875,P007,1,41.0
O003875,P022,1,54.0
O003876,P008,1,72.0
O003877,P020,1,28.0
O003878,P012,1,20.0
O003879,P008,1,72.0
O003880,P017,1,58.0
O003880,P013,1,32.0
O003881,P005,1,48.0
O003881,P013,1,32.0
O003881,P019,1,19.0
O003882,P015,1,76.0
O003883,P013,1,32.0
O003884,P006,1,22.0
O003885,P022,1,54.0
O003885,P021,2,62.0
O003886,P002,1,169.0
O003887,P005,1,48.0
O003888,P013,2,32.0
O003888,P011,1,55.0
O003889,P013,1,32.0
O003889,P002,2,169.0
O003890,P007,1,41.0
O003891,P006,1,22.0
O003892,P016,1,36.0
O003892,P022,1,54.0
O003892,P017,1,58.0
O003893,P015,1,76.0
O003894,P001,1,129.0
O003895,P019,1,19.0
O003896,P012,1,20.0
O003897,P008,1,72.0
O003897,P012,1,20.0
O003897,P016,1,36.0
O003898,P006,1,22.0
O003899,P004,1,64.0
O003899,P019,1,19.0
O003900,P003,1,89.0
O003900,P020,1,28.0
O003901,P005,1,48.0
O003901,P013,1,32.0
O003902,P011,1,55.0
O003903,P017,1,58.0
O003904,P022,1,54.0
O003904,P006,1,22.0
O003905,P003,1,89.0
O003906,P008,1,72.0
O003907,P014,1,118.0
O003908,P003,1,89.0
O003909,P009,1,35.0
O003909,P020,1,28.0
O003909,P012,1,20.0
O003910,P005,1,48.0
O003910,P003,2,89.0
O003911,P008,1,72.0
O003911,P013,1,32.0
O003911,P012,1,20.0
O003912,P020,1,28.0
O003913,P012,1,20.0
O003914,P016,1,36.0
O003915,P012,1,20.0
O003915,P013,1,32.0
O003916,P010,1,39.0
O003916,P007,2,41.0
O003916,P021,1,62.0
O003917,P021,1,62.0
O003917,P005,1,48.0
O003918,P021,1,62.0
O003919,P018,1,24.0
O003919,P019,1,19.0
O003919,P006,1,22.0
O003920,P013,1,32.0
O003920,P004,1,64.0
O003921,P011,1,55.0
O003921,P014,1,118.0
O003921,P008,1,72.0
O003922,P005,1,48.0
O003922,P001,1,129.0
O003922,P021,1,62.0
O003922,P011,3,55.0
O003923,P003,1,89.0
O003924,P008,1,72.0
O003924,P004,1,64.0
O003925,P013,1,32.0
O003926,P014,1,118.0
O003927,P016,1,36.0
O003928,P010,2,39.0
O003929,P006,1,22.0
O003930,P018,1,24.0
O003931,P006,1,22.0
O003932,P010,1,39.0
O003933,P010,1,39.0
O003934,P005,1,48.0
O003935,P019,1,19.0
O003935,P014,1,118.0
O003936,P018,1,24.0
O003936,P013,1,32.0
O003937,P010,1,39.0
O003937,P006,1,22.0
O003938,P022,1,54.0
O003938,P005,1,48.0
O003939,P019,1,19.0
O003939,P002,1,169.0
O003940,P002,1,169.0
O003941,P020,3,28.0
O003942,P013,2,32.0
O003942,P008,1,72.0
O003943,P006,1,22.0
O003944,P010,1,39.0
O003944,P003,1,89.0
O003945,P017,1,58.0
O003946,P015,1,76.0
O003947,P021,1,62.0
O003948,P010,2,39.0
O003949,P022,1,54.0
O003949,P018,2,24.0
O003950,P019,1,19.0
O003951,P011,2,55.0
O003952,P021,1,62.0
O003953,P006,2,22.0
O003954,P004,2,64.0
O003954,P012,1,20.0
O003954,P002,2,169.0
O003954,P006,1,22.0
O003955,P019,1,19.0
O003956,P016,2,36.0
O003957,P020,1,28.0
O003958,P014,3,118.0
O003959,P004,1,64.0
O003960,P002,1,169.0
O003961,P007,1,41.0
O003962,P013,2,32.0
O003962,P017,1,58.0
O003963,P004,1,64.0
O003964,P018,1,24.0
O003965,P021,2,62.0
O003966,P006,2,22.0
O003967,P012,1,20.0
O003968,P019,1,19.0
O003969,P009,1,35.0
O003970,P018,2,24.0
O003970,P019,1,19.0
O003971,P006,1,22.0
O003971,P001,1,129.0
O003971,P019,1,19.0
O003972,P010,3,39.0
O003973,P001,1,129.0
O003974,P007,1,41.0
O003974,P022,1,54.0
O003975,P013,1,32.0
O003975,P012,1,20.0
O003976,P003,1,89.0
O003977,P004,1,64.0
O003977,P014,1,118.0
O003977,P018,1,24.0
O003978,P020,1,28.0
O003979,P011,1,55.0
O003980,P021,2,62.0
O003981,P006,1,22.0
O003982,P019,2,19.0
O003983,P005,1,48.0
O003983,P006,1,22.0
O003983,P008,1,72.0
O003984,P010,1,39.0
O003985,P007,1,41.0
O003986,P010,2,39.0
O003987,P015,1,76.0
O003988,P018,1,24.0
O003989,P005,1,48.0
O003990,P007,1,41.0
O003991,P018,1,24.0
O003992,P009,2,35.0
O003993,P012,1,20.0
O003994,P007,3,41.0
O003995,P011,1,55.0
O003995,P014,1,118.0
O003996,P011,1,55.0
O003996,P022,1,54.0
O003997,P013,1,32.0
O003998,P013,1,32.0
O003999,P014,1,118.0
O004000,P017,2,58.0
O004001,P005,2,48.0
O004002,P018,1,24.0
O004003,P005,2,48.0
O004004,P022,-1,54.0
O004005,P005,1,48.0
O004005,P022,1,54.0
O004006,P008,2,72.0
O004006,P014,1,118.0
O004007,P016,1,36.0
O004008,P013,1,32.0
O004009,P005,1,48.0
O004009,P021,1,62.0
O004010,P006,2,22.0
O004011,P005,2,48.0
O004012,P005,2,48.0
O004013,P022,1,54.0
O004014,P007,2,41.0
O004014,P013,1,32.0
O004015,P017,1,58.0
O004016,P005,1,48.0
O004016,P021,2,62.0
O004017,P015,1,76.0
O004018,P019,1,19.0
O004019,P002,1,169.0
O004020,P018,2,24.0
O004021,P009,1,35.0
O004021,P013,1,32.0
O004022,P014,1,118.0
O004023,P022,1,54.0
O004024,P016,1,36.0
O004024,P019,3,19.0
O004025,P005,1,48.0
O004026,P006,1,22.0
O004027,P010,2,39.0
O004027,P011,3,55.0
O004027,P014,1,118.0
O004027,P017,1,58.0
O004028,P007,1,41.0
O004029,P013,1,32.0
O004030,P008,1,72.0
O004031,P022,1,54.0
O004032,P005,1,48.0
O004033,P005,1,48.0
O004033,P019,1,19.0
O004034,P022,1,54.0
O004035,P018,1,24.0
O004036,P016,1,36.0
O004037,P021,1,62.0
O004038,P016,1,36.0
O004038,P011,3,55.0
O004039,P021,1,62.0
O004040,P010,2,39.0
O004041,P007,1,41.0
O004042,P015,1,76.0
O004043,P020,1,28.0
O004044,P018,1,24.0
O004045,P007,1,41.0
O004046,P010,3,39.0
O004047,P004,1,64.0
O004048,P007,1,41.0
O004049,P022,1,54.0
O004049,P006,1,22.0
O004049,P021,1,62.0
O004049,P017,1,58.0
O004050,P022,1,54.0
O004051,P006,1,22.0
O004051,P020,1,28.0
O004052,P005,1,48.0
O004052,P016,1,36.0
O004052,P006,1,22.0
O004053,P005,1,48.0
O004054,P006,1,22.0
O004054,P012,1,20.0
O004055,P018,1,24.0
O004055,P004,1,64.0
O004055,P005,1,48.0
O004056,P016,1,36.0
O004057,P016,2,36.0
O004058,P006,1,22.0
O004058,P021,1,62.0
O004058,P012,1,20.0
O004059,P005,1,48.0
O004059,P011,1,55.0
O004060,P016,1,36.0
O004060,P020,2,28.0
O004061,P005,1,48.0
O004061,P006,1,22.0
O004061,P023,1,98.0
O004062,P013,2,32.0
O004062,P018,1,24.0
O004063,P018,1,24.0
O004064,P001,1,129.0
O004064,P011,1,55.0
O004065,P022,1,54.0
O004065,P018,2,24.0
O004066,P020,1,28.0
O004066,P018,1,24.0
O004066,P005,1,48.0
O004067,P007,1,41.0
O004067,P021,2,62.0
O004068,P019,1,19.0
O004069,P019,1,19.0
O004070,P022,1,54.0
O004071,P022,1,54.0
O004072,P017,1,58.0
O004073,P011,1,55.0
O004074,P008,1,72.0
O004075,P011,1,55.0
O004076,P001,1,129.0
O004077,P012,1,20.0
O004077,P011,1,55.0
O004077,P006,2,22.0
O004078,P011,1,55.0
O004078,P022,1,54.0
O004079,P003,1,89.0
O004080,P022,1,54.0
O004081,P005,1,48.0
O004082,P005,1,48.0
O004083,P018,1,24.0
O004084,P019,1,19.0
O004085,P011,1,55.0
O004086,P019,1,19.0
O004087,P021,1,62.0
O004087,P022,1,54.0
O004088,P019,1,19.0
O004088,P005,1,48.0
O004089,P011,1,55.0
O004090,P021,1,62.0
O004090,P008,1,72.0
O004091,P001,1,129.0
O004092,P013,1,32.0
O004092,P023,1,98.0
O004093,P007,1,41.0
O004094,P005,1,48.0
O004095,P011,1,55.0
O004096,P004,1,64.0
O004096,P018,2,24.0
O004096,P013,2,32.0
O004097,P007,1,41.0
O004098,P022,1,54.0
O004098,P020,1,28.0
O004098,P019,1,19.0
O004099,P018,1,24.0
O004100,P016,1,36.0
O004100,P020,1,28.0
O004100,P010,1,39.0
O004100,P006,1,22.0
O004101,P006,1,22.0
O004102,P002,1,169.0
O004102,P004,1,64.0
O004103,P009,1,35.0
O004104,P021,1,62.0
O004104,P008,1,72.0
O004105,P014,1,118.0
O004106,P005,1,48.0
O004106,P022,2,54.0
O004107,P012,1,20.0
O004108,P009,1,35.0
O004108,P019,1,19.0
O004108,P008,1,72.0
O004109,P005,1,48.0
O004110,P013,3,32.0
O004111,P019,1,19.0
O004112,P019,1,19.0
O004112,P015,2,76.0
O004112,P006,1,22.0
O004113,P019,1,19.0
O004114,P005,1,48.0
O004114,P016,1,36.0
O004114,P011,1,55.0
O004114,P020,1,28.0
O004115,P011,1,55.0
O004115,P006,1,22.0
O004116,P013,1,32.0
O004117,P003,1,89.0
O004117,P016,1,36.0
O004118,P011,1,55.0
O004119,P005,1,48.0
O004120,P019,1,19.0
O004120,P007,2,41.0
O004120,P008,1,72.0
O004121,P018,1,24.0
O004122,P023,1,98.0
O004122,P008,1,72.0
O004123,P022,1,54.0
O004124,P022,1,54.0
O004124,P019,1,19.0
O004125,P018,1,24.0
O004126,P007,3,41.0
O004126,P006,1,22.0
O004126,P021,1,62.0
O004126,P011,2,55.0
O004127,P006,2,22.0
O004128,P019,1,19.0
O004128,P013,3,32.0
O004129,P004,2,64.0
O004130,P019,1,19.0
O004131,P007,1,41.0
O004131,P016,2,36.0
O004131,P013,2,32.0
O004131,P010,3,39.0
O004132,P016,1,36.0
O004133,P005,1,48.0
O004134,P013,1,32.0
O004135,P005,1,48.0
O004136,P018,1,24.0
O004137,P009,1,35.0
O004138,P018,1,24.0
O004138,P007,2,41.0
O004139,P016,1,36.0
O004139,P022,1,54.0
O004140,P001,1,129.0
O004141,P014,1,118.0
O004142,P006,1,22.0
O004143,P006,1,22.0
O004144,P005,1,48.0
O004144,P023,3,98.0
O004145,P005,1,48.0
O004145,P014,2,118.0
O004146,P008,1,72.0
O004146,P004,1,64.0
O004147,P021,2,62.0
O004148,P005,2,48.0
O004149,P011,2,55.0
O004149,P007,1,41.0
O004150,P004,1,64.0
O004151,P016,1,36.0
O004151,P021,1,62.0
O004152,P009,1,35.0
O004153,P014,1,118.0
O004153,P017,1,58.0
O004154,P008,2,72.0
O004155,P007,1,41.0
O004156,P015,2,76.0
O004156,P011,1,55.0
O004157,P022,1,54.0
O004157,P018,1,24.0
O004158,P022,1,54.0
O004159,P018,1,24.0
O004160,P007,1,41.0
O004160,P022,1,54.0
O004160,P003,1,89.0
O004161,P005,1,48.0
O004161,P011,2,55.0
O004162,P005,2,48.0
O004163,P007,1,41.0
O004164,P018,1,24.0
O004164,P023,1,98.0
O004165,P003,1,89.0
O004165,P006,3,22.0
O004166,P005,1,48.0
O004167,P004,1,64.0
O004167,P014,1,118.0
O004168,P006,1,22.0
O004168,P003,3,89.0
O004169,P005,1,48.0
O004169,P018,1,24.0
O004170,P022,1,54.0
O004171,P001,1,129.0
O004171,P019,1,19.0
O004172,P018,1,24.0
O004172,P007,2,41.0
O004173,P014,1,118.0
O004173,P018,1,24.0
O004174,P009,1,35.0
O004174,P013,1,32.0
O004174,P011,1,55.0
O004175,P004,1,64.0
O004175,P009,2,35.0
O004175,P005,1,48.0
O004176,P008,2,72.0
O004177,P001,1,129.0
O004178,P011,2,55.0
O004178,P020,3,28.0
O004179,P022,1,54.0
O004180,P008,1,72.0
O004180,P007,2,41.0
O004181,P012,1,20.0
O004181,P005,3,48.0
O004181,P011,1,55.0
O004182,P005,1,48.0
O004183,P013,3,32.0
O004184,P022,1,54.0
O004185,P018,1,24.0
O004186,P007,1,41.0
O004187,P006,1,22.0
O004187,P013,1,32.0
O004188,P020,1,28.0
O004188,P022,1,54.0
O004189,P014,1,118.0
O004190,P005,1,48.0
O004190,P011,1,55.0
O004191,P002,1,169.0
O004191,P016,1,36.0
O004192,P022,1,54.0
O004192,P019,2,19.0
O004193,P011,2,55.0
O004193,P018,1,24.0
O004194,P020,1,28.0
O004195,P005,1,48.0
O004196,P005,1,48.0
O004197,P015,1,76.0
O004198,P022,1,54.0
O004198,P007,1,41.0
O004198,P005,1,48.0
O004199,P005,1,48.0
O004199,P007,1,41.0
O004199,P023,1,98.0
O004200,P014,1,118.0
O004200,P011,1,55.0
O004201,P006,1,22.0
O004202,P013,1,32.0
O004202,P003,1,89.0
O004203,P011,1,55.0
O004204,P022,1,54.0
O004204,P011,1,55.0
O004204,P005,1,48.0
O004205,P020,1,28.0
O004206,P022,1,54.0
O004207,P013,1,32.0
O004207,P008,1,72.0
O004207,P005,1,48.0
O004208,P005,1,48.0
O004209,P013,1,32.0
O004209,P005,1,48.0
O004210,P006,1,22.0
O004211,P004,1,64.0
O004212,P009,1,35.0
O004213,P020,1,28.0
O004214,P018,1,24.0
O004214,P002,1,169.0
O004214,P014,1,118.0
O004214,P005,1,48.0
O004215,P013,1,32.0
O004215,P011,1,55.0
O004215,P012,1,20.0
O004216,P006,1,22.0
O004216,P010,2,39.0
O004217,P013,1,32.0
O004218,P009,1,35.0
O004219,P005,1,48.0
O004219,P003,1,89.0
O004220,P021,1,62.0
O004221,P022,1,54.0
O004221,P006,1,22.0
O004221,P004,1,64.0
O004221,P008,2,72.0
O004222,P007,1,41.0
O004223,P018,1,24.0
O004223,P011,1,55.0
O004224,P005,1,48.0
O004224,P021,1,62.0
O004225,P007,1,41.0
O004225,P004,1,64.0
O004226,P015,1,76.0
O004227,P013,1,32.0
O004228,P021,2,62.0
O004229,P021,1,62.0
O004230,P006,1,22.0
O004231,P023,1,98.0
O004231,P019,1,19.0
O004232,P010,1,39.0
O004232,P021,1,62.0
O004233,P004,1,64.0
O004233,P013,1,32.0
O004234,P021,1,62.0
O004235,P011,1,55.0
O004235,P005,1,48.0
O004236,P006,1,22.0
O004236,P011,1,55.0
O004237,P021,1,62.0
O004237,P014,1,118.0
O004238,P015,1,76.0
O004238,P018,1,24.0
O004239,P019,1,19.0
O004239,P014,1,118.0
O004240,P023,2,98.0
O004240,P018,1,24.0
O004240,P015,1,76.0
O004240,P008,1,72.0
O004241,P008,1,72.0
O004242,P003,1,89.0
O004242,P015,1,76.0
O004243,P004,1,64.0
O004243,P019,1,19.0
O004244,P005,1,48.0
O004244,P019,1,19.0
O004244,P018,1,24.0
O004245,P010,3,39.0
O004246,P013,1,32.0
O004247,P015,1,76.0
O004247,P011,1,55.0
O004248,P005,2,48.0
O004248,P011,2,55.0
O004249,P020,1,28.0
O004250,P005,2,48.0
O004251,P018,1,24.0
O004251,P016,1,36.0
O004252,P010,2,39.0
O004253,P012,1,20.0
O004254,P006,1,22.0
O004255,P009,1,35.0
O004256,P018,1,24.0
O004257,P022,1,54.0
O004257,P003,1,89.0
O004258,P011,1,55.0
O004258,P018,1,24.0
O004258,P006,1,22.0
O004258,P005,1,48.0
O004259,P013,1,32.0
O004260,P022,1,54.0
O004260,P021,2,62.0
O004260,P008,2,72.0
O004261,P005,2,48.0
O004261,P021,1,62.0
O004262,P010,1,39.0
O004263,P018,1,24.0
O004263,P013,1,32.0
O004263,P006,1,22.0
O004264,P019,2,19.0
O004264,P005,1,48.0
O004265,P014,1,118.0
O004265,P006,1,22.0
O004266,P021,1,62.0
O004267,P006,1,22.0
O004267,P004,1,64.0
O004267,P003,1,89.0
O004268,P016,1,36.0
O004269,P022,1,54.0
O004269,P016,0,36.0
O004270,P018,2,24.0
O004271,P005,1,48.0
O004271,P010,1,39.0
O004271,P011,1,55.0
O004272,P019,1,19.0
O004273,P011,1,55.0
O004274,P020,1,28.0
O004274,P005,1,48.0
O004275,P021,1,62.0
O004276,P006,2,22.0
O004277,P019,1,19.0
O004278,P022,2,54.0
O004278,P018,1,24.0
O004278,P007,1,41.0
O004279,P019,2,19.0
O004280,P010,1,39.0
O004280,P005,1,48.0
O004281,P008,3,72.0
O004281,P004,1,64.0
O004282,P021,1,62.0
O004283,P005,1,48.0
O004284,P008,1,72.0
O004284,P023,1,98.0
O004285,P021,1,62.0
O004286,P015,1,76.0
O004287,P020,1,28.0
O004288,P003,1,89.0
O004289,P019,1,19.0
O004290,P007,1,41.0
O004290,P006,1,22.0
O004291,P008,1,72.0
O004291,P014,1,118.0
O004291,P012,1,20.0
O004292,P006,1,22.0
O004292,P005,1,48.0
O004293,P019,1,19.0
O004294,P017,2,58.0
O004294,P013,2,32.0
O004294,P022,1,54.0
O004295,P013,1,32.0
O004295,P021,1,62.0
O004296,P006,1,22.0
O004296,P008,1,72.0
O004296,P005,1,48.0
O004297,P018,1,24.0
O004298,P006,1,22.0
O004299,P013,1,32.0
O004300,P016,1,36.0
O004300,P015,1,76.0
O004300,P022,2,54.0
O004301,P005,1,48.0
O004302,P011,2,55.0
O004302,P006,1,22.0
O004303,P007,1,41.0
O004303,P006,1,22.0
O004304,P011,1,55.0
O004304,P009,1,35.0
O004305,P003,1,89.0
O004306,P012,1,20.0
O004307,P006,2,22.0
O004308,P019,1,19.0
O004309,P005,1,48.0
O004310,P005,1,48.0
O004310,P006,1,22.0
O004311,P018,1,24.0
O004312,P014,1,118.0
O004313,P014,1,118.0
O004313,P018,2,24.0
O004314,P007,1,41.0
O004314,P021,1,62.0
O004315,P021,1,62.0
O004316,P009,1,35.0
O004316,P005,1,48.0
O004316,P011,1,55.0
O004317,P020,1,28.0
O004318,P007,2,41.0
O004319,P015,1,76.0
O004319,P004,1,64.0
O004320,P001,1,129.0
O004321,P005,1,48.0
O004321,P014,1,118.0
O004321,P009,1,35.0
O004322,P003,3,89.0
O004323,P006,1,22.0
O004324,P011,1,55.0
O004325,P019,1,19.0
O004325,P005,1,48.0
O004325,P007,1,41.0
O004326,P005,3,48.0
O004327,P016,1,36.0
O004328,P007,1,41.0
O004329,P013,1,32.0
O004330,P006,1,22.0
O004331,P018,1,24.0
O004331,P010,2,39.0
O004331,P013,1,32.0
O004332,P007,1,41.0
O004333,P011,1,55.0
O004334,P009,1,35.0
O004334,P022,1,54.0
O004335,P022,1,54.0
O004335,P016,1,36.0
O004335,P005,1,48.0
O004335,P002,1,169.0
O004336,P011,2,55.0
O004337,P021,1,62.0
O004337,P004,1,64.0
O004338,P011,1,55.0
O004339,P013,1,32.0
O004340,P020,1,28.0
O004340,P022,1,54.0
O004340,P007,1,41.0
O004341,P008,1,72.0
O004341,P011,1,55.0
O004342,P015,1,76.0
O004343,P016,2,36.0
O004343,P007,1,41.0
O004344,P009,2,35.0
O004344,P020,1,28.0
O004344,P021,1,62.0
O004345,P019,2,19.0
O004346,P015,1,76.0
O004347,P016,1,36.0
O004348,P016,1,36.0
O004349,P005,1,48.0
O004350,P011,2,55.0
O004351,P014,1,118.0
O004352,P012,1,20.0
O004352,P019,1,19.0
O004353,P012,1,20.0
O004354,P016,1,36.0
O004354,P012,1,20.0
O004355,P018,1,24.0
O004355,P022,1,54.0
O004356,P013,1,32.0
O004357,P010,1,39.0
O004358,P009,1,35.0
O004359,P007,1,41.0
O004360,P014,1,118.0
O004361,P021,1,62.0
O004361,P017,1,58.0
O004362,P013,1,32.0
O004362,P017,1,58.0
O004362,P006,1,22.0
O004362,P002,2,169.0
O004363,P019,1,19.0
O004363,P015,1,76.0
O004364,P019,1,19.0
O004365,P006,1,22.0
O004365,P013,1,32.0
O004366,P006,1,22.0
O004366,P018,1,24.0
O004367,P020,1,28.0
O004367,P006,1,22.0
O004368,P013,1,32.0
O004369,P005,1,48.0
O004369,P019,3,19.0
O004369,P020,1,28.0
O004370,P019,1,19.0
O004371,P010,1,39.0
O004371,P013,1,32.0
O004372,P007,1,41.0
O004372,P013,1,32.0
O004372,P011,2,55.0
O004373,P011,1,55.0
O004374,P004,1,64.0
O004375,P015,1,76.0
O004376,P006,2,22.0
O004377,P005,1,48.0
O004378,P007,1,41.0
O004378,P019,1,19.0
O004379,P021,1,62.0
O004380,P007,2,41.0
O004381,P007,2,41.0
O004382,P017,2,58.0
O004383,P018,1,24.0
O004384,P022,3,54.0
O004385,P022,1,54.0
O004385,P004,3,64.0
O004386,P007,1,41.0
O004386,P005,1,48.0
O004387,P019,2,19.0
O004387,P021,1,62.0
O004388,P018,1,24.0
O004389,P010,1,39.0
O004390,P009,1,35.0
O004391,P011,1,55.0
O004392,P018,1,24.0
O004392,P022,2,54.0
O004393,P015,1,76.0
O004394,P005,1,48.0
O004395,P006,1,22.0
O004396,P013,1,32.0
O004397,P020,3,28.0
O004398,P015,1,76.0
O004399,P007,1,41.0
O004400,P006,1,22.0
O004401,P011,1,55.0
O004401,P006,1,22.0
O004401,P018,1,24.0
O004402,P016,1,36.0
O004402,P020,2,28.0
O004402,P009,1,35.0
O004403,P007,1,41.0
O004403,P002,1,169.0
O004404,P007,1,41.0
O004405,P021,1,62.0
O004406,P007,1,41.0
O004407,P018,1,24.0
O004408,P017,1,58.0
O004409,P007,1,41.0
O004410,P004,1,64.0
O004410,P016,1,36.0
O004410,P018,1,24.0
O004411,P003,1,89.0
O004411,P021,2,62.0
O004412,P013,1,32.0
O004413,P020,2,28.0
O004413,P005,1,48.0
O004414,P006,2,22.0
O004415,P005,1,48.0
O004415,P008,1,72.0
O004415,P021,2,62.0
O004416,P019,1,19.0
O004417,P004,1,64.0
O004417,P006,1,22.0
O004418,P020,1,28.0
O004418,P011,1,55.0
O004418,P022,1,54.0
O004419,P005,2,48.0
O004420,P020,2,28.0
O004421,P005,2,48.0
O004421,P006,1,22.0
O004421,P018,1,24.0
O004421,P011,1,55.0
O004422,P017,1,58.0
O004422,P011,1,55.0
O004423,P012,1,20.0
O004424,P007,1,41.0
O004424,P021,1,62.0
O004425,P011,1,55.0
O004426,P005,1,48.0
O004426,P004,1,64.0
O004427,P018,1,24.0
O004428,P011,1,55.0
O004429,P014,1,118.0
O004430,P011,1,55.0
O004431,P019,1,19.0
O004432,P018,3,24.0
O004432,P006,2,22.0
O004432,P010,1,39.0
O004432,P011,1,55.0
O004433,P013,1,32.0
O004434,P007,1,41.0
O004434,P006,1,22.0
O004435,P006,1,22.0
O004436,P009,1,35.0
O004437,P005,2,48.0
O004437,P012,1,20.0
O004437,P011,1,55.0
O004438,P007,1,41.0
O004439,P007,1,41.0
O004439,P011,1,55.0
O004439,P013,1,32.0
O004440,P019,2,19.0
O004441,P013,1,32.0
O004442,P020,1,28.0
O004442,P019,1,19.0
O004442,P004,1,64.0
O004443,P001,1,129.0
O004444,P012,1,20.0
O004445,P007,1,41.0
O004446,P010,1,39.0
O004447,P005,1,48.0
O004447,P016,1,36.0
O004448,P021,1,62.0
O004448,P006,1,22.0
O004449,P022,1,54.0
O004449,P005,1,48.0
O004450,P006,1,22.0
O004451,P018,1,24.0
O004452,P006,1,22.0
O004453,P011,1,55.0
O004454,P011,1,55.0
O004454,P006,1,22.0
O004455,P004,1,64.0
O004456,P005,1,48.0
O004457,P008,1,72.0
O004458,P005,1,48.0
O004458,P016,1,36.0
O004459,P022,1,54.0
O004460,P018,1,24.0
O004460,P005,1,48.0
O004461,P013,1,32.0
O004462,P007,1,41.0
O004462,P006,1,22.0
O004462,P005,1,48.0
O004462,P010,2,39.0
O004463,P016,2,36.0
O004464,P013,1,32.0
O004464,P001,1,129.0
O004465,P017,1,58.0
O004466,P019,3,19.0
O004467,P007,1,41.0
O004468,P016,1,36.0
O004468,P021,1,62.0
O004468,P006,2,22.0
O004469,P011,1,55.0
O004470,P005,1,48.0
O004471,P005,1,48.0
O004471,P004,1,64.0
O004471,P006,1,22.0
O004472,P015,1,76.0
O004473,P006,1,22.0
O004474,P003,1,89.0
O004475,P004,2,64.0
O004475,P019,1,19.0
O004475,P015,1,76.0
O004475,P016,1,36.0
O004476,P022,1,54.0
O004477,P007,1,41.0
O004477,P018,1,24.0
O004477,P009,1,35.0
O004478,P007,1,41.0
O004478,P006,1,22.0
O004478,P013,1,32.0
O004478,P008,1,72.0
O004479,P016,1,36.0
O004479,P011,1,55.0
O004479,P009,1,35.0
O004480,P013,3,32.0
O004481,P013,1,32.0
O004481,P018,1,24.0
O004482,P007,3,41.0
O004483,P005,3,48.0
O004483,P014,1,118.0
O004483,P021,1,62.0
O004484,P012,1,20.0
O004485,P006,1,22.0
O004486,P013,1,32.0
O004487,P006,1,22.0
O004487,P002,1,169.0
O004487,P019,1,19.0
O004488,P006,1,22.0
O004488,P013,1,32.0
O004489,P011,1,55.0
O004490,P005,1,48.0
O004491,P007,1,41.0
O004492,P006,1,22.0
O004493,P015,1,76.0
O004493,P009,1,35.0
O004494,P018,1,24.0
O004494,P007,1,41.0
O004494,P009,1,35.0
O004494,P004,1,64.0
O004495,P007,1,41.0
O004496,P021,1,62.0
O004497,P022,1,54.0
O004497,P018,1,24.0
O004498,P021,1,62.0
O004498,P018,1,24.0
O004499,P005,2,48.0
O004499,P016,1,36.0
O004499,P014,1,118.0
O004499,P006,1,22.0
O004500,P005,1,48.0
O004500,P007,1,41.0
O004501,P019,1,19.0
O004501,P013,1,32.0
O004502,P015,1,76.0
O004502,P006,1,22.0
O004503,P006,2,22.0
O004504,P005,1,48.0
O004505,P005,1,48.0
O004505,P018,1,24.0
O004506,P021,1,62.0
O004507,P011,1,55.0
O004507,P018,1,24.0
O004508,P016,2,36.0
O004508,P009,2,35.0
O004508,P018,1,24.0
O004508,P023,1,98.0
O004509,P023,1,98.0
O004509,P022,1,54.0
O004509,P005,1,48.0
O004509,P018,1,24.0
O004510,P018,1,24.0
O004510,P007,1,41.0
O004511,P021,1,62.0
O004512,P018,1,24.0
O004512,P011,1,55.0
O004512,P021,1,62.0
O004513,P005,1,48.0
O004513,P021,1,62.0
O004513,P007,1,41.0
O004514,P011,1,55.0
O004515,P005,1,48.0
O004515,P013,1,32.0
O004516,P006,1,22.0
O004516,P004,-1,64.0
O004517,P015,1,76.0
O004517,P018,1,24.0
O004518,P007,1,41.0
O004519,P011,3,55.0
O004520,P019,1,19.0
O004521,P022,1,54.0
O004521,P019,1,19.0
O004522,P012,1,20.0
O004522,P005,1,48.0
O004523,P011,1,55.0
O004524,P009,1,35.0
O004525,P005,1,48.0
O004526,P022,1,54.0
O004526,P021,1,62.0
O004527,P021,1,62.0
O004528,P022,1,54.0
O004529,P020,1,28.0
O004530,P021,1,62.0
O004530,P014,1,118.0
O004530,P022,1,54.0
O004530,P010,1,39.0
O004531,P013,1,32.0
O004532,P012,1,20.0
O004532,P017,1,58.0
O004533,P005,1,48.0
O004534,P015,1,76.0
O004535,P009,1,35.0
O004536,P016,2,36.0
O004536,P008,1,72.0
O004537,P019,1,19.0
O004538,P021,1,62.0
O004539,P004,2,64.0
O004539,P020,1,28.0
O004539,P019,1,19.0
O004540,P021,1,62.0
O004540,P022,1,54.0
O004540,P013,1,32.0
O004541,P018,1,24.0
O004542,P021,1,62.0
O004543,P019,3,19.0
O004544,P005,2,48.0
O004545,P005,2,48.0
O004546,P005,1,48.0
O004547,P014,1,118.0
O004548,P011,2,55.0
O004549,P009,1,35.0
O004550,P009,2,35.0
O004551,P019,1,19.0
O004551,P021,1,62.0
O004552,P008,1,72.0
O004553,P011,2,55.0
O004553,P010,1,39.0
O004554,P007,1,41.0
O004554,P011,1,55.0
O004555,P009,1,35.0
O004556,P005,1,48.0
O004556,P013,1,32.0
O004556,P007,1,41.0
O004557,P011,1,55.0
O004557,P006,1,22.0
O004558,P011,1,55.0
O004559,P022,3,54.0
O004559,P018,1,24.0
O004559,P009,1,35.0
O004560,P018,1,24.0
O004560,P021,1,62.0
O004561,P009,1,35.0
O004561,P016,1,36.0
O004561,P011,1,55.0
O004562,P022,1,54.0
O004563,P018,1,24.0
O004563,P007,1,41.0
O004564,P022,1,54.0
O004565,P017,1,58.0
O004566,P005,1,48.0
O004567,P018,1,24.0
O004567,P007,1,41.0
O004568,P016,1,36.0
O004568,P007,1,41.0
O004569,P006,1,22.0
O004570,P006,1,22.0
O004570,P011,1,55.0
O004570,P005,1,48.0
O004571,P013,1,32.0
O004572,P007,1,41.0
O004572,P022,1,54.0
O004573,P007,1,41.0
O004573,P018,1,24.0
O004573,P021,1,62.0
O004573,P013,1,32.0
O004574,P006,3,22.0
O004574,P013,1,32.0
O004574,P023,2,98.0
O004575,P019,1,19.0
O004576,P019,1,19.0
O004577,P021,2,62.0
O004577,P009,1,35.0
O004577,P018,2,24.0
O004578,P005,1,48.0
O004579,P011,1,55.0
O004579,P023,1,98.0
O004580,P007,1,41.0
O004581,P008,1,72.0
O004581,P006,1,22.0
O004581,P021,1,62.0
O004581,P019,1,19.0
O004582,P002,1,169.0
O004582,P013,2,32.0
O004583,P015,1,76.0
O004583,P022,1,54.0
O004583,P008,1,72.0
O004584,P006,1,22.0
O004584,P013,1,32.0
O004585,P016,1,36.0
O004586,P011,1,55.0
O004587,P016,1,36.0
O004587,P011,1,55.0
O004587,P005,1,48.0
O004587,P009,1,35.0
O004588,P019,1,19.0
O004589,P017,1,58.0
O004590,P013,1,32.0
O004591,P011,1,55.0
O004591,P010,1,39.0
O004592,P009,1,35.0
O004593,P019,1,19.0
O004593,P007,1,41.0
O004593,P013,1,32.0
O004593,P021,3,62.0
O004594,P011,1,55.0
O004595,P011,1,55.0
O004596,P007,1,41.0
O004596,P010,1,39.0
O004597,P018,1,24.0
O004597,P006,1,22.0
O004598,P011,1,55.0
O004599,P005,1,48.0
O004600,P019,1,19.0
O004600,P011,1,55.0
O004601,P011,1,55.0
O004602,P018,1,24.0
O004603,P017,1,58.0
O004603,P007,1,41.0
O004604,P007,1,41.0
O004604,P004,1,64.0
O004604,P006,1,22.0
O004605,P007,1,41.0
O004605,P006,2,22.0
O004605,P022,1,54.0
O004606,P005,1,48.0
O004606,P004,1,64.0
O004606,P014,1,118.0
O004607,P011,1,55.0
O004608,P021,1,62.0
O004609,P011,1,55.0
O004610,P011,1,55.0
O004610,P013,1,32.0
O004611,P005,1,48.0
O004612,P016,1,36.0
O004613,P018,1,24.0
O004614,P016,1,36.0
O004615,P009,1,35.0
O004615,P011,2,55.0
O004616,P006,3,22.0
O004616,P011,1,55.0
O004616,P014,1,118.0
O004617,P005,1,48.0
O004618,P009,1,35.0
O004619,P006,1,22.0
O004620,P013,1,32.0
O004621,P006,1,22.0
O004621,P022,1,54.0
O004621,P015,1,76.0
O004622,P006,1,22.0
O004623,P004,1,64.0
O004624,P010,1,39.0
O004625,P019,2,19.0
O004625,P014,1,118.0
O004626,P018,1,24.0
O004627,P013,1,32.0
O004627,P006,1,22.0
O004628,P005,1,48.0
O004629,P006,1,22.0
O004630,P006,2,22.0
O004631,P011,1,55.0
O004631,P004,1,64.0
O004632,P005,1,48.0
O004632,P015,1,76.0
O004633,P011,2,55.0
O004634,P010,2,39.0
O004635,P007,1,41.0
O004635,P005,1,48.0
O004636,P013,1,32.0
O004637,P006,1,22.0
O004637,P015,1,76.0
O004638,P007,2,41.0
O004639,P002,1,169.0
O004640,P014,3,118.0
O004641,P018,2,24.0
O004642,P017,1,58.0
O004643,P013,2,32.0
O004643,P005,1,48.0
O004643,P016,1,36.0
O004643,P018,1,24.0
O004644,P020,1,28.0
O004645,P019,1,19.0
O004646,P011,1,55.0
O004647,P011,1,55.0
O004647,P021,2,62.0
O004648,P010,1,39.0
O004648,P013,1,32.0
O004648,P020,1,28.0
O004649,P007,2,41.0
O004649,P010,2,39.0
O004650,P005,1,48.0
O004650,P007,3,41.0
O004650,P013,1,32.0
O004651,P013,1,32.0
O004652,P018,1,24.0
O004652,P021,1,62.0
O004652,P007,1,41.0
O004653,P022,1,54.0
O004653,P023,1,98.0
O004654,P009,1,35.0
O004655,P005,1,48.0
O004655,P016,3,36.0
O004655,P011,1,55.0
O004656,P005,1,48.0
O004656,P011,1,55.0
O004657,P011,1,55.0
O004657,P005,1,48.0
O004657,P021,1,62.0
O004657,P016,1,36.0
O004658,P007,1,41.0
O004659,P013,2,32.0
O004660,P002,1,169.0
O004661,P013,1,32.0
O004661,P016,1,36.0
O004661,P011,1,55.0
O004661,P022,2,54.0
O004662,P011,2,55.0
O004663,P018,2,24.0
O004664,P018,1,24.0
O004664,P022,1,54.0
O004664,P021,1,62.0
O004665,P022,1,54.0
O004665,P015,1,76.0
O004665,P019,1,19.0
O004665,P005,1,48.0
O004666,P020,3,28.0
O004666,P003,1,89.0
O004667,P005,1,48.0
O004668,P022,1,54.0
O004668,P021,1,62.0
O004669,P005,1,48.0
O004669,P013,1,32.0
O004669,P021,2,62.0
O004670,P016,1,36.0
O004670,P005,2,48.0
O004671,P005,1,48.0
O004672,P012,1,20.0
O004672,P019,1,19.0
O004673,P022,1,54.0
O004674,P022,1,54.0
O004674,P018,1,24.0
O004674,P006,1,22.0
O004675,P020,1,28.0
O004676,P015,1,76.0
O004676,P005,2,48.0
O004677,P001,2,129.0
O004678,P014,1,118.0
O004678,P007,1,41.0
O004678,P018,1,24.0
O004679,P009,1,35.0
O004680,P005,1,48.0
O004681,P007,1,41.0
O004682,P009,2,35.0
O004683,P016,1,36.0
O004684,P006,1,22.0
O004685,P007,1,41.0
O004686,P022,1,54.0
O004687,P005,2,48.0
O004687,P006,1,22.0
O004687,P020,2,28.0
O004688,P005,1,48.0
O004689,P003,1,89.0
O004689,P015,1,76.0
O004690,P009,1,35.0
O004691,P005,1,48.0
O004691,P006,2,22.0
O004692,P018,1,24.0
O004692,P008,1,72.0
O004692,P013,2,32.0
O004693,P005,1,48.0
O004694,P004,1,64.0
O004695,P011,1,55.0
O004695,P021,1,62.0
O004695,P012,1,20.0
O004696,P016,2,36.0
O004697,P021,1,62.0
O004698,P009,1,35.0
O004699,P005,1,48.0
O004700,P011,1,55.0
O004700,P007,1,41.0
O004701,P006,1,22.0
O004701,P016,2,36.0
O004702,P006,1,22.0
O004702,P020,1,28.0
O004703,P010,-1,39.0
O004704,P013,1,32.0
O004705,P018,1,24.0
O004705,P014,1,118.0
O004706,P018,1,24.0
O004706,P011,1,55.0
O004707,P006,1,22.0
O004708,P006,1,22.0
O004709,P005,1,48.0
O004709,P007,1,41.0
O004710,P007,1,41.0
O004710,P022,1,54.0
O004711,P013,1,32.0
O004711,P005,1,48.0
O004711,P018,2,24.0
O004712,P022,2,54.0
O004713,P015,1,76.0
O004714,P013,1,32.0
O004715,P012,1,20.0
O004716,P022,2,54.0
O004717,P005,1,48.0
O004718,P018,1,24.0
O004719,P016,1,36.0
O004719,P011,1,55.0
O004720,P020,1,28.0
O004720,P002,2,169.0
O004721,P020,1,28.0
O004722,P010,2,39.0
O004722,P005,1,48.0
O004723,P010,1,39.0
O004723,P011,1,55.0
O004723,P016,1,36.0
O004724,P006,2,22.0
O004725,P007,1,41.0
O004726,P008,1,72.0
O004726,P007,2,41.0
O004727,P022,1,54.0
O004728,P010,2,39.0
O004729,P005,1,48.0
O004730,P007,1,41.0
O004730,P011,1,55.0
O004731,P007,1,41.0
O004731,P005,1,48.0
O004732,P011,1,55.0
O004732,P019,1,19.0
O004733,P005,1,48.0
O004733,P009,1,35.0
O004734,P006,1,22.0
O004734,P007,1,41.0
O004735,P016,1,36.0
O004736,P018,2,24.0
O004736,P013,1,32.0
O004736,P009,1,35.0
O004737,P011,1,55.0
O004737,P007,1,41.0
O004738,P011,2,55.0
O004738,P008,1,72.0
O004738,P017,1,58.0
O004739,P004,1,64.0
O004740,P007,2,41.0
O004740,P021,1,62.0
O004740,P006,1,22.0
O004740,P005,1,48.0
O004741,P017,2,58.0
O004741,P005,1,48.0
O004741,P015,1,76.0
O004741,P010,1,39.0
O004742,P016,2,36.0
O004743,P019,1,19.0
O004744,P006,1,22.0
O004744,P009,1,35.0
O004745,P006,1,22.0
O004746,P022,2,54.0
O004746,P005,1,48.0
O004747,P005,1,48.0
O004748,P006,1,22.0
O004748,P004,1,64.0
O004749,P007,1,41.0
O004750,P014,1,118.0
O004750,P004,1,64.0
O004750,P005,1,48.0
O004751,P018,2,24.0
O004752,P005,1,48.0
O004753,P015,2,76.0
O004754,P004,1,64.0
O004755,P007,1,41.0
O004756,P005,1,48.0
O004757,P005,1,48.0
O004757,P007,1,41.0
O004758,P005,1,48.0
O004759,P023,1,98.0
O004759,P005,1,48.0
O004760,P019,1,19.0
O004760,P003,1,89.0
O004760,P013,1,32.0
O004761,P003,1,89.0
O004762,P007,1,41.0
O004763,P011,1,55.0
O004763,P007,1,41.0
O004763,P009,1,35.0
O004764,P001,1,129.0
O004765,P020,1,28.0
O004766,P005,1,48.0
O004766,P006,2,22.0
O004767,P018,1,24.0
O004768,P013,1,32.0
O004769,P002,1,169.0
O004770,P018,1,24.0
O004771,P023,1,98.0
O004771,P017,1,58.0
O004771,P005,1,48.0
O004772,P021,1,62.0
O004773,P022,2,54.0
O004773,P013,1,32.0
O004773,P006,1,22.0
O004774,P005,1,48.0
O004774,P010,1,39.0
O004774,P019,1,19.0
O004775,P011,1,55.0
O004776,P007,1,
O004776,P005,1,48.0
O004777,P023,1,98.0
O004777,P005,1,48.0
O004778,P005,1,48.0
O004778,P020,1,28.0
O004779,P006,2,22.0
O004779,P003,1,89.0
O004779,P007,1,41.0
O004780,P021,1,62.0
O004780,P017,1,58.0
O004781,P011,1,55.0
O004781,P017,2,58.0
O004782,P014,1,118.0
O004782,P001,1,129.0
O004783,P020,1,28.0
O004784,P016,1,36.0
O004784,P002,1,169.0
O004785,P016,1,36.0
O004786,P005,1,48.0
O004787,P011,1,55.0
O004788,P019,1,19.0
O004789,P022,1,54.0
O004790,P021,1,62.0
O004791,P010,1,39.0
O004792,P016,1,36.0
O004792,P017,1,58.0
O004792,P006,1,22.0
O004792,P009,1,35.0
O004793,P015,1,76.0
O004793,P005,1,48.0
O004793,P008,1,72.0
O004794,P006,1,22.0
O004794,P020,1,28.0
O004794,P004,1,64.0
O004795,P006,1,22.0
O004795,P007,1,41.0
O004796,P005,1,48.0
O004797,P006,1,22.0
O004798,P006,1,22.0
O004798,P018,2,24.0
O004798,P014,3,118.0
O004799,P021,1,62.0
O004800,P007,1,41.0
O004800,P005,2,48.0
O004801,P011,1,55.0
O004802,P010,1,39.0
O004803,P021,1,62.0
O004804,P001,1,129.0
O004805,P005,1,48.0
O004805,P011,1,55.0
O004805,P006,1,22.0
O004805,P007,2,41.0
O004806,P005,1,48.0
O004807,P007,1,41.0
O004808,P016,1,36.0
O004809,P015,1,76.0
O004809,P013,1,32.0
O004810,P005,1,48.0
O004810,P014,1,118.0
O004811,P016,1,36.0
O004811,P005,1,48.0
O004812,P015,2,76.0
O004813,P010,1,39.0
O004814,P005,1,48.0
O004814,P014,1,118.0
O004815,P022,1,54.0
O004816,P009,1,35.0
O004816,P022,1,54.0
O004817,P013,1,32.0
O004817,P008,1,72.0
O004818,P022,1,54.0
O004819,P019,2,19.0
O004820,P021,2,62.0
O004821,P012,1,20.0
O004822,P014,1,118.0
O004823,P015,2,76.0
O004824,P022,1,54.0
O004824,P020,3,28.0
O004825,P018,1,24.0
O004825,P017,1,58.0
O004826,P014,3,118.0
O004827,P011,1,55.0
O004828,P005,1,48.0
O004828,P004,1,64.0
O004828,P009,1,35.0
O004829,P010,1,39.0
O004830,P008,1,72.0
O004830,P006,1,22.0
O004830,P018,1,24.0
O004830,P021,1,62.0
O004831,P014,1,118.0
O004831,P016,1,36.0
O004832,P016,1,36.0
O004832,P007,2,41.0
O004832,P013,1,32.0
O004833,P017,1,58.0
O004834,P017,1,58.0
O004835,P018,2,24.0
O004836,P004,1,64.0
O004837,P005,1,48.0
O004838,P016,2,36.0
O004839,P011,2,55.0
O004840,P011,1,55.0
O004840,P018,1,24.0
O004840,P007,1,41.0
O004841,P011,1,55.0
O004842,P014,2,118.0
O004843,P013,1,32.0
O004843,P007,1,41.0
O004844,P010,1,39.0
O004844,P012,1,20.0
O004845,P009,1,35.0
O004846,P019,1,19.0
O004846,P021,1,62.0
O004846,P022,1,54.0
O004847,P003,2,89.0
O004847,P014,1,118.0
O004847,P021,1,62.0
O004848,P022,1,54.0
O004848,P013,2,32.0
O004848,P006,1,22.0
O004849,P019,1,19.0
O004849,P013,1,32.0
O004850,P006,1,22.0
O004851,P006,1,22.0
O004851,P005,1,48.0
O004852,P008,2,72.0
O004852,P011,1,55.0
O004852,P005,2,48.0
O004853,P005,1,48.0
O004854,P007,1,41.0
O004855,P023,1,98.0
O004856,P011,1,55.0
O004856,P010,2,39.0
O004857,P013,1,32.0
O004858,P013,1,32.0
O004859,P011,1,55.0
O004860,P018,1,24.0
O004861,P014,1,118.0
O004862,P006,1,22.0
O004863,P018,-1,24.0
O004864,P009,1,35.0
O004865,P022,1,54.0
O004866,P022,1,54.0
O004866,P007,1,41.0
O004866,P006,2,22.0
O004867,P012,1,20.0
O004868,P019,1,19.0
O004869,P005,1,48.0
O004869,P015,1,76.0
O004870,P001,1,129.0
O004871,P018,2,24.0
O004871,P006,1,22.0
O004872,P005,2,48.0
O004873,P015,2,76.0
O004874,P021,1,62.0
O004874,P011,1,55.0
O004875,P013,1,32.0
O004876,P005,1,48.0
O004877,P006,2,22.0
O004878,P004,2,64.0
O004878,P017,1,58.0
O004879,P016,1,36.0
O004879,P010,1,39.0
O004880,P013,1,32.0
O004880,P023,1,98.0
O004881,P018,1,24.0
O004881,P019,1,19.0
O004882,P005,1,48.0
O004883,P015,1,76.0
O004883,P019,1,19.0
O004884,P013,1,32.0
O004885,P021,1,62.0
O004885,P009,1,35.0
O004886,P009,1,35.0
O004887,P018,1,24.0
O004888,P016,1,36.0
O004888,P011,1,55.0
O004889,P019,1,19.0
O004890,P010,1,39.0
O004891,P010,1,39.0
O004891,P011,1,55.0
O004892,P019,1,
O004893,P009,2,35.0
O004893,P021,1,62.0
O004893,P005,1,48.0
O004894,P005,1,48.0
O004894,P006,1,22.0
O004895,P009,1,35.0
O004895,P005,1,48.0
O004896,P013,1,32.0
O004897,P021,1,62.0
O004898,P005,1,48.0
O004898,P016,1,36.0
O004898,P019,1,19.0
O004898,P014,1,118.0
O004899,P022,1,54.0
O004900,P012,1,20.0
O004900,P019,1,19.0
O004901,P008,1,72.0
O004901,P011,1,55.0
O004902,P005,1,48.0
O004902,P006,1,22.0
O004903,P005,1,48.0
O004903,P012,1,20.0
O004903,P009,1,35.0
O004904,P005,1,48.0
O004905,P014,1,118.0
O004906,P011,1,55.0
O004906,P007,1,41.0
O004907,P005,1,48.0
O004907,P021,1,62.0
O004908,P014,1,118.0
O004908,P007,1,41.0
O004908,P013,3,32.0
O004909,P007,1,41.0
O004909,P011,1,55.0
O004910,P011,2,55.0
O004911,P020,2,28.0
O004912,P022,1,54.0
O004913,P018,1,24.0
O004913,P011,1,55.0
O004914,P014,1,118.0
O004915,P002,2,169.0
O004915,P010,1,39.0
O004915,P007,1,41.0
O004916,P013,1,32.0
O004917,P016,1,36.0
O004918,P006,1,22.0
O004918,P020,1,28.0
O004918,P004,1,64.0
O004919,P015,2,76.0
O004920,P004,0,64.0
O004921,P020,1,28.0
O004922,P003,1,89.0
O004922,P011,1,55.0
O004923,P007,1,41.0
O004924,P007,1,41.0
O004924,P021,1,62.0
O004925,P010,2,39.0
O004926,P006,1,22.0
O004927,P005,1,48.0
O004927,P017,0,58.0
O004927,P019,1,19.0
O004928,P013,1,32.0
O004928,P016,1,36.0
O004928,P022,1,54.0
O004929,P018,1,24.0
O004930,P006,1,22.0
O004931,P015,1,76.0
O004931,P005,1,48.0
O004932,P011,1,55.0
O004933,P021,1,62.0
O004934,P006,1,22.0
O004935,P004,1,64.0
O004936,P021,1,62.0
O004937,P005,1,48.0
O004938,P016,1,36.0
O004938,P021,1,62.0
O004939,P015,1,76.0
O004939,P005,1,48.0
O004940,P018,2,24.0
O004941,P018,1,24.0
O004941,P014,1,118.0
O004941,P004,1,64.0
O004941,P016,1,36.0
O004942,P007,1,41.0
O004943,P015,3,76.0
O004944,P011,1,55.0
O004945,P015,1,76.0
O004945,P017,1,58.0
O004946,P009,1,35.0
O004947,P016,1,36.0
O004947,P007,2,41.0
O004948,P021,1,62.0
O004948,P015,1,76.0
O004948,P018,1,24.0
O004949,P022,1,54.0
O004949,P011,1,55.0
O004949,P003,1,89.0
O004950,P009,2,35.0
O004951,P018,1,24.0
O004952,P019,1,19.0
O004953,P013,1,32.0
O004954,P004,1,64.0
O004954,P005,1,48.0
O004955,P001,1,129.0
O004955,P007,2,41.0
O004956,P013,1,32.0
O004957,P011,2,55.0
O004957,P018,1,24.0
O004957,P020,1,28.0
O004958,P004,1,64.0
O004958,P007,1,41.0
O004959,P003,1,89.0
O004960,P008,1,72.0
O004960,P014,1,118.0
O004960,P016,1,36.0
O004960,P015,1,76.0
O004961,P010,1,39.0
O004962,P006,1,22.0
O004963,P011,1,55.0
O004963,P022,2,54.0
O004964,P005,1,48.0
O004965,P002,1,169.0
O004966,P022,1,54.0
O004967,P013,2,32.0
O004968,P011,1,55.0
O004969,P013,1,32.0
O004970,P022,1,54.0
O004971,P023,2,98.0
O004972,P019,1,19.0
O004973,P005,2,48.0
O004973,P008,1,72.0
O004974,P015,1,76.0
O004974,P006,1,22.0
O004974,P005,1,48.0
O004975,P006,1,22.0
O004975,P021,2,62.0
O004975,P008,1,72.0
O004976,P018,1,24.0
O004976,P019,1,19.0
O004976,P021,1,62.0
O004977,P020,1,28.0
O004978,P013,1,32.0
O004979,P018,1,24.0
O004979,P022,1,54.0
O004980,P010,1,39.0
O004981,P006,1,22.0
O004982,P005,1,48.0
O004983,P013,1,32.0
O004983,P018,2,24.0
O004984,P013,1,32.0
O004984,P015,1,76.0
O004984,P010,1,39.0
O004985,P007,1,41.0
O004986,P018,2,24.0
O004986,P005,1,48.0
O004987,P006,2,22.0
O004988,P001,1,129.0
O004988,P018,2,24.0
O004989,P013,2,32.0
O004989,P017,2,58.0
O004990,P005,1,48.0
O004990,P022,1,54.0
O004990,P006,1,22.0
O004991,P007,1,41.0
O004992,P016,1,36.0
O004992,P014,3,118.0
O004992,P007,2,41.0
O004993,P019,2,19.0
O004993,P001,3,129.0
O004994,P011,1,55.0
O004995,P005,1,48.0
O004996,P018,1,24.0
O004996,P019,2,19.0
O004996,P023,2,98.0
O004997,P006,1,22.0
O004998,P020,2,28.0
O004999,P011,1,55.0
O005000,P005,1,48.0
O005001,P008,1,72.0
O005002,P021,1,62.0
O005002,P020,2,28.0
O005002,P003,1,89.0
O005003,P020,1,28.0
O005003,P019,1,19.0
O005003,P005,3,48.0
O005004,P016,2,36.0
O005005,P018,1,24.0
O005005,P015,1,76.0
O005005,P008,1,72.0
O005006,P019,1,19.0
O005006,P013,3,32.0
O005007,P006,1,22.0
O005008,P005,1,48.0
O005008,P015,2,76.0
O005008,P022,1,54.0
O005008,P011,1,55.0
O005009,P011,1,55.0
O005010,P005,1,48.0
O005010,P006,1,22.0
O005011,P022,1,54.0
O005012,P011,1,55.0
O005013,P001,1,129.0
O005014,P004,1,64.0
O005014,P015,1,76.0
O005014,P016,1,36.0
O005014,P010,1,39.0
O005015,P005,1,48.0
O005016,P010,2,39.0
O005017,P023,1,98.0
O005017,P005,2,48.0
O005017,P006,1,22.0
O005018,P006,1,22.0
O005019,P011,1,55.0
O005019,P019,1,19.0
O005020,P006,1,22.0
O005021,P018,1,24.0
O005022,P013,1,32.0
O005023,P021,1,62.0
O005023,P007,2,41.0
O005023,P004,1,64.0
O005024,P013,1,32.0
O005025,P016,1,36.0
O005026,P005,1,48.0
O005026,P011,1,55.0
O005027,P018,1,24.0
O005027,P005,1,48.0
O005027,P019,1,19.0
O005028,P014,1,118.0
O005029,P010,1,39.0
O005029,P013,1,32.0
O005029,P022,1,54.0
O005030,P021,1,62.0
O005031,P006,2,22.0
O005032,P011,2,55.0
O005033,P010,1,39.0
O005033,P018,1,24.0
O005034,P006,1,22.0
O005035,P003,1,89.0
O005035,P018,1,24.0
O005036,P002,2,169.0
O005037,P011,1,55.0
O005038,P021,1,62.0
O005039,P006,1,22.0
O005040,P005,1,48.0
O005041,P005,1,48.0
O005041,P014,1,118.0
O005042,P021,1,62.0
O005042,P018,1,24.0
O005043,P009,1,35.0
O005044,P007,1,41.0
O005045,P023,1,98.0
O005046,P011,1,55.0
O005047,P012,1,20.0
O005047,P009,1,35.0
O005048,P010,1,39.0
O005048,P012,1,20.0
O005049,P021,1,62.0
O005050,P018,1,24.0
O005050,P013,2,32.0
O005050,P016,1,36.0
O005051,P021,1,62.0
O005052,P012,1,20.0
O005052,P014,1,118.0
O005053,P013,2,32.0
O005054,P018,1,24.0
O005055,P021,1,62.0
O005056,P021,1,62.0
O005056,P018,1,24.0
O005057,P007,2,41.0
O005058,P006,2,22.0
O005058,P013,1,32.0
O005059,P022,1,54.0
O005059,P013,2,32.0
O005059,P017,1,58.0
O005060,P011,1,55.0
O005060,P015,1,76.0
O005061,P011,1,55.0
O005061,P010,1,39.0
O005061,P018,2,24.0
O005061,P007,1,41.0
O005062,P006,1,22.0
O005063,P022,1,54.0
O005063,P019,1,19.0
O005064,P018,1,24.0
O005065,P018,3,24.0
O005065,P006,1,22.0
O005065,P010,1,39.0
O005066,P004,2,64.0
O005067,P010,2,39.0
O005068,P021,1,62.0
O005068,P022,1,54.0
O005069,P020,1,28.0
O005069,P006,1,22.0
O005070,P006,1,22.0
O005071,P013,1,32.0
O005072,P005,1,48.0
O005073,P005,1,48.0
O005074,P016,1,36.0
O005075,P018,1,24.0
O005075,P014,1,118.0
O005076,P021,1,62.0
O005076,P007,1,41.0
O005076,P016,1,36.0
O005077,P005,1,48.0
O005078,P006,2,22.0
O005079,P022,1,54.0
O005080,P020,1,28.0
O005081,P016,1,36.0
O005081,P005,1,48.0
O005082,P008,1,72.0
O005082,P022,1,54.0
O005082,P005,1,48.0
O005082,P021,1,62.0
O005083,P014,1,118.0
O005084,P010,1,39.0
O005085,P005,1,48.0
O005085,P013,1,32.0
O005086,P006,1,22.0
O005086,P015,1,76.0
O005087,P014,1,118.0
O005088,P022,1,54.0
O005089,P005,1,48.0
O005090,P002,1,169.0
O005090,P021,2,62.0
O005091,P009,1,35.0
O005092,P006,2,22.0
O005093,P013,1,32.0
O005093,P007,1,41.0
O005093,P011,1,55.0
O005094,P007,1,41.0
O005094,P015,2,76.0
O005094,P022,1,54.0
O005094,P018,1,24.0
O005095,P015,1,76.0
O005096,P006,1,22.0
O005096,P018,1,24.0
O005097,P010,1,39.0
O005097,P011,1,55.0
O005098,P005,1,48.0
O005098,P013,1,32.0
O005099,P006,1,22.0
O005099,P018,1,24.0
O005100,P013,1,32.0
O005101,P008,1,72.0
O005101,P005,1,48.0
O005102,P018,1,24.0
O005102,P005,1,48.0
O005103,P016,1,36.0
O005103,P009,1,35.0
O005104,P022,1,54.0
O005105,P005,1,48.0
O005105,P019,2,19.0
O005106,P002,2,169.0
O005106,P018,2,24.0
O005107,P005,1,48.0
O005107,P014,2,118.0
O005107,P022,1,54.0
O005108,P008,1,72.0
O005109,P011,1,55.0
O005109,P013,1,32.0
O005110,P011,1,55.0
O005110,P006,1,22.0
O005111,P003,1,89.0
O005112,P007,3,41.0
O005113,P008,1,72.0
O005114,P010,2,39.0
O005115,P013,1,32.0
O005115,P004,1,64.0
O005116,P014,1,118.0
O005117,P005,1,48.0
O005117,P011,2,55.0
O005118,P007,1,41.0
O005118,P005,1,48.0
O005119,P007,1,41.0
O005119,P019,1,19.0
O005120,P018,1,24.0
O005120,P013,1,32.0
O005120,P006,1,22.0
O005121,P007,2,41.0
O005121,P018,1,24.0
O005122,P018,1,24.0
O005122,P010,2,39.0
O005122,P021,1,62.0
O005123,P006,1,22.0
O005124,P011,1,55.0
O005124,P018,1,24.0
O005125,P011,1,55.0
O005125,P005,2,48.0
O005125,P010,2,39.0
O005126,P005,1,48.0
O005127,P008,1,72.0
O005128,P022,1,54.0
O005129,P007,1,41.0
O005129,P010,1,39.0
O005129,P014,1,118.0
O005130,P007,1,41.0
O005131,P013,1,32.0
O005132,P009,1,35.0
O005133,P008,1,72.0
O005134,P014,1,118.0
O005135,P011,1,55.0
O005135,P009,1,35.0
O005136,P006,1,22.0
O005137,P018,1,24.0
O005138,P007,1,41.0
O005138,P018,1,24.0
O005139,P019,1,19.0
O005139,P006,3,22.0
O005140,P017,1,58.0
O005140,P007,1,41.0
O005141,P012,2,20.0
O005141,P006,1,22.0
O005141,P019,1,19.0
O005142,P013,1,32.0
O005143,P022,1,54.0
O005144,P010,1,39.0
O005144,P021,1,62.0
O005144,P020,1,28.0
O005144,P004,2,64.0
O005145,P016,2,36.0
O005146,P011,1,55.0
O005146,P005,1,48.0
O005147,P010,1,39.0
O005147,P006,1,22.0
O005148,P021,1,62.0
O005149,P015,1,76.0
O005150,P005,1,48.0
O005151,P008,1,72.0
O005152,P009,1,35.0
O005153,P007,1,41.0
O005154,P006,1,22.0
O005155,P005,1,48.0
O005156,P018,1,24.0
O005157,P006,1,22.0
O005157,P019,1,19.0
O005158,P011,1,55.0
O005159,P021,1,62.0
O005160,P014,1,118.0
O005160,P005,1,48.0
O005161,P021,1,62.0
O005161,P006,1,22.0
O005162,P006,1,22.0
O005162,P018,1,24.0
O005162,P007,1,41.0
O005163,P021,1,62.0
O005163,P019,1,19.0
O005164,P005,1,48.0
O005164,P006,1,22.0
O005165,P013,1,32.0
O005166,P007,1,41.0
O005166,P012,1,20.0
O005166,P022,1,54.0
O005167,P012,1,20.0
O005167,P014,1,118.0
O005168,P019,1,19.0
O005169,P022,1,54.0
O005169,P005,1,48.0
O005169,P007,1,41.0
O005170,P015,1,76.0
O005171,P022,1,54.0
O005171,P006,1,22.0
O005171,P011,1,55.0
O005172,P005,1,48.0
O005173,P013,1,32.0
O005173,P006,1,22.0
O005173,P005,1,48.0
O005174,P022,1,54.0
O005175,P020,1,28.0
O005176,P015,2,76.0
O005177,P013,1,32.0
O005177,P014,1,118.0
O005177,P011,1,55.0
O005178,P009,2,35.0
O005178,P013,1,32.0
O005179,P013,1,32.0
O005180,P005,1,48.0
O005181,P021,1,62.0
O005182,P014,1,118.0
O005183,P006,1,22.0
O005183,P010,1,39.0
O005184,P005,1,48.0
O005184,P007,1,41.0
O005184,P021,1,62.0
O005185,P007,1,41.0
O005185,P022,1,54.0
O005185,P011,1,55.0
O005185,P004,2,64.0
O005186,P007,1,41.0
O005186,P011,2,55.0
O005187,P021,1,62.0
O005188,P005,2,48.0
O005188,P007,3,41.0
O005189,P018,1,24.0
O005190,P011,1,55.0
O005191,P019,1,19.0
O005192,P021,1,62.0
O005192,P009,1,35.0
O005192,P010,1,39.0
O005193,P006,1,22.0
O005194,P021,1,62.0
O005194,P006,1,22.0
O005194,P017,1,58.0
O005195,P020,1,28.0
O005195,P014,1,118.0
O005196,P020,1,28.0
O005196,P007,1,41.0
O005197,P005,1,48.0
O005197,P015,1,76.0
O005198,P006,2,22.0
O005199,P005,1,48.0
O005199,P019,1,19.0
O005200,P005,2,48.0
O005201,P001,1,129.0
O005202,P013,1,32.0
O005203,P009,1,35.0
O005203,P021,1,62.0
O005204,P014,1,118.0
O005204,P017,1,58.0
O005204,P009,1,35.0
O005205,P009,1,35.0
O005205,P013,1,32.0
O005206,P013,1,32.0
O005206,P016,1,36.0
O005207,P002,1,169.0
O005208,P013,1,32.0
O005208,P019,2,19.0
O005209,P018,1,24.0
O005209,P011,1,55.0
O005210,P011,1,55.0
O005211,P022,1,54.0
O005211,P021,1,62.0
O005211,P018,1,24.0
O005212,P007,1,41.0
O005212,P013,1,32.0
O005212,P019,1,19.0
O005213,P005,1,48.0
O005214,P009,1,35.0
O005214,P011,2,55.0
O005215,P016,1,36.0
O005216,P009,1,35.0
O005217,P015,2,76.0
O005217,P014,1,118.0
O005217,P018,2,24.0
O005217,P011,1,55.0
O005218,P007,2,41.0
O005218,P011,1,55.0
O005219,P016,1,36.0
O005220,P015,1,76.0
O005221,P022,1,54.0
O005222,P018,1,24.0
O005223,P017,1,58.0
O005224,P005,1,48.0
O005225,P006,1,22.0
O005226,P007,1,41.0
O005226,P013,1,32.0
O005227,P007,1,41.0
O005228,P003,1,89.0
O005229,P007,1,41.0
O005230,P005,1,48.0
O005230,P022,1,54.0
O005230,P014,1,118.0
O005231,P020,1,28.0
O005232,P012,1,20.0
O005233,P011,1,55.0
O005234,P005,1,48.0
O005234,P010,1,39.0
O005235,P011,1,55.0
O005236,P022,1,54.0
O005237,P005,1,48.0
O005238,P016,1,36.0
O005239,P018,1,24.0
O005240,P006,1,22.0
O005241,P012,1,20.0
O005242,P019,1,19.0
O005243,P022,1,54.0
O005243,P005,1,48.0
O005244,P023,2,98.0
O005245,P005,2,48.0
O005246,P009,1,35.0
O005247,P007,1,41.0
O005247,P016,1,36.0
O005247,P022,1,54.0
O005248,P015,1,76.0
O005249,P019,1,19.0
O005249,P007,1,41.0
O005250,P022,3,54.0
O005251,P020,1,28.0
O005252,P011,1,55.0
O005252,P014,1,118.0
O005253,P007,1,41.0
O005253,P010,1,39.0
O005254,P007,1,41.0
O005254,P006,1,22.0
O005255,P013,1,32.0
O005255,P016,1,36.0
O005255,P010,1,39.0
O005256,P006,1,22.0
O005256,P009,1,35.0
O005256,P001,2,129.0
O005256,P011,1,55.0
O005257,P007,2,41.0
O005258,P016,1,36.0
O005259,P011,1,55.0
O005259,P009,1,35.0
O005260,P013,1,32.0
O005260,P005,1,48.0
O005260,P012,1,20.0
O005261,P021,1,62.0
O005262,P018,1,24.0
O005263,P021,1,62.0
O005263,P007,1,41.0
O005264,P022,2,54.0
O005265,P003,1,89.0
O005265,P010,2,39.0
O005266,P006,1,22.0
O005267,P011,1,55.0
O005268,P002,1,169.0
O005268,P014,1,118.0
O005268,P018,1,24.0
O005268,P005,1,48.0
O005269,P004,1,64.0
O005269,P019,1,19.0
O005270,P007,1,41.0
O005271,P005,1,48.0
O005272,P004,1,64.0
O005273,P021,1,62.0
O005274,P016,1,36.0
O005274,P009,3,35.0
O005274,P022,1,54.0
O005275,P013,1,32.0
O005275,P016,-1,36.0
O005275,P015,1,76.0
O005275,P012,2,20.0
O005276,P009,1,35.0
O005277,P004,1,64.0
O005277,P021,1,62.0
O005278,P016,1,36.0
O005279,P010,2,39.0
O005279,P004,1,64.0
O005280,P005,1,48.0
O005281,P011,1,55.0
O005282,P020,2,28.0
O005283,P006,1,22.0
O005284,P001,1,129.0
O005284,P021,1,62.0
O005285,P020,1,28.0
O005285,P005,1,48.0
O005285,P021,1,62.0
O005286,P005,1,48.0
O005287,P015,1,76.0
O005288,P005,1,48.0
O005288,P016,1,36.0
O005289,P006,2,22.0
O005290,P019,1,19.0
O005290,P007,1,41.0
O005291,P014,1,118.0
O005292,P013,1,32.0
O005292,P022,1,54.0
O005293,P003,2,89.0
O005293,P011,1,55.0
O005293,P006,1,22.0
O005294,P005,1,48.0
O005295,P006,2,22.0
O005296,P018,1,24.0
O005296,P007,1,41.0
O005297,P013,2,32.0
O005297,P007,1,41.0
O005298,P013,3,32.0
O005299,P022,2,54.0
O005299,P005,1,48.0
O005300,P006,1,22.0
O005301,P015,1,76.0
O005302,P021,1,62.0
O005302,P011,1,55.0
O005302,P013,1,32.0
O005303,P006,1,22.0
O005303,P019,1,19.0
O005304,P009,1,35.0
O005305,P019,3,19.0
O005306,P016,2,36.0
O005307,P022,3,54.0
O005307,P010,1,39.0
O005307,P006,1,22.0
O005308,P012,1,20.0
O005309,P016,1,36.0
O005310,P005,1,48.0
O005311,P013,1,32.0
O005312,P022,2,54.0
O005313,P005,1,48.0
O005314,P018,1,24.0
O005315,P013,1,32.0
O005315,P011,1,55.0
O005315,P015,1,76.0
O005316,P019,1,19.0
O005317,P011,1,55.0
O005317,P015,1,76.0
O005317,P022,1,54.0
O005318,P009,2,35.0
O005318,P005,2,48.0
O005319,P005,1,48.0
O005320,P007,2,41.0
O005321,P013,1,32.0
O005322,P014,1,118.0
O005322,P017,2,58.0
O005322,P020,1,28.0
O005322,P016,1,36.0
O005323,P005,1,48.0
O005323,P010,1,39.0
O005324,P007,1,41.0
O005324,P005,1,48.0
O005325,P015,1,76.0
O005325,P022,1,54.0
O005326,P018,1,24.0
O005326,P007,1,41.0
O005326,P021,2,62.0
O005327,P006,1,22.0
O005327,P011,1,55.0
O005328,P021,1,62.0
O005329,P006,1,22.0
O005330,P022,1,54.0
O005331,P005,1,48.0
O005331,P006,1,22.0
O005332,P007,1,41.0
O005333,P014,1,118.0
O005334,P022,1,54.0
O005335,P022,1,54.0
O005335,P005,1,48.0
O005336,P011,1,55.0
O005337,P021,1,62.0
O005338,P002,2,169.0
O005338,P011,1,55.0
O005339,P007,3,41.0
O005340,P001,1,129.0
O005340,P013,3,32.0
O005340,P005,1,48.0
O005341,P013,1,32.0
O005342,P019,1,19.0
O005343,P022,1,54.0
O005344,P013,1,32.0
O005344,P005,1,48.0
O005345,P022,1,54.0
O005346,P013,1,32.0
O005346,P022,1,54.0
O005346,P005,1,48.0
O005347,P001,1,129.0
O005347,P011,1,55.0
O005348,P009,1,
O005349,P006,1,22.0
O005349,P021,2,62.0
O005350,P020,1,28.0
O005351,P004,1,64.0
O005351,P021,2,62.0
O005351,P022,1,54.0
O005352,P014,2,118.0
O005353,P021,1,62.0
O005354,P015,1,76.0
O005354,P011,1,55.0
O005355,P007,2,41.0
O005356,P007,2,41.0
O005357,P018,1,24.0
O005357,P010,1,39.0
O005357,P022,1,54.0
O005358,P011,1,55.0
O005359,P016,1,36.0
O005360,P009,1,35.0
O005361,P011,1,55.0
O005362,P022,1,54.0
O005362,P017,2,58.0
O005362,P011,1,55.0
O005363,P013,1,32.0
O005363,P020,1,28.0
O005364,P021,1,62.0
O005365,P018,1,24.0
O005366,P019,1,19.0
O005367,P011,1,55.0
O005367,P019,1,19.0
O005368,P006,1,22.0
O005368,P012,1,20.0
O005369,P010,1,39.0
O005369,P021,1,62.0
O005369,P011,1,55.0
O005370,P021,1,62.0
O005370,P018,1,24.0
O005371,P007,1,41.0
O005371,P005,1,48.0
O005372,P013,1,32.0
O005373,P019,2,19.0
O005373,P005,1,48.0
O005373,P007,1,41.0
O005374,P012,1,20.0
O005375,P005,1,48.0
O005376,P021,1,62.0
O005376,P014,1,118.0
O005377,P007,1,41.0
O005377,P015,1,76.0
O005378,P022,1,54.0
O005378,P008,1,72.0
O005378,P019,2,19.0
O005378,P013,1,32.0
O005379,P010,1,39.0
O005380,P005,2,48.0
O005380,P007,1,41.0
O005380,P016,1,36.0
O005381,P005,2,48.0
O005382,P015,2,76.0
O005383,P018,2,24.0
O005384,P009,1,35.0
O005385,P019,1,19.0
O005385,P021,1,62.0
O005385,P018,1,24.0
O005386,P019,1,19.0
O005387,P006,1,22.0
O005388,P009,1,35.0
O005389,P013,3,32.0
O005390,P004,1,64.0
O005390,P011,1,55.0
O005391,P006,1,22.0
O005392,P016,1,36.0
O005392,P013,1,32.0
O005393,P007,1,41.0
O005394,P005,1,48.0
O005394,P007,3,41.0
O005395,P006,3,22.0
O005396,P022,1,54.0
O005397,P019,1,19.0
O005398,P014,2,118.0
O005399,P020,1,28.0
O005400,P015,1,76.0
O005400,P020,2,28.0
O005401,P013,1,32.0
O005401,P010,1,39.0
O005401,P021,1,62.0
O005402,P007,1,41.0
O005402,P021,1,62.0
O005402,P022,1,54.0
O005403,P018,1,24.0
O005404,P016,1,36.0
O005405,P018,1,24.0
O005406,P013,2,32.0
O005406,P011,1,55.0
O005407,P019,1,19.0
O005407,P005,1,48.0
O005408,P013,1,32.0
O005409,P012,1,20.0
O005410,P006,1,22.0
O005411,P007,2,41.0
O005412,P016,1,36.0
O005412,P005,2,48.0
O005413,P016,1,36.0
O005413,P006,1,22.0
O005414,P007,1,41.0
O005414,P005,1,48.0
O005414,P011,2,55.0
O005414,P016,1,36.0
O005415,P015,1,76.0
O005416,P004,1,64.0
O005417,P013,1,32.0
O005418,P006,1,22.0
O005418,P013,2,32.0
O005419,P005,1,48.0
O005419,P011,1,55.0
O005420,P009,1,35.0
O005421,P011,2,55.0
O005421,P005,1,48.0
O005422,P018,1,24.0
O005422,P005,1,48.0
O005423,P016,1,36.0
O005424,P011,1,55.0
O005424,P015,1,76.0
O005424,P005,1,48.0
O005425,P007,1,41.0
O005425,P011,1,55.0
O005426,P005,1,48.0
O005427,P011,2,55.0
O005428,P015,1,76.0
O005428,P022,1,54.0
O005428,P019,1,19.0
O005429,P009,1,35.0
O005429,P006,1,22.0
O005430,P006,1,22.0
O005431,P019,1,19.0
O005432,P021,1,62.0
O005432,P005,2,48.0
O005432,P007,2,41.0
O005433,P007,1,41.0
O005433,P001,1,129.0
O005434,P006,1,22.0
O005434,P010,1,39.0
O005435,P010,1,39.0
O005436,P006,1,22.0
O005437,P011,1,55.0
O005438,P023,2,98.0
O005439,P004,2,64.0
O005440,P022,1,54.0
O005441,P007,1,41.0
O005441,P020,2,28.0
O005442,P019,2,19.0
O005443,P006,1,22.0
O005443,P014,1,118.0
O005443,P015,2,76.0
O005444,P011,3,55.0
O005444,P020,3,28.0
O005445,P009,2,35.0
O005446,P008,1,72.0
O005447,P018,1,24.0
O005448,P011,1,55.0
O005449,P017,1,58.0
O005449,P010,1,39.0
O005450,P022,3,54.0
O005451,P018,1,24.0
O005452,P006,1,22.0
O005452,P017,1,58.0
O005453,P020,1,28.0
O005454,P005,1,48.0
O005454,P014,1,118.0
O005455,P016,1,36.0
O005456,P023,1,98.0
O005457,P005,1,48.0
O005457,P006,1,22.0
O005458,P006,1,22.0
O005459,P012,2,20.0
O005459,P013,1,32.0
O005460,P016,1,36.0
O005461,P005,1,48.0
O005461,P022,1,54.0
O005462,P016,1,36.0
O005462,P010,1,39.0
O005462,P001,1,129.0
O005463,P006,1,22.0
O005464,P002,1,169.0
O005464,P001,1,129.0
O005464,P010,1,39.0
O005465,P007,1,41.0
O005466,P020,1,28.0
O005467,P019,1,19.0
O005468,P014,1,118.0
O005468,P008,1,72.0
O005469,P003,2,89.0
O005470,P011,2,55.0
O005470,P016,2,36.0
O005471,P007,1,41.0
O005472,P005,2,48.0
O005473,P002,1,169.0
O005474,P007,1,41.0
O005475,P005,1,48.0
O005476,P011,2,55.0
O005477,P006,1,22.0
O005478,P018,3,24.0
O005479,P005,1,48.0
O005480,P022,1,54.0
O005481,P022,1,54.0
O005482,P012,3,20.0
O005483,P001,1,129.0
O005483,P017,1,58.0
O005484,P005,1,48.0
O005484,P011,2,55.0
O005485,P022,2,54.0
O005485,P005,1,48.0
O005485,P009,1,35.0
O005485,P007,1,41.0
O005486,P014,1,118.0
O005486,P006,1,22.0
O005487,P020,1,28.0
O005487,P007,1,41.0
O005487,P005,1,48.0
O005488,P020,2,28.0
O005489,P021,1,62.0
O005490,P011,1,55.0
O005491,P005,1,48.0
O005491,P009,1,35.0
O005491,P004,1,64.0
O005491,P006,1,22.0
O005492,P007,1,41.0
O005493,P022,1,54.0
O005494,P007,3,41.0
O005495,P019,1,19.0
O005495,P020,1,28.0
O005496,P014,1,118.0
O005496,P018,1,24.0
O005497,P020,2,28.0
O005497,P016,1,36.0
O005497,P014,1,118.0
O005498,P016,1,36.0
O005499,P015,1,76.0
O005500,P013,1,32.0
O005501,P007,1,41.0
O005502,P015,1,76.0
O005503,P006,1,22.0
O005504,P005,1,48.0
O005504,P009,1,35.0
O005505,P011,1,55.0
O005506,P013,1,32.0
O005507,P011,1,55.0
O005507,P005,1,48.0
O005508,P011,1,55.0
O005509,P009,1,35.0
O005510,P016,1,36.0
O005510,P009,1,35.0
O005511,P003,1,89.0
O005512,P005,1,48.0
O005513,P011,1,55.0
O005513,P022,1,54.0
O005514,P012,1,20.0
O005514,P018,1,24.0
O005515,P005,1,48.0
O005516,P013,2,32.0
O005517,P005,1,48.0
O005518,P020,1,28.0
O005519,P013,1,32.0
O005520,P006,1,22.0
O005521,P013,1,32.0
O005522,P006,1,22.0
O005522,P007,2,41.0
O005523,P013,1,32.0
O005524,P010,1,39.0
O005525,P021,1,62.0
O005526,P019,1,19.0
O005526,P011,2,55.0
O005527,P012,1,20.0
O005528,P017,1,58.0
O005529,P006,1,22.0
O005530,P007,1,41.0
O005531,P016,1,36.0
O005532,P019,1,19.0
O005532,P007,1,41.0
O005533,P011,1,55.0
O005534,P009,1,35.0
O005534,P007,1,41.0
O005535,P005,1,48.0
O005535,P003,1,89.0
O005536,P007,1,41.0
O005536,P011,1,55.0
O005537,P022,1,54.0
O005537,P006,1,22.0
O005537,P015,1,76.0
O005538,P018,1,24.0
O005538,P006,1,22.0
O005539,P005,1,48.0
O005540,P017,1,58.0
O005541,P009,1,35.0
O005542,P021,1,62.0
O005542,P019,1,19.0
O005543,P004,1,64.0
O005544,P004,1,64.0
O005545,P004,1,64.0
O005546,P021,1,62.0
O005546,P013,1,32.0
O005547,P021,1,62.0
O005548,P014,1,118.0
O005548,P018,1,24.0
O005548,P020,1,28.0
O005549,P007,3,41.0
O005550,P023,1,98.0
O005550,P005,2,48.0
O005551,P006,1,22.0
O005552,P012,1,20.0
O005553,P014,1,118.0
O005553,P016,1,36.0
O005554,P018,1,24.0
O005555,P002,1,169.0
O005556,P006,1,22.0
O005556,P018,1,24.0
O005557,P017,1,58.0
O005557,P016,1,36.0
O005558,P020,1,28.0
O005558,P014,1,118.0
O005558,P018,1,24.0
O005559,P007,1,41.0
O005559,P015,1,76.0
O005560,P008,1,72.0
O005560,P018,1,24.0
O005561,P016,2,36.0
O005562,P016,1,36.0
O005563,P006,1,22.0
O005563,P011,1,55.0
O005564,P021,1,62.0
O005564,P020,1,28.0
O005564,P007,1,41.0
O005565,P017,1,58.0
O005566,P013,1,32.0
O005567,P007,1,41.0
O005568,P004,1,64.0
O005569,P006,1,22.0
O005569,P010,1,39.0
O005569,P013,2,32.0
O005570,P006,1,22.0
O005571,P010,1,39.0
O005572,P016,1,36.0
O005572,P019,1,19.0
O005573,P005,1,48.0
O005573,P007,1,41.0
O005574,P010,1,39.0
O005574,P005,1,48.0
O005575,P009,1,35.0
O005575,P013,1,32.0
O005576,P005,1,48.0
O005577,P003,3,89.0
O005577,P011,1,55.0
O005577,P022,1,54.0
O005578,P018,2,24.0
O005578,P010,1,39.0
O005579,P010,1,39.0
O005580,P019,1,19.0
O005580,P023,1,98.0
O005580,P021,3,62.0
O005581,P011,1,55.0
O005581,P015,1,76.0
O005581,P013,2,32.0
O005582,P012,2,20.0
O005582,P007,3,41.0
O005582,P015,1,76.0
O005583,P019,1,19.0
O005583,P013,1,32.0
O005583,P022,1,54.0
O005584,P005,2,48.0
O005585,P006,1,22.0
O005586,P012,1,20.0
O005587,P006,1,22.0
O005587,P019,1,19.0
O005587,P001,1,129.0
O005588,P006,1,22.0
O005589,P009,1,35.0
O005589,P006,1,22.0
O005590,P018,1,24.0
O005591,P022,1,54.0
O005592,P021,1,62.0
O005592,P014,1,118.0
O005592,P013,2,32.0
O005593,P023,1,98.0
O005593,P011,1,55.0
O005593,P019,1,19.0
O005594,P016,1,36.0
O005595,P020,1,28.0
O005595,P005,1,48.0
O005596,P013,1,32.0
O005597,P019,2,19.0
O005597,P022,1,54.0
O005597,P006,1,22.0
O005597,P015,1,76.0
O005598,P005,2,48.0
O005598,P016,1,36.0
O005598,P010,1,39.0
O005599,P021,1,62.0
O005599,P006,1,22.0
O005600,P007,1,41.0
O005600,P001,1,129.0
O005601,P007,1,41.0
O005601,P006,1,22.0
O005601,P011,2,55.0
O005602,P010,1,39.0
O005603,P006,1,22.0
O005604,P011,1,55.0
O005604,P014,1,118.0
O005605,P009,1,35.0
O005606,P004,1,64.0
O005607,P022,1,54.0
O005608,P013,1,32.0
O005609,P023,1,98.0
O005610,P011,1,55.0
O005611,P021,1,62.0
O005612,P006,1,22.0
O005613,P011,1,55.0
O005614,P006,1,22.0
O005614,P015,3,76.0
O005615,P019,1,19.0
O005616,P005,1,48.0
O005617,P007,1,41.0
O005618,P016,2,36.0
O005619,P015,1,76.0
O005620,P006,1,22.0
O005621,P021,1,62.0
O005622,P005,1,48.0
O005622,P007,2,41.0
O005622,P008,1,72.0
O005623,P008,1,72.0
O005623,P015,2,76.0
O005624,P014,1,118.0
O005624,P006,1,22.0
O005624,P021,1,62.0
O005625,P005,1,48.0
O005626,P006,1,22.0
O005627,P023,2,98.0
O005628,P022,1,54.0
O005629,P019,1,19.0
O005629,P011,2,55.0
O005630,P006,1,22.0
O005631,P006,1,22.0
O005632,P010,1,39.0
O005632,P011,3,55.0
O005632,P016,1,36.0
O005632,P019,1,19.0
O005633,P018,1,24.0
O005634,P015,1,76.0
O005635,P015,2,76.0
O005636,P022,3,54.0
O005637,P019,1,19.0
O005638,P013,1,32.0
O005638,P021,2,62.0
O005638,P007,1,41.0
O005639,P005,1,48.0
O005640,P007,1,41.0
O005641,P006,2,22.0
O005642,P021,3,62.0
O005643,P014,1,118.0
O005643,P003,1,89.0
O005644,P013,2,32.0
O005644,P005,1,48.0
O005644,P018,1,24.0
O005645,P022,1,54.0
O005645,P006,1,22.0
O005646,P006,1,22.0
O005647,P010,1,39.0
O005648,P021,1,62.0
O005649,P007,1,41.0
O005650,P005,2,48.0
O005650,P017,1,58.0
O005651,P018,1,24.0
O005652,P006,3,22.0
O005653,P019,1,19.0
O005653,P013,1,32.0
O005654,P005,1,48.0
O005654,P010,1,39.0
O005654,P007,1,41.0
O005655,P003,2,89.0
O005655,P011,1,55.0
O005656,P011,1,55.0
O005656,P010,1,39.0
O005657,P019,2,19.0
O005658,P006,1,22.0
O005659,P010,1,39.0
O005659,P016,1,36.0
O005660,P011,1,55.0
O005661,P005,1,48.0
O005662,P015,1,76.0
O005662,P011,1,55.0
O005663,P022,3,54.0
O005664,P011,1,55.0
O005665,P015,1,76.0
O005666,P006,1,22.0
O005667,P018,2,24.0
O005668,P007,1,41.0
O005668,P021,3,62.0
O005669,P006,1,22.0
O005670,P006,1,22.0
O005670,P007,1,41.0
O005671,P019,1,19.0
O005671,P006,1,22.0
O005672,P018,1,24.0
O005673,P018,1,24.0
O005673,P006,1,22.0
O005674,P005,1,48.0
O005675,P022,1,54.0
O005676,P006,1,22.0
O005677,P006,1,22.0
O005677,P018,1,24.0
O005678,P007,1,41.0
O005678,P006,1,22.0
O005678,P005,1,48.0
O005679,P018,1,24.0
O005679,P022,1,54.0
O005680,P019,1,19.0
O005680,P007,1,41.0
O005681,P011,1,55.0
O005681,P002,1,169.0
O005682,P011,1,55.0
O005683,P012,1,20.0
O005683,P011,1,55.0
O005684,P003,2,89.0
O005685,P022,1,54.0
O005685,P013,1,32.0
O005685,P019,1,19.0
O005686,P019,2,19.0
O005687,P006,1,22.0
O005688,P015,1,76.0
O005688,P021,1,62.0
O005689,P019,1,19.0
O005690,P011,1,55.0
O005690,P022,1,54.0
O005690,P005,2,48.0
O005691,P013,2,32.0
O005692,P021,2,62.0
O005692,P013,1,32.0
O005693,P006,1,22.0
O005693,P019,1,19.0
O005694,P005,1,48.0
O005695,P013,1,32.0
O005696,P018,2,24.0
O005696,P010,1,39.0
O005697,P007,1,41.0
O005698,P021,1,62.0
O005698,P014,1,118.0
O005699,P022,1,54.0
O005700,P014,1,118.0
O005700,P023,1,98.0
O005701,P005,1,48.0
O005702,P021,1,62.0
O005703,P021,1,62.0
O005704,P016,1,
O005705,P018,1,24.0
O005705,P013,1,32.0
O005706,P019,1,19.0
O005707,P011,1,55.0
O005708,P008,1,72.0
O005709,P004,1,64.0
O005709,P005,1,48.0
O005709,P007,1,41.0
O005709,P021,1,62.0
O005710,P010,1,39.0
O005711,P005,1,48.0
O005711,P022,1,54.0
O005711,P018,1,24.0
O005712,P007,1,41.0
O005712,P018,1,24.0
O005713,P018,1,24.0
O005714,P014,1,118.0
O005714,P020,1,28.0
O005714,P002,1,169.0
O005715,P007,1,41.0
O005716,P022,1,54.0
O005716,P018,1,24.0
O005716,P013,1,32.0
O005717,P007,1,41.0
O005718,P013,2,32.0
O005719,P011,1,55.0
O005719,P020,1,28.0
O005719,P022,1,54.0
O005719,P019,1,19.0
O005720,P010,1,39.0
O005721,P010,1,39.0
O005722,P006,1,22.0
O005723,P006,1,22.0
O005723,P013,1,32.0
O005724,P007,1,41.0
O005725,P021,1,62.0
O005726,P013,1,32.0
O005727,P015,1,76.0
O005728,P022,1,54.0
O005728,P011,3,55.0
O005729,P013,1,32.0
O005729,P005,1,48.0
O005730,P004,1,64.0
O005730,P002,2,
O005730,P013,1,32.0
O005731,P007,1,41.0
O005731,P011,1,55.0
O005731,P014,1,118.0
O005732,P011,1,55.0
O005733,P007,1,41.0
O005734,P007,1,41.0
O005734,P015,1,76.0
O005735,P009,1,35.0
O005735,P011,1,55.0
O005736,P007,1,41.0
O005737,P005,1,48.0
O005737,P013,1,32.0
O005737,P011,1,55.0
O005737,P019,1,19.0
O005738,P015,1,76.0
O005739,P018,1,24.0
O005740,P022,1,54.0
O005741,P009,1,35.0
O005742,P021,1,62.0
O005743,P018,1,24.0
O005743,P010,1,39.0
O005743,P006,3,22.0
O005744,P011,1,55.0
O005744,P018,1,24.0
O005745,P014,1,118.0
O005745,P009,1,35.0
O005745,P007,1,41.0
O005745,P005,1,48.0
O005746,P013,1,32.0
O005746,P009,1,35.0
O005746,P003,1,89.0
O005746,P019,1,19.0
O005747,P022,2,54.0
O005747,P019,2,19.0
O005748,P022,1,54.0
O005748,P013,1,32.0
O005749,P007,2,41.0
O005750,P007,1,41.0
O005750,P020,2,28.0
O005750,P005,1,48.0
O005751,P001,1,129.0
O005751,P013,2,32.0
O005752,P005,1,48.0
O005752,P007,1,41.0
O005752,P010,1,39.0
O005753,P016,1,36.0
O005753,P015,1,76.0
O005753,P019,1,19.0
O005753,P022,1,54.0
O005754,P006,1,22.0
O005755,P013,1,32.0
O005755,P007,1,41.0
O005756,P019,1,19.0
O005757,P013,1,32.0
O005757,P015,1,76.0
O005758,P021,1,62.0
O005759,P005,1,48.0
O005759,P015,1,76.0
O005759,P006,1,22.0
O005760,P021,1,62.0
O005761,P010,1,39.0
O005762,P013,1,32.0
O005763,P012,3,20.0
O005764,P016,1,36.0
O005764,P022,1,54.0
O005765,P013,1,32.0
O005765,P016,1,36.0
O005765,P022,1,54.0
O005766,P006,1,22.0
O005767,P003,1,89.0
O005768,P005,1,48.0
O005769,P001,1,129.0
O005770,P020,1,28.0
O005770,P019,1,19.0
O005770,P005,3,48.0
O005771,P022,1,54.0
O005772,P022,1,54.0
O005773,P010,2,39.0
O005773,P012,1,20.0
O005774,P018,3,24.0
O005774,P006,1,22.0
O005774,P016,1,36.0
O005775,P022,2,54.0
O005776,P021,1,62.0
O005777,P001,1,129.0
O005777,P014,1,118.0
O005777,P019,1,19.0
O005778,P021,1,62.0
O005779,P018,1,24.0
O005779,P012,1,20.0
O005780,P023,3,98.0
O005781,P013,1,32.0
O005781,P022,1,54.0
O005782,P008,1,72.0
O005783,P006,1,22.0
O005783,P015,1,76.0
O005783,P019,2,19.0
O005784,P007,1,41.0
O005784,P016,1,36.0
O005785,P009,1,35.0
O005786,P007,1,41.0
O005786,P006,1,22.0
O005787,P010,1,39.0
O005787,P013,3,32.0
O005787,P021,1,62.0
O005788,P001,1,129.0
O005788,P017,1,58.0
O005788,P003,1,89.0
O005788,P011,2,55.0
O005789,P021,1,62.0
O005789,P009,1,35.0
O005790,P013,3,32.0
O005790,P006,1,22.0
O005791,P007,1,41.0
O005791,P019,2,19.0
O005792,P011,1,55.0
O005793,P018,1,24.0
O005794,P006,1,22.0
O005795,P019,1,19.0
O005795,P007,1,41.0
O005796,P019,1,19.0
O005796,P006,1,22.0
O005797,P006,1,22.0
O005798,P018,1,24.0
O005798,P011,1,55.0
O005799,P013,1,32.0
O005799,P009,1,35.0
O005800,P005,1,48.0
O005800,P013,1,32.0
O005800,P009,2,35.0
O005801,P013,1,32.0
O005802,P004,1,64.0
O005802,P022,1,54.0
O005802,P014,1,118.0
O005802,P007,2,41.0
O005803,P007,1,41.0
O005804,P020,1,28.0
O005805,P014,2,118.0
O005806,P010,1,39.0
O005806,P018,2,24.0
O005806,P008,1,72.0
O005807,P013,1,32.0
O005807,P019,1,19.0
O005808,P006,1,22.0
O005809,P021,1,62.0
O005809,P007,3,41.0
O005810,P005,1,48.0
O005811,P015,1,76.0
O005812,P016,1,36.0
O005813,P010,1,39.0
O005814,P005,1,48.0
O005814,P015,1,76.0
O005815,P005,1,48.0
O005815,P006,1,22.0
O005815,P015,1,76.0
O005816,P005,1,48.0
O005817,P011,1,55.0
O005818,P014,1,118.0
O005818,P013,1,32.0
O005818,P011,1,55.0
O005819,P021,1,62.0
O005820,P013,1,32.0
O005820,P009,1,35.0
O005821,P013,1,32.0
O005821,P003,1,89.0
O005821,P011,2,55.0
O005822,P006,1,22.0
O005822,P018,1,24.0
O005822,P007,1,41.0
O005822,P020,1,28.0
O005823,P021,1,62.0
O005823,P005,1,48.0
O005823,P013,1,32.0
O005824,P013,1,32.0
O005825,P018,1,24.0
O005826,P006,1,22.0
O005826,P022,1,54.0
O005826,P008,1,72.0
O005827,P015,1,76.0
O005827,P022,1,54.0
O005828,P006,1,22.0
O005829,P006,1,22.0
O005829,P004,1,64.0
O005830,P022,1,54.0
O005830,P005,1,48.0
O005831,P005,1,48.0
O005832,P020,2,28.0
O005833,P018,1,24.0
O005834,P009,1,35.0
O005834,P014,1,118.0
O005835,P021,1,62.0
O005836,P005,1,48.0
O005836,P021,1,62.0
O005836,P004,1,64.0
O005836,P015,1,76.0
O005837,P019,1,19.0
O005837,P007,1,41.0
O005838,P013,1,32.0
O005838,P010,1,39.0
O005839,P019,1,19.0
O005840,P017,1,58.0
O005840,P018,3,24.0
O005840,P016,1,36.0
O005840,P015,1,76.0
O005841,P023,1,98.0
O005841,P002,2,169.0
O005841,P011,1,55.0
O005842,P012,1,20.0
O005843,P022,1,54.0
O005843,P011,1,55.0
O005844,P008,1,72.0
O005844,P007,1,41.0
O005844,P005,2,48.0
O005845,P021,1,62.0
O005845,P004,1,64.0
O005846,P022,1,54.0
O005847,P008,1,72.0
O005847,P010,1,39.0
O005847,P005,1,48.0
O005848,P017,1,58.0
O005849,P019,1,19.0
O005849,P017,1,58.0
O005850,P007,1,41.0
O005851,P011,1,55.0
O005852,P005,1,48.0
O005853,P015,1,76.0
O005853,P012,1,20.0
O005854,P011,1,55.0
O005855,P008,1,72.0
O005856,P007,1,41.0
O005856,P015,1,76.0
O005857,P014,1,118.0
O005857,P022,1,54.0
O005857,P021,1,62.0
O005857,P006,1,22.0
O005858,P014,1,118.0
O005859,P014,1,118.0
O005860,P022,1,54.0
O005861,P005,3,48.0
O005862,P007,1,41.0
O005863,P006,1,22.0
O005863,P021,3,62.0
O005863,P020,2,28.0
O005864,P018,1,24.0
O005864,P013,3,32.0
O005864,P005,1,48.0
O005864,P016,1,36.0
O005865,P010,1,39.0
O005866,P015,1,76.0
O005866,P019,1,19.0
O005867,P013,2,32.0
O005868,P018,2,24.0
O005869,P006,1,22.0
O005869,P021,1,62.0
O005870,P020,1,28.0
O005871,P016,2,36.0
O005871,P021,2,62.0
O005872,P022,1,54.0
O005872,P006,1,22.0
O005872,P019,1,19.0
O005873,P011,1,55.0
O005873,P022,1,54.0
O005873,P018,1,24.0
O005874,P015,1,76.0
O005874,P011,1,55.0
O005875,P005,1,48.0
O005875,P011,1,55.0
O005875,P006,1,22.0
O005876,P018,3,24.0
O005876,P005,1,48.0
O005877,P009,1,35.0
O005877,P020,1,28.0
O005877,P022,1,54.0
O005878,P007,1,41.0
O005879,P005,2,48.0
O005880,P007,1,41.0
O005881,P015,1,76.0
O005881,P013,1,32.0
O005882,P011,1,55.0
O005882,P006,1,22.0
O005883,P001,1,129.0
O005883,P016,1,36.0
O005884,P002,1,169.0
O005885,P015,1,76.0
O005885,P006,1,22.0
O005885,P016,1,36.0
O005885,P013,3,32.0
O005886,P013,1,32.0
O005886,P011,2,55.0
O005887,P018,1,24.0
O005888,P006,1,22.0
O005889,P011,1,55.0
O005890,P022,1,54.0
O005891,P009,1,35.0
O005891,P020,1,28.0
O005892,P020,1,28.0
O005892,P005,2,48.0
O005892,P021,1,62.0
O005893,P021,1,62.0
O005894,P022,1,54.0
O005895,P011,1,55.0
O005896,P015,1,76.0
O005896,P022,1,54.0
O005897,P010,2,39.0
O005897,P005,1,48.0
O005898,P019,1,19.0
O005898,P005,1,48.0
O005899,P022,1,54.0
O005900,P005,1,48.0
O005901,P016,1,36.0
O005902,P005,1,48.0
O005903,P022,1,54.0
O005904,P005,1,48.0
O005905,P015,1,76.0
O005906,P006,2,22.0
O005907,P005,1,48.0
O005907,P022,2,54.0
O005908,P015,1,76.0
O005908,P012,1,20.0
O005908,P021,1,62.0
O005909,P021,1,62.0
O005909,P009,1,35.0
O005910,P005,2,48.0
O005911,P008,1,72.0
O005912,P005,2,48.0
O005913,P006,1,22.0
O005914,P013,1,32.0
O005915,P014,1,118.0
O005915,P006,1,22.0
O005916,P006,1,22.0
O005917,P018,1,24.0
O005918,P005,1,48.0
O005919,P019,1,19.0
O005919,P001,1,129.0
O005919,P010,1,39.0
O005920,P006,1,22.0
O005921,P015,1,76.0
O005921,P007,1,41.0
O005922,P022,1,54.0
O005922,P003,1,89.0
O005923,P021,1,62.0
O005924,P019,3,19.0
O005924,P002,2,169.0
O005925,P013,2,32.0
O005926,P011,1,55.0
O005926,P006,0,22.0
O005926,P018,1,24.0
O005927,P006,1,22.0
O005928,P015,1,76.0
O005928,P006,2,22.0
O005928,P022,1,54.0
O005928,P021,1,62.0
O005929,P021,1,62.0
O005930,P019,1,19.0
O005930,P023,1,98.0
O005930,P022,3,54.0
O005931,P011,1,55.0
O005932,P007,1,41.0
O005932,P013,1,32.0
O005933,P009,1,35.0
O005933,P011,1,55.0
O005933,P013,1,32.0
O005934,P009,1,35.0
O005934,P020,2,28.0
O005934,P010,1,39.0
O005934,P021,1,62.0
O005935,P018,1,24.0
O005935,P006,1,22.0
O005935,P022,3,54.0
O005935,P011,1,55.0
O005936,P011,1,55.0
O005937,P006,2,22.0
O005938,P019,1,19.0
O005939,P015,1,76.0
O005939,P013,3,32.0
O005940,P021,1,62.0
O005940,P013,1,32.0
O005941,P013,1,32.0
O005942,P005,1,48.0
O005942,P013,1,32.0
O005942,P017,1,58.0
O005943,P004,1,64.0
O005943,P003,1,89.0
O005943,P014,1,118.0
O005943,P022,1,54.0
O005944,P021,3,62.0
O005945,P011,2,55.0
O005945,P014,1,118.0
O005946,P023,1,98.0
O005947,P019,1,19.0
O005948,P020,1,28.0
O005949,P001,1,129.0
O005949,P009,1,35.0
O005949,P014,1,118.0
O005950,P005,1,48.0
O005951,P006,1,22.0
O005952,P015,1,76.0
O005953,P021,1,62.0
O005953,P011,1,55.0
O005953,P018,1,24.0
O005954,P005,1,48.0
O005955,P021,1,62.0
O005956,P006,1,22.0
O005956,P020,1,28.0
O005956,P021,1,62.0
O005957,P011,1,55.0
O005957,P005,3,48.0
O005957,P007,1,41.0
O005958,P021,1,62.0
O005958,P006,1,22.0
O005959,P018,1,24.0
O005960,P006,1,22.0
O005960,P005,1,48.0
O005961,P007,1,41.0
O005962,P014,1,118.0
O005962,P005,1,48.0
O005962,P017,1,58.0
O005963,P020,1,28.0
O005963,P009,1,35.0
O005963,P021,1,62.0
O005964,P006,2,22.0
O005964,P021,1,62.0
O005964,P018,1,24.0
O005964,P007,1,41.0
O005965,P013,1,32.0
O005965,P006,1,22.0
O005965,P012,1,20.0
O005966,P011,1,55.0
O005966,P018,1,24.0
O005967,P010,2,39.0
O005967,P006,1,22.0
O005967,P014,1,118.0
O005968,P005,1,48.0
O005969,P019,1,19.0
O005970,P007,1,41.0
O005971,P007,1,41.0
O005972,P006,2,22.0
O005972,P022,1,54.0
O005972,P007,1,41.0
O005973,P016,1,36.0
O005974,P016,1,36.0
O005975,P016,1,36.0
O005976,P019,1,19.0
O005977,P022,1,54.0
O005978,P016,1,36.0
O005978,P006,1,22.0
O005979,P013,1,32.0
O005980,P017,1,58.0
O005981,P013,1,32.0
O005982,P007,1,41.0
O005982,P013,1,32.0
O005983,P013,2,32.0
O005984,P005,1,48.0
O005984,P007,1,41.0
O005985,P005,1,48.0
O005985,P008,1,72.0
O005986,P006,1,22.0
O005987,P007,2,41.0
O005988,P022,2,54.0
O005988,P010,1,39.0
O005988,P019,1,19.0
O005988,P018,3,24.0
O005989,P021,1,62.0
O005990,P015,1,76.0
O005990,P021,1,62.0
O005990,P005,2,48.0
O005990,P019,1,19.0
O005991,P018,1,24.0
O005992,P011,1,55.0
O005993,P007,2,41.0
O005994,P013,1,32.0
O005995,P022,1,54.0
O005996,P011,2,55.0
O005996,P021,1,62.0
O005996,P007,1,41.0
O005996,P019,1,19.0
O005997,P008,1,72.0
O005998,P005,2,48.0
O005999,P006,2,22.0
O006000,P007,1,41.0
O006000,P006,1,22.0
O006001,P022,1,54.0
O006002,P003,1,89.0
O006003,P018,1,24.0
O006004,P010,1,39.0
O006005,P022,1,54.0
O006006,P016,1,36.0
O006007,P019,1,19.0
O006007,P007,2,41.0
O006008,P007,1,41.0
O006008,P005,1,48.0
O006009,P018,1,24.0
O006010,P006,1,22.0
O006010,P015,1,76.0
O006011,P017,1,58.0
O006012,P022,1,54.0
O006012,P006,1,22.0
O006013,P005,1,48.0
O006014,P019,1,19.0
O006015,P015,2,76.0
O006016,P005,2,48.0
O006017,P013,1,32.0
O006018,P022,1,54.0
O006019,P007,1,41.0
O006020,P007,1,41.0
O006020,P014,1,118.0
O006020,P015,1,76.0
O006021,P016,1,36.0
O006022,P013,1,32.0
O006023,P007,1,41.0
O006024,P018,1,24.0
O006024,P005,3,48.0
O006025,P004,1,64.0
O006026,P010,2,39.0
O006026,P016,1,36.0
O006027,P020,2,28.0
O006027,P012,1,20.0
O006028,P007,1,41.0
O006028,P012,1,20.0
O006028,P016,1,36.0
O006029,P014,1,118.0
O006029,P017,1,58.0
O006030,P020,1,28.0
O006031,P004,1,64.0
O006031,P005,1,48.0
O006032,P005,3,48.0
O006033,P005,1,48.0
O006034,P019,1,19.0
O006035,P016,1,36.0
O006035,P018,1,24.0
O006036,P015,1,76.0
O006036,P005,1,48.0
O006037,P018,1,24.0
O006038,P019,1,19.0
O006039,P005,1,48.0
O006039,P022,1,54.0
O006040,P005,1,48.0
O006041,P005,1,48.0
O006041,P012,1,20.0
O006041,P006,1,22.0
O006042,P021,1,62.0
O006043,P018,1,24.0
O006043,P007,3,41.0
O006043,P012,1,20.0
O006044,P006,1,22.0
O006044,P005,1,48.0
O006044,P021,1,62.0
O006044,P011,1,55.0
O006045,P013,2,32.0
O006046,P011,2,55.0
O006047,P006,1,22.0
O006048,P003,1,89.0
O006048,P019,1,19.0
O006049,P005,1,48.0
O006050,P016,1,36.0
O006051,P020,1,28.0
O006052,P021,1,62.0
O006053,P021,1,62.0
O006053,P014,1,118.0
O006053,P015,1,76.0
O006054,P005,2,48.0
O006054,P013,1,32.0
O006055,P008,1,72.0
O006056,P016,1,36.0
O006057,P006,1,22.0
O006057,P021,1,62.0
O006058,P009,1,35.0
O006058,P005,1,48.0
O006058,P011,1,55.0
O006059,P005,1,48.0
O006060,P005,1,48.0
O006060,P006,2,22.0
O006060,P022,1,54.0
O006060,P019,1,19.0
O006061,P005,1,48.0
O006062,P006,1,22.0
O006063,P015,2,76.0
O006063,P005,1,48.0
O006064,P022,2,54.0
O006065,P016,1,36.0
O006065,P018,1,24.0
O006065,P011,1,55.0
O006066,P016,1,36.0
O006066,P005,1,48.0
O006066,P013,1,32.0
O006066,P018,1,24.0
O006067,P009,1,35.0
O006068,P006,1,22.0
O006068,P020,1,28.0
O006068,P008,1,72.0
O006069,P009,1,35.0
O006070,P015,1,76.0
O006071,P014,1,118.0
O006072,P001,2,129.0
O006073,P008,1,72.0
O006073,P013,1,32.0
O006073,P009,1,35.0
O006074,P018,1,24.0
O006075,P021,2,62.0
O006076,P004,1,64.0
O006077,P012,1,20.0
O006078,P004,1,64.0
O006078,P015,1,76.0
O006078,P022,1,54.0
O006079,P006,2,22.0
O006080,P007,1,41.0
O006081,P021,1,62.0
O006082,P016,1,36.0
O006083,P019,1,19.0
O006084,P005,2,48.0
O006085,P014,1,118.0
O006085,P011,1,55.0
O006085,P019,1,19.0
O006085,P007,1,41.0
O006086,P015,1,76.0
O006087,P011,2,55.0
O006088,P007,2,41.0
O006088,P021,1,62.0
O006089,P019,1,19.0
O006089,P014,1,118.0
O006090,P008,1,72.0
O006091,P005,1,48.0
O006091,P011,1,55.0
O006092,P022,1,54.0
O006092,P023,1,98.0
O006093,P022,1,54.0
O006094,P018,1,24.0
O006095,P011,1,55.0
O006096,P016,1,36.0
O006096,P005,2,48.0
O006097,P018,1,24.0
O006098,P013,1,32.0
O006098,P022,1,54.0
O006099,P021,2,62.0
O006099,P006,1,22.0
O006099,P015,1,76.0
O006100,P015,1,76.0
O006100,P002,1,169.0
O006100,P013,1,32.0
O006101,P015,2,76.0
O006101,P016,1,36.0
O006102,P019,1,19.0
O006103,P012,1,20.0
O006103,P006,1,22.0
O006104,P007,1,41.0
O006105,P005,1,48.0
O006106,P005,1,48.0
O006106,P006,1,22.0
O006107,P013,2,32.0
O006107,P007,1,41.0
O006108,P022,1,54.0
O006108,P013,1,32.0
O006108,P006,1,22.0
O006109,P005,2,48.0
O006110,P015,1,76.0
O006111,P021,2,62.0
O006111,P005,1,48.0
O006111,P011,2,55.0
O006112,P018,2,24.0
O006113,P011,1,55.0
O006113,P007,1,41.0
O006114,P013,1,32.0
O006115,P014,1,118.0
O006115,P019,1,19.0
O006116,P011,1,55.0
O006117,P005,1,48.0
O006118,P011,1,55.0
O006118,P006,1,22.0
O006119,P004,1,64.0
O006120,P004,1,64.0
O006120,P007,1,41.0
O006120,P005,1,48.0
O006121,P005,1,48.0
O006121,P006,1,22.0
O006122,P009,1,35.0
O006122,P006,1,22.0
O006122,P007,1,41.0
O006123,P010,1,39.0
O006123,P005,1,48.0
O006123,P009,1,35.0
O006124,P018,1,24.0
O006125,P020,1,28.0
O006126,P021,1,62.0
O006127,P015,1,76.0
O006128,P009,1,35.0
O006129,P007,2,41.0
O006129,P006,1,22.0
O006129,P009,1,35.0
O006130,P005,1,48.0
O006130,P006,1,22.0
O006131,P011,2,55.0
O006131,P006,2,22.0
O006131,P013,0,32.0
O006131,P015,1,76.0
O006132,P019,1,19.0
O006132,P001,2,129.0
O006133,P015,1,76.0
O006133,P010,1,39.0
O006134,P019,1,19.0
O006134,P018,1,24.0
O006134,P005,1,48.0
O006134,P014,1,118.0
O006135,P022,1,54.0
O006136,P018,1,24.0
O006137,P022,1,54.0
O006137,P009,1,35.0
O006138,P015,1,76.0
O006139,P013,2,32.0
O006140,P004,1,64.0
O006141,P007,1,41.0
O006141,P016,1,36.0
O006142,P005,1,48.0
O006142,P021,1,62.0
O006143,P020,1,28.0
O006144,P007,1,41.0
O006144,P019,1,19.0
O006145,P018,2,24.0
O006146,P007,2,41.0
O006147,P006,1,22.0
O006148,P010,1,39.0
O006148,P019,1,19.0
O006149,P005,1,48.0
O006150,P015,1,76.0
O006150,P020,1,28.0
O006150,P022,1,54.0
O006151,P007,1,41.0
O006151,P010,1,39.0
O006152,P022,1,54.0
O006152,P007,1,41.0
O006153,P016,1,36.0
O006154,P012,1,20.0
O006155,P005,1,48.0
O006156,P020,1,28.0
O006156,P005,1,48.0
O006156,P007,1,41.0
O006157,P006,2,22.0
O006157,P022,1,54.0
O006158,P011,1,55.0
O006159,P016,1,36.0
O006160,P013,1,32.0
O006160,P022,1,54.0
O006161,P005,1,48.0
O006162,P005,1,48.0
O006163,P001,1,129.0
O006163,P011,3,55.0
O006163,P016,1,36.0
O006164,P019,1,19.0
O006165,P008,1,72.0
O006165,P006,2,22.0
O006166,P015,1,76.0
O006167,P022,1,54.0
O006167,P014,1,118.0
O006168,P013,1,32.0
O006168,P021,3,62.0
O006169,P005,1,48.0
O006169,P010,2,39.0
O006170,P013,1,32.0
O006170,P021,1,62.0
O006171,P022,2,54.0
O006172,P005,1,48.0
O006173,P013,2,32.0
O006174,P010,1,39.0
O006175,P007,1,41.0
O006175,P006,1,22.0
O006175,P014,1,118.0
O006175,P018,1,24.0
O006176,P019,1,19.0
O006177,P005,1,48.0
O006178,P022,1,54.0
O006179,P006,2,22.0
O006180,P005,1,48.0
O006181,P020,1,28.0
O006181,P019,1,19.0
O006182,P013,1,32.0
O006183,P019,1,19.0
O006183,P020,2,28.0
O006184,P007,1,41.0
O006185,P005,1,48.0
O006185,P004,1,64.0
O006186,P003,1,89.0
O006186,P008,1,72.0
O006187,P015,1,76.0
O006188,P007,1,41.0
O006189,P019,1,19.0
O006189,P014,1,118.0
O006190,P011,1,55.0
O006190,P013,2,32.0
O006191,P010,1,39.0
O006192,P006,1,22.0
O006193,P017,2,58.0
O006194,P008,1,72.0
O006194,P009,1,35.0
O006195,P015,1,76.0
O006196,P013,1,32.0
O006197,P021,1,62.0
O006198,P010,1,39.0
O006198,P005,1,48.0
O006198,P013,1,32.0
O006198,P006,1,22.0
O006199,P007,1,41.0
O006200,P011,1,55.0
O006201,P005,1,48.0
O006202,P005,1,48.0
O006202,P022,2,54.0
O006203,P016,1,36.0
O006203,P022,1,54.0
O006203,P014,1,118.0
O006204,P003,1,89.0
O006204,P019,1,19.0
O006205,P006,1,22.0
O006206,P007,3,41.0
O006207,P017,1,58.0
O006207,P005,3,48.0
O006208,P006,1,22.0
O006209,P016,2,36.0
O006210,P021,1,62.0
O006211,P013,2,32.0
O006211,P014,1,118.0
O006211,P005,1,48.0
O006212,P001,3,129.0
O006213,P022,1,54.0
O006213,P005,1,48.0
O006213,P011,1,55.0
O006213,P007,1,41.0
O006214,P006,1,22.0
O006214,P022,1,54.0
O006215,P022,1,54.0
O006216,P004,1,64.0
O006217,P019,1,19.0
O006217,P011,1,55.0
O006218,P011,1,55.0
O006218,P005,1,48.0
O006219,P018,1,24.0
O006220,P011,1,55.0
O006220,P007,1,41.0
O006220,P006,1,22.0
O006220,P008,2,72.0
O006221,P022,1,54.0
O006221,P011,1,55.0
O006221,P021,1,62.0
O006222,P005,1,48.0
O006223,P020,1,28.0
O006223,P023,1,98.0
O006224,P019,1,19.0
O006225,P005,1,48.0
O006225,P007,1,41.0
O006225,P022,3,54.0
O006226,P001,1,129.0
O006227,P006,1,22.0
O006228,P015,1,76.0
O006229,P021,1,62.0
O006229,P007,1,41.0
O006229,P005,1,48.0
O006230,P022,1,54.0
O006231,P006,1,22.0
O006232,P010,1,39.0
O006232,P002,1,169.0
O006233,P007,2,41.0
O006234,P016,1,36.0
O006235,P018,1,24.0
O006236,P013,1,32.0
O006236,P022,1,54.0
O006237,P003,1,89.0
O006238,P015,1,76.0
O006239,P021,1,62.0
O006240,P007,1,41.0
O006241,P016,2,36.0
O006241,P006,1,22.0
O006242,P021,2,62.0
O006243,P001,1,129.0
O006244,P011,1,55.0
O006244,P015,2,76.0
O006245,P019,1,19.0
O006246,P006,1,22.0
O006247,P015,2,76.0
O006248,P006,1,22.0
O006248,P019,1,19.0
O006248,P005,1,48.0
O006249,P012,1,20.0
O006250,P018,1,24.0
O006250,P007,1,41.0
O006251,P004,1,64.0
O006251,P023,1,98.0
O006251,P011,3,55.0
O006252,P010,1,39.0
O006253,P017,1,58.0
O006254,P006,1,22.0
O006255,P014,1,118.0
O006255,P016,1,36.0
O006256,P016,1,36.0
O006257,P008,1,72.0
O006258,P011,1,55.0
O006258,P006,1,22.0
O006259,P011,1,55.0
O006260,P005,1,48.0
O006261,P021,1,62.0
O006261,P004,1,64.0
O006262,P005,2,48.0
O006263,P001,1,129.0
O006264,P006,2,22.0
O006264,P005,1,48.0
O006265,P021,1,62.0
O006265,P018,1,24.0
O006266,P007,1,41.0
O006266,P013,1,32.0
O006266,P006,1,22.0
O006267,P018,1,24.0
O006267,P013,1,32.0
O006268,P019,2,19.0
O006269,P010,1,39.0
O006269,P022,1,54.0
O006269,P011,1,55.0
O006270,P004,1,64.0
O006271,P013,1,32.0
O006271,P009,1,35.0
O006272,P020,1,28.0
O006272,P012,1,20.0
O006273,P021,1,62.0
O006274,P010,1,39.0
O006274,P018,1,24.0
O006275,P019,1,19.0
O006276,P012,1,20.0
O006277,P016,1,36.0
O006277,P021,1,62.0
O006278,P022,1,54.0
O006279,P009,1,35.0
O006279,P006,1,22.0
O006279,P019,1,19.0
O006280,P006,1,22.0
O006281,P011,1,55.0
O006281,P005,1,48.0
O006281,P018,1,24.0
O006282,P011,1,55.0
O006283,P021,1,62.0
O006284,P011,1,55.0
O006285,P006,2,22.0
O006285,P020,1,28.0
O006285,P004,1,64.0
O006285,P018,1,24.0
O006286,P007,1,41.0
O006287,P011,2,55.0
O006288,P021,1,62.0
O006289,P020,1,28.0
O006290,P017,1,58.0
O006291,P006,1,22.0
O006291,P013,2,32.0
O006292,P013,1,32.0
O006293,P022,2,54.0
O006293,P004,2,64.0
O006293,P018,1,24.0
O006294,P005,1,48.0
O006294,P010,2,39.0
O006294,P021,1,
O006294,P006,1,22.0
O006295,P006,2,22.0
O006296,P018,2,24.0
O006296,P006,1,22.0
O006296,P019,1,19.0
O006297,P022,1,54.0
O006298,P007,1,41.0
O006298,P015,1,76.0
O006299,P017,1,58.0
O006300,P018,1,24.0
O006301,P012,1,20.0
O006301,P014,1,118.0
O006302,P006,1,22.0
O006303,P007,2,41.0
O006303,P021,1,62.0
O006304,P009,1,35.0
O006305,P007,1,41.0
O006305,P013,3,32.0
O006305,P020,1,28.0
O006306,P015,1,76.0
O006306,P014,1,118.0
O006307,P022,1,54.0
O006308,P006,1,22.0
O006308,P004,1,64.0
O006308,P013,3,32.0
O006308,P005,1,48.0
O006309,P015,1,76.0
O006310,P005,1,48.0
O006311,P015,1,
O006311,P021,2,62.0
O006312,P019,1,19.0
O006313,P007,1,41.0
O006314,P017,1,58.0
O006315,P007,1,41.0
O006315,P016,1,36.0
O006316,P001,1,129.0
O006317,P011,2,55.0
O006318,P011,1,55.0
O006318,P022,1,54.0
O006319,P022,1,54.0
O006319,P010,1,39.0
O006319,P016,1,36.0
O006319,P004,1,64.0
O006320,P006,1,22.0
O006320,P011,1,55.0
O006320,P014,1,118.0
O006321,P019,1,19.0
O006321,P012,1,20.0
O006322,P016,1,36.0
O006322,P018,3,24.0
O006322,P006,1,22.0
O006323,P007,1,41.0
O006324,P011,2,55.0
O006325,P021,1,62.0
O006325,P013,1,32.0
O006326,P019,1,19.0
O006327,P006,1,22.0
O006327,P016,1,36.0
O006327,P009,1,35.0
O006328,P013,1,32.0
O006329,P018,1,24.0
O006329,P016,1,36.0
O006329,P021,2,62.0
O006330,P006,1,22.0
O006330,P001,1,129.0
O006330,P018,1,24.0
O006331,P016,1,36.0
O006332,P019,1,19.0
O006333,P019,1,19.0
O006333,P015,1,76.0
O006333,P001,1,129.0
O006334,P006,1,22.0
O006334,P015,1,76.0
O006334,P007,1,41.0
O006335,P005,2,48.0
O006336,P009,3,35.0
O006337,P001,1,129.0
O006338,P001,1,129.0
O006338,P005,1,48.0
O006338,P021,1,62.0
O006338,P019,1,19.0
O006339,P007,2,41.0
O006339,P005,1,48.0
O006340,P006,1,22.0
O006340,P008,1,72.0
O006341,P015,3,76.0
O006341,P007,1,41.0
O006342,P008,1,72.0
O006343,P015,1,76.0
O006344,P013,1,32.0
O006344,P022,1,54.0
O006344,P011,1,55.0
O006345,P010,1,39.0
O006346,P019,1,19.0
O006346,P022,1,54.0
O006346,P018,1,24.0
O006347,P023,2,98.0
O006347,P019,1,19.0
O006348,P005,1,48.0
O006348,P021,1,62.0
O006349,P009,1,35.0
O006350,P018,1,24.0
O006350,P022,1,54.0
O006351,P009,1,35.0
O006352,P021,1,62.0
O006352,P018,2,24.0
O006352,P013,1,32.0
O006352,P014,1,118.0
O006353,P013,2,32.0
O006353,P018,1,24.0
O006354,P011,1,55.0
O006354,P002,1,169.0
O006355,P018,1,24.0
O006356,P019,2,19.0
O006356,P018,1,24.0
O006357,P016,1,36.0
O006358,P015,1,76.0
O006358,P018,1,24.0
O006358,P021,1,62.0
O006358,P013,2,32.0
O006359,P005,1,48.0
O006359,P012,1,20.0
O006360,P019,1,19.0
O006361,P005,1,48.0
O006362,P018,1,24.0
O006363,P007,2,41.0
O006363,P013,1,32.0
O006363,P006,1,22.0
O006364,P006,1,22.0
O006364,P007,1,41.0
O006365,P004,1,64.0
O006365,P021,1,62.0
O006366,P013,1,32.0
O006366,P018,1,24.0
O006367,P007,1,41.0
O006368,P018,1,24.0
O006369,P019,2,19.0
O006369,P004,1,64.0
O006370,P014,1,118.0
O006370,P009,1,35.0
O006371,P015,1,76.0
O006372,P007,2,41.0
O006373,P006,1,22.0
O006374,P019,1,19.0
O006374,P020,2,28.0
O006374,P006,2,22.0
O006375,P019,1,19.0
O006376,P011,2,55.0
O006376,P018,1,24.0
O006376,P006,1,22.0
O006376,P022,1,54.0
O006377,P022,1,54.0
O006378,P018,2,24.0
O006378,P013,1,32.0
O006378,P009,1,35.0
O006378,P004,1,64.0
O006379,P017,2,58.0
O006379,P012,1,20.0
O006380,P021,1,62.0
O006381,P005,1,48.0
O006382,P005,1,48.0
O006382,P002,2,169.0
O006382,P022,1,54.0
O006382,P010,1,39.0
O006383,P021,2,62.0
O006384,P020,1,28.0
O006385,P006,1,22.0
O006386,P019,2,19.0
O006387,P016,1,36.0
O006387,P004,1,64.0
O006388,P022,1,54.0
O006388,P021,1,62.0
O006389,P003,1,89.0
O006389,P021,1,62.0
O006390,P020,1,28.0
O006391,P021,1,62.0
O006391,P005,1,48.0
O006392,P011,1,55.0
O006393,P010,1,39.0
O006394,P016,1,36.0
O006394,P002,1,169.0
O006395,P015,1,76.0
O006396,P006,1,22.0
O006397,P018,1,24.0
O006397,P007,1,41.0
O006397,P009,2,35.0
O006397,P006,1,22.0
O006398,P015,3,76.0
O006399,P020,1,28.0
O006399,P007,1,41.0
O006399,P021,2,62.0
O006399,P004,3,64.0
O006400,P013,1,32.0
O006401,P014,1,118.0
O006401,P007,1,41.0
O006402,P021,1,62.0
O006402,P005,1,48.0
O006403,P004,1,64.0
O006404,P013,1,32.0
O006404,P018,2,24.0
O006404,P019,1,19.0
O006404,P009,1,35.0
O006405,P022,2,54.0
O006405,P018,1,24.0
O006406,P009,1,35.0
O006406,P006,1,22.0
O006407,P014,1,118.0
O006407,P005,1,48.0
O006408,P005,1,48.0
O006408,P008,1,72.0
O006408,P018,1,24.0
O006408,P001,1,129.0
O006409,P019,1,19.0
O006410,P007,1,41.0
O006410,P002,2,169.0
O006410,P009,1,35.0
O006411,P013,1,32.0
O006412,P022,1,54.0
O006413,P004,2,64.0
O006413,P002,1,169.0
O006414,P016,1,36.0
O006415,P007,1,41.0
O006415,P015,1,76.0
O006415,P014,1,118.0
O006416,P018,1,24.0
O006417,P014,1,118.0
O006417,P006,1,22.0
O006418,P010,1,39.0
O006418,P019,1,19.0
O006418,P015,1,76.0
O006419,P021,1,62.0
O006419,P013,1,32.0
O006420,P013,1,32.0
O006421,P006,1,22.0
O006422,P012,1,20.0
O006423,P019,1,19.0
O006423,P009,1,35.0
O006423,P002,1,169.0
O006423,P013,1,32.0
O006424,P001,1,129.0
O006425,P020,2,28.0
O006426,P001,1,129.0
O006426,P020,2,28.0
O006426,P016,1,36.0
O006427,P013,1,32.0
O006428,P005,-1,48.0
O006428,P007,1,41.0
O006429,P013,1,32.0
O006430,P018,1,24.0
O006431,P007,1,41.0
O006432,P001,1,129.0
O006433,P017,1,58.0
O006434,P017,1,58.0
O006434,P006,2,22.0
O006435,P022,1,54.0
O006436,P021,1,62.0
O006437,P009,1,35.0
O006437,P018,1,24.0
O006437,P010,1,39.0
O006438,P016,1,36.0
O006438,P013,1,32.0
O006438,P011,1,55.0
O006439,P010,1,39.0
O006440,P012,1,20.0
O006440,P010,1,39.0
O006441,P005,1,48.0
O006442,P007,1,41.0
O006442,P020,1,28.0
O006442,P013,3,32.0
O006442,P009,1,35.0
O006443,P006,1,22.0
O006444,P013,1,32.0
O006445,P022,2,54.0
O006445,P005,1,48.0
O006446,P005,1,48.0
O006446,P011,1,55.0
O006447,P004,2,64.0
O006448,P006,1,22.0
O006448,P005,1,48.0
O006449,P011,1,55.0
O006450,P003,1,89.0
O006450,P006,1,22.0
O006450,P013,1,32.0
O006450,P021,1,62.0
O006451,P019,1,19.0
O006452,P013,1,32.0
O006453,P009,-1,35.0
O006454,P019,2,19.0
O006454,P010,1,39.0
O006455,P011,1,55.0
O006455,P007,1,41.0
O006456,P005,1,48.0
O006457,P013,1,32.0
O006457,P010,1,39.0
O006458,P011,1,55.0
O006459,P017,1,58.0
O006459,P022,1,54.0
O006460,P004,2,64.0
O006460,P021,1,62.0
O006460,P005,1,48.0
O006460,P013,3,32.0
O006461,P004,1,64.0
O006462,P009,1,35.0
O006463,P016,1,36.0
O006464,P004,1,64.0
O006464,P009,1,35.0
O006465,P013,1,32.0
O006465,P011,2,55.0
O006466,P009,1,35.0
O006467,P015,1,76.0
O006468,P021,1,62.0
O006468,P006,1,22.0
O006469,P006,2,22.0
O006469,P018,1,24.0
O006469,P010,1,39.0
O006469,P005,1,48.0
O006470,P019,1,19.0
O006471,P007,2,41.0
O006472,P021,1,62.0
O006473,P009,1,35.0
O006473,P015,1,76.0
O006474,P014,1,118.0
O006474,P020,2,28.0
O006475,P006,2,22.0
O006475,P016,1,36.0
O006476,P008,1,72.0
O006477,P013,1,32.0
O006478,P005,1,48.0
O006479,P020,1,28.0
O006480,P022,1,54.0
O006480,P010,1,39.0
O006480,P011,1,55.0
O006481,P019,1,19.0
O006482,P008,1,72.0
O006483,P005,1,48.0
O006483,P004,1,64.0
O006483,P018,3,24.0
O006483,P008,1,72.0
O006484,P022,1,54.0
O006485,P006,1,22.0
O006486,P023,1,98.0
O006486,P007,1,41.0
O006487,P009,1,35.0
O006487,P004,2,64.0
O006488,P010,1,39.0
O006489,P002,3,169.0
O006489,P009,1,35.0
O006489,P006,1,22.0
O006490,P013,1,32.0
O006490,P021,1,62.0
O006490,P019,1,19.0
O006491,P021,1,62.0
O006491,P017,1,58.0
O006491,P008,1,72.0
O006492,P009,1,35.0
O006492,P015,1,76.0
O006493,P020,1,28.0
O006494,P012,1,20.0
O006495,P007,1,41.0
O006496,P009,1,35.0
O006497,P006,1,22.0
O006497,P009,1,35.0
O006498,P022,1,54.0
O006499,P007,1,41.0
O006500,P014,1,118.0
O006500,P022,1,54.0
O006501,P021,1,62.0
O006502,P018,2,24.0
O006503,P019,1,19.0
O006504,P009,2,35.0
O006505,P006,1,22.0
O006506,P006,1,22.0
O006507,P016,1,36.0
O006507,P013,1,32.0
O006508,P005,1,48.0
O006508,P009,1,35.0
O006508,P013,2,32.0
O006509,P005,1,48.0
O006509,P014,1,118.0
O006509,P007,1,41.0
O006510,P006,1,22.0
O006511,P020,1,28.0
O006512,P007,1,41.0
O006513,P019,1,19.0
O006514,P006,1,22.0
O006515,P014,2,118.0
O006516,P011,1,55.0
O006517,P011,1,55.0
O006517,P017,1,58.0
O006518,P007,1,41.0
O006519,P020,2,28.0
O006520,P018,2,24.0
O006520,P009,1,35.0
O006520,P006,1,22.0
O006521,P010,1,39.0
O006522,P005,1,48.0
O006522,P006,1,22.0
O006523,P007,2,41.0
O006523,P013,2,32.0
O006523,P015,1,76.0
O006524,P007,1,41.0
O006525,P009,1,35.0
O006525,P011,2,55.0
O006526,P011,1,55.0
O006527,P018,1,24.0
O006527,P019,3,19.0
O006528,P006,1,22.0
O006528,P005,1,48.0
O006529,P011,1,55.0
O006530,P021,1,62.0
O006530,P022,1,54.0
O006530,P018,1,24.0
O006531,P018,1,24.0
O006532,P021,1,62.0
O006533,P022,2,54.0
O006533,P019,2,19.0
O006534,P021,1,62.0
O006535,P013,1,32.0
O006536,P009,1,35.0
O006536,P015,1,76.0
O006536,P007,1,41.0
O006537,P006,2,22.0
O006538,P021,1,62.0
O006539,P009,1,35.0
O006540,P010,1,39.0
O006541,P015,2,76.0
O006542,P018,1,24.0
O006543,P014,1,118.0
O006544,P009,1,35.0
O006544,P019,1,19.0
O006545,P019,1,19.0
O006546,P019,2,19.0
O006547,P013,1,32.0
O006548,P012,2,20.0
O006549,P006,1,22.0
O006549,P022,1,54.0
O006550,P005,1,48.0
O006551,P013,1,32.0
O006551,P021,1,62.0
O006551,P016,1,36.0
O006552,P005,1,48.0
O006552,P007,1,41.0
O006553,P020,1,28.0
O006554,P021,2,62.0
O006555,P011,1,55.0
O006556,P016,1,36.0
O006557,P014,1,118.0
O006558,P010,2,39.0
O006559,P006,1,22.0
O006560,P001,1,129.0
O006561,P005,1,48.0
O006561,P019,1,19.0
O006562,P022,1,54.0
O006562,P005,1,48.0
O006562,P015,1,76.0
O006563,P006,1,22.0
O006564,P011,1,55.0
O006565,P009,1,35.0
O006566,P020,3,28.0
O006567,P011,1,55.0
O006567,P013,1,32.0
O006568,P022,1,54.0
O006568,P023,1,98.0
O006569,P021,1,62.0
O006569,P018,1,24.0
O006570,P005,1,48.0
O006571,P005,1,48.0
O006571,P014,2,118.0
O006571,P011,1,55.0
O006571,P018,1,24.0
O006572,P013,1,32.0
O006572,P005,1,48.0
O006573,P016,1,36.0
O006573,P004,1,64.0
O006574,P006,1,22.0
O006574,P014,2,118.0
O006575,P005,1,48.0
O006575,P021,1,62.0
O006576,P015,1,76.0
O006576,P005,1,48.0
O006576,P003,1,89.0
O006576,P023,2,98.0
O006577,P005,1,48.0
O006578,P010,1,39.0
O006579,P006,1,22.0
O006579,P005,1,48.0
O006579,P012,1,20.0
O006580,P018,1,24.0
O006581,P014,1,118.0
O006581,P013,2,32.0
O006581,P005,1,48.0
O006582,P020,1,28.0
O006582,P015,1,76.0
O006582,P010,1,39.0
O006583,P017,2,58.0
O006584,P021,1,62.0
O006584,P010,1,39.0
O006584,P015,1,76.0
O006585,P011,1,55.0
O006585,P017,1,58.0
O006586,P011,1,55.0
O006586,P017,1,58.0
O006586,P001,1,129.0
O006586,P007,1,41.0
O006587,P009,1,35.0
O006588,P022,1,54.0
O006588,P010,2,39.0
O006589,P021,1,62.0
O006590,P010,1,39.0
O006590,P019,1,19.0
O006591,P018,-1,24.0
O006591,P011,1,55.0
O006592,P020,1,28.0
O006593,P015,1,76.0
O006594,P007,3,41.0
O006595,P019,1,19.0
O006595,P021,1,62.0
O006595,P003,1,89.0
O006596,P015,1,76.0
O006596,P009,1,35.0
O006597,P004,1,64.0
O006598,P002,1,169.0
O006599,P005,1,48.0
O006599,P016,1,36.0
O006600,P009,3,35.0
O006601,P007,1,41.0
O006602,P018,1,24.0
O006602,P015,1,76.0
O006603,P015,1,76.0
O006603,P001,1,129.0
O006604,P008,3,72.0
O006605,P011,1,55.0
O006606,P008,1,72.0
O006607,P010,2,39.0
O006608,P010,1,39.0
O006609,P018,2,24.0
O006610,P008,1,72.0
O006610,P005,1,48.0
O006610,P007,1,41.0
O006611,P018,1,24.0
O006612,P005,1,48.0
O006612,P009,1,35.0
O006612,P007,1,41.0
O006613,P012,2,20.0
O006613,P016,1,36.0
O006614,P018,1,24.0
O006615,P011,1,55.0
O006615,P013,1,32.0
O006616,P015,2,76.0
O006617,P011,1,55.0
O006617,P020,2,28.0
O006617,P015,1,76.0
O006618,P009,1,35.0
O006618,P004,2,64.0
O006619,P011,1,55.0
O006620,P005,-1,48.0
O006621,P006,1,22.0
O006621,P003,1,89.0
O006622,P007,1,41.0
O006622,P010,1,39.0
O006622,P009,2,35.0
O006623,P003,2,89.0
O006623,P005,1,48.0
O006624,P014,1,118.0
O006624,P023,1,98.0
O006624,P004,1,64.0
O006625,P005,2,48.0
O006625,P018,1,24.0
O006626,P018,1,24.0
O006626,P015,1,76.0
O006627,P019,1,19.0
O006628,P007,1,41.0
O006628,P019,1,19.0
O006629,P008,1,72.0
O006629,P005,1,48.0
O006630,P005,1,48.0
O006631,P018,1,24.0
O006631,P006,1,22.0
O006632,P013,1,32.0
O006633,P006,2,22.0
O006634,P006,1,22.0
O006634,P018,1,24.0
O006635,P011,1,55.0
O006635,P013,1,32.0
O006635,P018,1,24.0
O006636,P023,1,98.0
O006637,P006,1,22.0
O006637,P005,1,48.0
O006638,P008,2,72.0
O006638,P019,1,19.0
O006639,P001,1,129.0
O006639,P005,1,48.0
O006640,P013,2,32.0
O006640,P004,2,64.0
O006641,P004,3,64.0
O006641,P013,1,32.0
O006642,P018,1,24.0
O006642,P013,1,32.0
O006643,P019,1,19.0
O006644,P022,1,54.0
O006644,P007,2,41.0
O006645,P011,1,55.0
O006646,P008,1,72.0
O006646,P014,1,118.0
O006647,P006,2,22.0
O006647,P005,1,48.0
O006647,P020,1,28.0
O006647,P013,1,32.0
O006648,P005,1,48.0
O006649,P018,1,24.0
O006650,P006,1,
O006650,P013,1,32.0
O006651,P004,1,64.0
O006651,P007,1,41.0
O006652,P007,1,41.0
O006653,P022,-1,54.0
O006654,P008,1,72.0
O006654,P012,1,20.0
O006654,P006,1,22.0
O006655,P001,1,129.0
O006656,P014,1,118.0
O006657,P013,1,32.0
O006658,P006,1,22.0
O006658,P004,1,64.0
O006659,P021,2,62.0
O006660,P005,1,48.0
O006660,P002,1,169.0
O006660,P018,1,24.0
O006661,P005,1,48.0
O006661,P004,1,64.0
O006661,P012,1,20.0
O006661,P002,1,169.0
O006662,P007,1,41.0
O006663,P006,1,22.0
O006664,P021,1,62.0
O006665,P002,1,169.0
O006665,P021,1,62.0
O006666,P006,1,22.0
O006666,P019,1,19.0
O006667,P018,1,24.0
O006668,P004,1,64.0
O006669,P004,1,64.0
O006670,P007,1,41.0
O006670,P013,1,32.0
O006670,P022,1,54.0
O006670,P015,1,76.0
O006671,P005,1,48.0
O006671,P018,1,24.0
O006672,P005,2,48.0
O006673,P013,1,32.0
O006674,P018,1,24.0
O006675,P015,1,76.0
O006676,P019,1,19.0
O006677,P019,1,19.0
O006678,P011,1,55.0
O006678,P016,1,36.0
O006679,P014,1,118.0
O006680,P018,1,24.0
O006681,P006,1,22.0
O006682,P009,1,35.0
O006682,P021,1,62.0
O006683,P018,1,24.0
O006683,P001,1,129.0
O006684,P011,1,55.0
O006685,P011,1,55.0
O006686,P005,1,48.0
O006686,P010,1,39.0
O006686,P022,1,54.0
O006687,P009,2,35.0
O006687,P010,1,39.0
O006687,P016,2,36.0
O006688,P004,1,64.0
O006689,P023,1,98.0
O006690,P002,2,169.0
O006690,P010,1,39.0
O006690,P013,1,32.0
O006691,P001,1,129.0
O006692,P016,1,36.0
O006692,P017,1,58.0
O006693,P022,1,54.0
O006693,P015,1,76.0
O006694,P015,1,76.0
O006695,P018,2,24.0
O006695,P003,1,89.0
O006695,P012,1,20.0
O006696,P006,1,22.0
O006696,P007,1,41.0
O006696,P009,1,35.0
O006697,P007,1,41.0
O006697,P013,1,32.0
O006698,P001,1,129.0
O006698,P006,1,22.0
O006698,P007,2,41.0
O006699,P019,1,19.0
O006699,P004,1,64.0
O006700,P004,1,64.0
O006701,P018,2,24.0
O006701,P006,1,22.0
O006701,P013,1,32.0
O006702,P007,1,41.0
O006703,P005,3,48.0
O006704,P007,2,41.0
O006705,P013,1,32.0
O006705,P006,1,22.0
O006706,P006,1,22.0
O006706,P015,1,76.0
O006707,P005,1,48.0
O006707,P018,1,24.0
O006707,P015,1,76.0
O006708,P013,1,32.0
O006708,P019,1,19.0
O006709,P006,1,22.0
O006709,P007,1,41.0
O006710,P018,2,24.0
O006711,P007,3,41.0
O006712,P021,1,62.0
O006713,P021,1,62.0
O006714,P006,1,22.0
O006715,P014,1,118.0
O006716,P002,1,169.0
O006717,P015,1,76.0
O006718,P017,1,58.0
O006719,P002,1,169.0
O006719,P006,1,22.0
O006720,P013,1,32.0
O006720,P018,1,24.0
O006721,P010,1,39.0
O006722,P018,2,24.0
O006722,P006,1,22.0
O006723,P011,1,55.0
O006723,P005,1,48.0
O006723,P022,1,54.0
O006724,P009,1,35.0
O006724,P007,1,41.0
O006725,P013,1,32.0
O006725,P008,1,72.0
O006726,P021,-1,62.0
O006726,P011,1,55.0
O006727,P019,1,19.0
O006727,P007,1,41.0
O006728,P018,1,24.0
O006728,P016,1,36.0
O006728,P013,1,32.0
O006729,P018,1,24.0
O006729,P011,1,55.0
O006729,P006,1,22.0
O006730,P021,1,62.0
O006730,P009,1,35.0
O006730,P020,1,28.0
O006731,P016,2,36.0
O006732,P018,1,24.0
O006732,P022,1,54.0
O006732,P005,3,48.0
O006733,P022,1,54.0
O006733,P015,1,76.0
O006733,P017,1,58.0
O006733,P014,1,118.0
O006734,P007,1,41.0
O006734,P015,1,76.0
O006735,P006,3,22.0
O006736,P022,1,54.0
O006737,P015,1,76.0
O006737,P014,1,118.0
O006737,P006,1,22.0
O006738,P018,1,24.0
O006738,P015,1,76.0
O006739,P011,1,55.0
O006739,P010,2,39.0
O006740,P005,3,48.0
O006741,P010,1,39.0
O006741,P012,1,20.0
O006742,P011,1,55.0
O006743,P020,1,
O006744,P005,1,48.0
O006744,P007,1,41.0
O006745,P009,2,35.0
O006745,P021,1,62.0
O006746,P005,3,48.0
O006747,P023,1,98.0
O006748,P018,1,24.0
O006749,P003,1,89.0
O006750,P012,1,20.0
O006751,P013,1,32.0
O006751,P019,1,19.0
O006751,P022,1,54.0
O006751,P018,2,24.0
O006752,P001,1,129.0
O006753,P009,1,35.0
O006753,P001,1,129.0
O006754,P005,1,48.0
O006755,P005,1,48.0
O006755,P009,1,35.0
O006756,P013,1,32.0
O006756,P019,1,19.0
O006756,P014,1,118.0
O006757,P006,1,22.0
O006757,P005,1,48.0
O006757,P016,1,36.0
O006757,P012,2,20.0
O006758,P020,1,28.0
O006758,P015,1,76.0
O006758,P021,1,62.0
O006759,P005,2,48.0
O006760,P018,1,24.0
O006760,P006,1,22.0
O006760,P009,1,35.0
O006761,P021,1,62.0
O006762,P019,1,19.0
O006763,P021,2,62.0
O006764,P018,1,24.0
O006765,P014,3,118.0
O006765,P013,1,32.0
O006766,P021,3,62.0
O006767,P019,1,19.0
O006768,P011,1,55.0
O006769,P015,1,76.0
O006770,P015,1,76.0
O006771,P019,1,19.0
O006771,P020,1,28.0
O006771,P018,2,24.0
O006772,P010,1,39.0
O006773,P018,1,24.0
O006773,P009,1,35.0
O006774,P014,1,118.0
O006775,P005,2,48.0
O006775,P012,1,20.0
O006776,P018,1,24.0
O006776,P005,1,48.0
O006777,P010,1,39.0
O006777,P002,2,169.0
O006777,P007,1,41.0
O006778,P006,2,22.0
O006779,P017,1,58.0
O006780,P001,3,129.0
O006781,P016,1,36.0
O006782,P006,2,22.0
O006782,P010,1,39.0
O006783,P011,1,55.0
O006783,P001,1,129.0
O006784,P021,1,62.0
O006785,P017,1,58.0
O006785,P003,1,89.0
O006786,P009,1,35.0
O006787,P006,3,22.0
O006787,P022,1,54.0
O006787,P005,1,48.0
O006787,P018,1,24.0
O006788,P011,1,55.0
O006789,P021,2,62.0
O006790,P019,1,19.0
O006791,P019,1,19.0
O006792,P006,1,22.0
O006792,P005,1,48.0
O006793,P007,1,41.0
O006794,P015,2,76.0
O006795,P019,1,19.0
O006795,P022,1,54.0
O006796,P016,1,36.0
O006796,P007,2,41.0
O006796,P011,1,55.0
O006796,P015,2,76.0
O006797,P016,1,36.0
O006798,P005,1,48.0
O006799,P018,3,24.0
O006799,P005,1,48.0
O006800,P018,2,24.0
O006800,P013,1,32.0
O006801,P006,1,22.0
O006801,P001,1,129.0
O006802,P015,1,76.0
O006802,P014,3,118.0
O006802,P021,2,62.0
O006803,P016,1,36.0
O006803,P002,1,169.0
O006803,P011,1,55.0
O006804,P021,1,62.0
O006805,P007,1,41.0
O006806,P019,1,19.0
O006806,P021,1,62.0
O006807,P011,1,55.0
O006808,P022,1,54.0
O006808,P011,1,55.0
O006809,P005,1,48.0
O006810,P005,1,48.0
O006811,P019,1,19.0
O006812,P019,1,19.0
O006812,P011,1,55.0
O006813,P005,2,48.0
O006813,P016,2,36.0
O006814,P003,2,89.0
O006814,P014,1,118.0
O006814,P008,1,72.0
O006814,P018,2,24.0
O006815,P021,1,62.0
O006816,P018,1,24.0
O006817,P010,2,39.0
O006817,P001,1,129.0
O006818,P022,1,54.0
O006818,P013,3,32.0
O006819,P022,2,54.0
O006820,P019,1,19.0
O006820,P007,2,41.0
O006821,P006,1,22.0
O006821,P013,1,32.0
O006822,P004,1,64.0
O006823,P013,1,32.0
O006824,P006,1,22.0
O006825,P005,1,48.0
O006825,P006,2,22.0
O006825,P020,1,28.0
O006826,P018,2,24.0
O006827,P019,1,19.0
O006827,P015,2,76.0
O006828,P021,1,62.0
O006828,P013,1,32.0
O006829,P003,1,89.0
O006830,P013,1,32.0
O006830,P005,2,48.0
O006831,P005,2,48.0
O006831,P022,1,54.0
O006832,P013,1,32.0
O006832,P005,1,48.0
O006832,P019,1,19.0
O006833,P005,1,48.0
O006834,P010,1,39.0
O006835,P005,1,48.0
O006836,P014,1,118.0
O006837,P009,1,35.0
O006838,P016,1,36.0
O006839,P017,1,58.0
O006839,P014,1,118.0
O006839,P005,1,48.0
O006840,P019,1,19.0
O006840,P011,1,55.0
O006840,P018,1,24.0
O006841,P003,1,89.0
O006841,P005,1,48.0
O006841,P022,1,54.0
O006842,P018,1,24.0
O006843,P013,1,32.0
O006844,P020,1,28.0
O006844,P014,3,118.0
O006844,P005,1,48.0
O006845,P005,2,48.0
O006845,P011,1,55.0
O006845,P021,1,62.0
O006846,P021,1,62.0
O006846,P011,1,55.0
O006847,P017,1,58.0
O006848,P015,1,76.0
O006848,P010,1,39.0
O006849,P008,1,72.0
O006850,P005,1,48.0
O006851,P008,1,72.0
O006852,P015,1,76.0
O006852,P019,2,19.0
O006853,P005,1,48.0
O006853,P021,2,62.0
O006853,P022,1,54.0
O006853,P018,1,24.0
O006854,P007,1,41.0
O006854,P014,1,118.0
O006855,P005,1,48.0
O006855,P019,1,19.0
O006855,P021,1,62.0
O006855,P016,2,36.0
O006856,P020,3,28.0
O006857,P018,1,24.0
O006858,P011,1,55.0
O006858,P005,1,48.0
O006859,P005,1,48.0
O006859,P002,1,169.0
O006860,P005,1,48.0
O006861,P013,1,32.0
O006861,P016,1,36.0
O006862,P013,1,32.0
O006863,P007,3,41.0
O006864,P006,2,22.0
O006865,P015,1,76.0
O006865,P010,2,39.0
O006866,P015,1,76.0
O006866,P013,1,32.0
O006866,P018,1,24.0
O006866,P010,1,39.0
O006867,P006,1,22.0
O006868,P005,1,48.0
O006868,P009,1,35.0
O006868,P019,1,19.0
O006869,P013,1,32.0
O006870,P018,1,24.0
O006871,P019,1,19.0
O006871,P013,1,32.0
O006872,P020,1,28.0
O006873,P006,1,22.0
O006873,P009,1,35.0
O006873,P011,1,55.0
O006874,P019,2,19.0
O006874,P010,1,39.0
O006874,P020,1,28.0
O006874,P016,1,36.0
O006875,P013,1,32.0
O006875,P006,1,22.0
O006876,P017,1,58.0
O006877,P013,1,32.0
O006877,P011,1,55.0
O006878,P020,2,28.0
O006879,P013,1,32.0
O006880,P021,1,62.0
O006880,P019,1,19.0
O006880,P013,1,32.0
O006881,P021,1,62.0
O006882,P006,1,22.0
O006882,P019,1,19.0
O006883,P007,1,41.0
O006884,P009,1,35.0
O006884,P006,3,22.0
O006885,P019,2,19.0
O006886,P022,1,54.0
O006887,P020,1,28.0
O006888,P019,2,19.0
O006889,P014,1,118.0
O006889,P018,1,24.0
O006889,P013,1,32.0
O006890,P009,1,35.0
O006891,P022,1,54.0
O006891,P021,1,62.0
O006892,P002,1,169.0
O006893,P021,1,62.0
O006893,P019,1,19.0
O006894,P002,1,169.0
O006895,P005,1,48.0
O006896,P019,1,19.0
O006896,P013,1,32.0
O006897,P016,1,36.0
O006898,P004,2,64.0
O006898,P013,1,32.0
O006899,P018,1,24.0
O006900,P001,1,129.0
O006900,P007,1,41.0
O006901,P005,1,48.0
O006902,P020,1,28.0
O006903,P021,1,62.0
O006904,P013,1,32.0
O006904,P005,1,48.0
O006905,P011,1,55.0
O006905,P018,1,24.0
O006905,P023,1,98.0
O006905,P008,1,72.0
O006906,P016,1,36.0
O006906,P006,1,22.0
O006907,P020,1,28.0
O006908,P014,1,118.0
O006908,P013,1,32.0
O006908,P007,3,41.0
O006909,P016,1,36.0
O006910,P018,1,24.0
O006911,P021,1,62.0
O006911,P006,1,22.0
O006912,P005,2,48.0
O006913,P005,3,48.0
O006913,P001,1,129.0
O006914,P019,1,19.0
O006914,P020,1,28.0
O006914,P006,2,22.0
O006915,P004,1,64.0
O006915,P013,1,32.0
O006916,P005,1,48.0
O006917,P020,1,28.0
O006918,P013,2,32.0
O006919,P015,1,76.0
O006919,P019,1,19.0
O006919,P002,1,169.0
O006919,P018,1,24.0
O006920,P007,1,41.0
O006921,P018,1,24.0
O006922,P013,1,32.0
O006923,P001,1,129.0
O006924,P013,1,32.0
O006925,P001,1,129.0
O006926,P018,1,24.0
O006926,P003,1,89.0
O006926,P019,1,19.0
O006927,P007,1,41.0
O006927,P013,1,32.0
O006928,P013,1,32.0
O006929,P014,1,118.0
O006930,P016,1,36.0
O006930,P014,1,118.0
O006930,P013,1,32.0
O006931,P021,1,62.0
O006932,P001,1,129.0
O006932,P020,3,28.0
O006932,P013,1,32.0
O006932,P010,1,39.0
O006933,P006,1,22.0
O006933,P013,1,32.0
O006934,P008,1,72.0
O006934,P012,1,20.0
O006935,P018,1,24.0
O006936,P007,1,41.0
O006936,P018,1,24.0
O006936,P010,1,39.0
O006937,P003,1,89.0
O006937,P014,1,118.0
O006938,P001,1,129.0
O006939,P006,1,22.0
O006940,P021,1,62.0
O006940,P017,1,58.0
O006941,P014,1,118.0
O006942,P008,1,72.0
O006942,P020,1,28.0
O006942,P006,2,22.0
O006942,P007,2,41.0
O006943,P021,1,62.0
O006943,P023,1,98.0
O006944,P020,1,28.0
O006945,P013,1,32.0
O006946,P010,1,39.0
O006946,P013,1,32.0
O006947,P003,1,89.0
O006948,P008,1,72.0
O006949,P018,1,24.0
O006949,P013,1,32.0
O006950,P006,1,22.0
O006951,P014,1,118.0
O006951,P015,1,76.0
O006952,P023,1,98.0
O006953,P020,1,28.0
O006954,P011,1,55.0
O006955,P011,1,55.0
O006956,P019,1,19.0
O006957,P008,1,72.0
O006957,P006,2,22.0
O006957,P005,1,48.0
O006958,P017,1,58.0
O006959,P014,1,118.0
O006959,P023,2,98.0
O006960,P013,1,32.0
O006961,P018,1,24.0
O006962,P013,1,32.0
O006962,P008,1,72.0
O006962,P020,1,28.0
O006963,P013,1,32.0
O006964,P005,1,48.0
O006964,P019,1,19.0
O006965,P019,1,19.0
O006966,P018,1,24.0
O006967,P017,1,58.0
O006968,P012,1,20.0
O006969,P021,2,62.0
O006970,P004,2,64.0
O006971,P014,2,118.0
O006971,P013,1,32.0
O006972,P009,1,35.0
O006973,P019,2,19.0
O006974,P006,1,22.0
O006975,P011,1,55.0
O006975,P022,-1,54.0
O006976,P018,1,24.0
O006977,P004,1,64.0
O006977,P021,1,62.0
O006978,P015,1,76.0
O006978,P006,1,22.0
O006979,P013,1,32.0
O006979,P006,1,22.0
O006979,P020,1,28.0
O006980,P004,1,64.0
O006980,P002,1,169.0
O006981,P013,1,32.0
O006982,P006,1,22.0
O006983,P004,1,64.0
O006984,P023,1,98.0
O006984,P021,2,62.0
O006985,P009,1,35.0
O006986,P021,1,62.0
O006987,P019,1,19.0
O006988,P006,2,22.0
O006989,P007,2,41.0
O006990,P010,1,39.0
O006991,P010,1,39.0
O006992,P014,1,118.0
O006993,P020,1,28.0
O006994,P003,1,89.0
O006995,P012,1,20.0
O006996,P010,1,39.0
O006997,P020,1,28.0
O006997,P016,1,36.0
O006998,P006,1,22.0
O006998,P019,2,19.0
O006998,P002,1,169.0
O006999,P004,1,64.0
O007000,P017,1,58.0
O007000,P018,2,24.0
O007000,P020,2,28.0
O007000,P021,2,62.0
O007001,P001,1,129.0
O007001,P016,1,36.0
O007002,P016,2,36.0
O007002,P021,1,62.0
O007003,P001,1,129.0
O007004,P014,1,118.0
O007005,P011,1,55.0
O007005,P019,1,19.0
O007006,P016,1,36.0
O007007,P018,1,24.0
O007008,P018,1,24.0
O007009,P005,1,48.0
O007010,P016,2,36.0
O007011,P006,1,22.0
O007012,P005,1,48.0
O007013,P002,1,169.0
O007014,P007,1,41.0
O007014,P018,1,24.0
O007014,P003,2,89.0
O007015,P001,1,129.0
O007016,P022,1,54.0
O007017,P004,1,64.0
O007018,P006,1,22.0
O007019,P013,1,32.0
O007020,P007,1,41.0
O007021,P003,1,89.0
O007021,P010,2,39.0
O007022,P002,1,169.0
O007022,P001,2,129.0
O007022,P010,1,39.0
O007022,P008,1,72.0
O007023,P013,2,32.0
O007023,P011,1,55.0
O007023,P009,1,35.0
O007024,P006,1,22.0
O007024,P015,1,76.0
O007025,P007,1,41.0
O007025,P004,1,64.0
O007025,P006,1,22.0
O007026,P018,2,24.0
O007027,P004,1,64.0
O007028,P014,1,118.0
O007029,P008,2,72.0
O007030,P001,1,129.0
O007031,P022,2,54.0
O007032,P013,1,32.0
O007033,P006,1,22.0
O007034,P019,1,19.0
O007034,P013,1,32.0
O007034,P021,1,62.0
O007035,P014,1,118.0
O007036,P011,1,55.0
O007037,P016,1,36.0
O007037,P021,2,62.0
O007038,P015,1,76.0
O007039,P009,1,35.0
O007040,P005,1,48.0
O007041,P006,1,22.0
O007041,P011,1,55.0
O007042,P020,2,28.0
O007043,P002,1,169.0
O007044,P005,1,48.0
O007045,P015,1,76.0
O007045,P001,1,129.0
O007046,P017,1,58.0
O007047,P015,2,76.0
O007047,P008,2,72.0
O007047,P021,1,62.0
O007048,P009,2,35.0
O007048,P010,1,39.0
O007049,P019,1,19.0
O007049,P001,1,129.0
O007050,P014,1,118.0
O007051,P009,2,35.0
O007052,P007,1,41.0
O007052,P006,2,22.0
O007052,P023,3,98.0
O007052,P004,2,64.0
O007053,P006,1,22.0
O007054,P008,1,72.0
O007055,P018,1,24.0
O007056,P004,1,64.0
O007057,P010,1,39.0
O007057,P013,3,32.0
O007057,P006,3,22.0
O007058,P013,1,32.0
O007059,P006,1,22.0
O007060,P005,2,48.0
O007060,P013,1,32.0
O007060,P020,1,28.0
O007061,P020,1,28.0
O007062,P004,1,64.0
O007062,P013,1,32.0
O007062,P006,2,22.0
O007062,P012,1,20.0
O007063,P019,2,19.0
O007064,P009,1,35.0
O007065,P018,1,24.0
O007065,P013,3,32.0
O007066,P009,1,35.0
O007066,P022,1,54.0
O007067,P022,1,54.0
O007067,P019,1,19.0
O007067,P009,1,35.0
O007068,P022,1,54.0
O007069,P018,1,24.0
O007070,P018,1,24.0
O007071,P018,1,24.0
O007071,P017,1,58.0
O007072,P007,1,41.0
O007073,P013,1,32.0
O007074,P021,1,62.0
O007074,P010,1,39.0
O007075,P014,1,118.0
O007076,P001,1,129.0
O007076,P003,1,89.0
O007076,P016,1,36.0
O007076,P013,1,32.0
O007077,P019,1,19.0
O007078,P019,2,19.0
O007078,P001,1,129.0
O007079,P017,1,58.0
O007079,P021,2,62.0
O007080,P005,3,48.0
O007081,P023,1,98.0
O007082,P006,1,22.0
O007083,P016,1,36.0
O007083,P022,1,54.0
O007084,P021,1,62.0
O007085,P019,1,19.0
O007086,P013,1,32.0
O007086,P018,1,24.0
O007087,P005,1,48.0
O007088,P008,1,72.0
O007089,P019,1,19.0
O007090,P022,1,54.0
O007090,P007,1,41.0
O007090,P018,1,24.0
O007091,P020,1,28.0
O007091,P013,1,32.0
O007092,P001,1,129.0
O007093,P006,1,22.0
O007094,P015,1,76.0
O007095,P007,2,41.0
O007096,P013,1,32.0
O007096,P012,1,20.0
O007096,P018,1,24.0
O007097,P011,1,55.0
O007098,P003,1,89.0
O007098,P016,1,36.0
O007099,P018,1,24.0
O007100,P018,1,24.0
O007100,P010,1,39.0
O007101,P015,1,76.0
O007101,P009,1,35.0
O007102,P021,2,62.0
O007102,P019,1,19.0
O007103,P018,1,24.0
O007104,P012,2,20.0
O007105,P019,1,19.0
O007106,P013,1,32.0
O007106,P018,1,24.0
O007106,P016,1,36.0
O007107,P020,1,28.0
O007108,P006,-1,22.0
O007108,P013,1,32.0
O007109,P018,1,24.0
O007110,P010,1,39.0
O007111,P021,3,62.0
O007112,P018,1,24.0
O007113,P004,2,64.0
O007114,P007,1,41.0
O007115,P020,1,28.0
O007116,P012,1,20.0
O007117,P022,1,54.0
O007117,P007,1,41.0
O007118,P015,1,76.0
O007119,P011,1,55.0
O007120,P018,1,24.0
O007120,P006,1,22.0
O007121,P009,1,35.0
O007122,P013,1,32.0
O007123,P009,1,35.0
O007123,P006,1,22.0
O007124,P023,2,98.0
O007124,P014,2,118.0
O007125,P001,1,129.0
O007126,P014,1,118.0
O007126,P013,1,32.0
O007126,P006,1,22.0
O007127,P006,1,22.0
O007128,P007,1,41.0
O007129,P001,1,129.0
O007129,P003,1,89.0
O007130,P015,1,76.0
O007131,P013,1,32.0
O007131,P006,3,22.0
O007132,P006,1,22.0
O007132,P023,1,98.0
O007133,P016,3,36.0
O007133,P021,1,62.0
O007134,P013,1,32.0
O007134,P001,1,129.0
O007135,P020,2,28.0
O007135,P013,1,32.0
O007136,P001,1,129.0
O007137,P021,1,62.0
O007137,P012,1,20.0
O007137,P017,1,58.0
O007138,P016,1,36.0
O007139,P011,1,55.0
O007140,P005,1,48.0
O007141,P018,1,24.0
O007141,P001,1,129.0
O007142,P013,1,32.0
O007143,P021,1,62.0
O007143,P006,1,22.0
O007144,P018,1,24.0
O007144,P007,1,41.0
O007145,P015,1,76.0
O007145,P017,1,58.0
O007146,P019,1,19.0
O007147,P008,1,72.0
O007147,P009,1,35.0
O007147,P004,1,64.0
O007148,P008,1,72.0
O007149,P013,1,32.0
O007150,P008,1,72.0
O007150,P006,1,22.0
O007151,P018,1,24.0
O007152,P002,1,169.0
O007153,P004,2,64.0
O007154,P013,1,32.0
O007155,P008,1,72.0
O007156,P003,2,89.0
O007157,P018,1,24.0
O007158,P011,2,55.0
O007158,P002,2,169.0
O007159,P009,1,35.0
O007159,P021,1,62.0
O007159,P017,1,58.0
O007160,P003,1,89.0
O007161,P006,1,22.0
O007162,P001,1,129.0
O007162,P012,1,20.0
O007163,P023,1,98.0
O007164,P010,1,39.0
O007165,P009,1,35.0
O007165,P006,2,22.0
O007165,P021,1,62.0
O007166,P005,1,48.0
O007167,P016,1,36.0
O007168,P018,1,24.0
O007168,P017,1,58.0
O007169,P017,2,58.0
O007170,P021,1,62.0
O007170,P006,1,22.0
O007171,P017,1,58.0
O007172,P018,1,24.0
O007173,P013,2,32.0
O007173,P008,1,72.0
O007174,P016,1,36.0
O007174,P018,2,24.0
O007175,P020,1,28.0
O007175,P006,1,22.0
O007175,P010,1,39.0
O007175,P023,1,98.0
O007176,P021,1,62.0
O007176,P009,2,35.0
O007177,P010,1,39.0
O007178,P021,1,62.0
O007179,P009,1,35.0
O007179,P014,1,118.0
O007179,P008,1,72.0
O007180,P012,1,20.0
O007181,P018,1,24.0
O007182,P006,1,22.0
O007183,P006,1,22.0
O007184,P012,1,20.0
O007185,P019,1,19.0
O007185,P007,1,41.0
O007185,P006,1,22.0
O007186,P015,1,76.0
O007187,P006,1,22.0
O007188,P019,2,19.0
O007188,P021,1,62.0
O007189,P007,3,41.0
O007190,P006,1,22.0
O007191,P021,1,62.0
O007191,P018,1,24.0
O007192,P018,1,24.0
O007193,P016,1,36.0
O007193,P005,3,48.0
O007194,P010,2,39.0
O007195,P007,1,41.0
O007196,P008,1,72.0
O007197,P001,1,129.0
O007197,P021,1,62.0
O007198,P006,1,22.0
O007199,P011,1,55.0
O007200,P012,1,20.0
O007200,P001,1,129.0
O007201,P012,2,20.0
O007202,P013,1,32.0
O007203,P011,1,55.0
O007203,P009,1,35.0
O007204,P001,1,129.0
O007204,P018,1,24.0
O007204,P009,1,35.0
O007204,P007,1,41.0
O007205,P011,1,55.0
O007205,P002,2,169.0
O007206,P014,2,118.0
O007207,P007,2,41.0
O007208,P005,1,48.0
O007208,P013,1,
O007209,P001,1,129.0
O007210,P014,1,118.0
O007211,P016,1,36.0
O007211,P014,1,118.0
O007212,P012,1,20.0
O007213,P004,1,64.0
O007214,P010,1,39.0
O007215,P008,1,72.0
O007216,P018,1,24.0
O007216,P009,1,35.0
O007217,P008,2,72.0
O007217,P022,2,54.0
O007217,P007,1,41.0
O007217,P006,1,22.0
O007218,P001,2,129.0
O007218,P007,2,41.0
O007218,P014,1,118.0
O007219,P007,1,41.0
O007220,P006,1,22.0
O007221,P006,3,22.0
O007221,P021,2,62.0
O007222,P018,1,24.0
O007223,P019,1,19.0
O007224,P011,2,55.0
O007225,P021,1,62.0
O007226,P005,1,48.0
O007227,P013,1,32.0
O007228,P013,1,32.0
O007228,P020,1,28.0
O007228,P021,1,62.0
O007229,P019,1,19.0
O007229,P004,1,64.0
O007229,P015,1,76.0
O007230,P006,1,22.0
O007230,P019,1,19.0
O007230,P004,1,64.0
O007231,P008,1,72.0
O007231,P019,1,19.0
O007232,P005,2,48.0
O007233,P007,1,41.0
O007234,P008,2,72.0
O007234,P005,1,48.0
O007235,P018,1,24.0
O007235,P008,1,72.0
O007235,P013,1,32.0
O007236,P021,3,62.0
O007236,P006,1,22.0
O007237,P006,1,22.0
O007237,P016,1,36.0
O007238,P021,1,62.0
O007238,P015,1,76.0
O007238,P005,2,48.0
O007239,P020,1,28.0
O007240,P005,1,48.0
O007240,P021,2,62.0
O007241,P006,1,22.0
O007242,P020,1,28.0
O007242,P022,2,54.0
O007242,P007,1,41.0
O007243,P015,1,76.0
O007244,P022,1,54.0
O007244,P019,1,19.0
O007245,P013,1,32.0
O007246,P016,1,36.0
O007246,P003,1,89.0
O007247,P010,1,39.0
O007247,P016,2,36.0
O007248,P016,1,36.0
O007249,P006,1,22.0
O007249,P015,1,76.0
O007249,P010,1,39.0
O007250,P022,1,54.0
O007250,P019,1,19.0
O007251,P016,1,36.0
O007251,P003,1,89.0
O007251,P021,1,62.0
O007252,P006,2,22.0
O007253,P016,1,36.0
O007253,P019,1,19.0
O007253,P002,2,169.0
O007254,P002,1,169.0
O007255,P010,1,39.0
O007256,P009,1,35.0
O007256,P011,1,55.0
O007256,P018,1,24.0
O007256,P003,1,89.0
O007257,P012,3,20.0
O007258,P019,2,19.0
O007259,P023,3,98.0
O007260,P005,1,48.0
O007261,P018,1,24.0
O007262,P022,2,54.0
O007263,P012,1,20.0
O007264,P017,1,58.0
O007265,P020,1,28.0
O007266,P013,1,32.0
O007266,P006,1,22.0
O007267,P006,1,22.0
O007268,P013,1,32.0
O007269,P020,1,28.0
O007269,P011,1,55.0
O007270,P005,1,48.0
O007270,P020,1,28.0
O007271,P022,2,54.0
O007271,P007,1,41.0
O007272,P001,1,129.0
O007273,P023,1,98.0
O007274,P016,1,36.0
O007275,P005,1,48.0
O007275,P019,1,19.0
O007276,P006,1,22.0
O007276,P008,1,72.0
O007277,P004,3,64.0
O007278,P013,1,32.0
O007279,P004,2,64.0
O007280,P017,1,58.0
O007281,P009,2,35.0
O007282,P018,1,24.0
O007282,P006,1,22.0
O007283,P014,1,118.0
O007283,P022,2,54.0
O007284,P020,1,28.0
O007284,P018,2,24.0
O007285,P011,1,55.0
O007286,P020,1,28.0
O007287,P016,1,36.0
O007288,P003,1,89.0
O007289,P009,1,35.0
O007290,P008,3,72.0
O007290,P011,1,55.0
O007291,P016,1,36.0
O007292,P017,1,58.0
O007293,P006,1,22.0
O007294,P003,2,89.0
O007294,P020,1,28.0
O007295,P016,1,36.0
O007295,P015,1,76.0
O007296,P018,1,24.0
O007296,P006,1,22.0
O007297,P010,1,39.0
O007298,P005,1,48.0
O007299,P018,1,24.0
O007299,P015,1,76.0
O007299,P004,1,64.0
O007300,P007,2,41.0
O007300,P019,2,19.0
O007301,P021,1,62.0
O007301,P006,1,22.0
O007301,P001,1,129.0
O007301,P007,1,41.0
O007302,P020,1,28.0
O007302,P009,1,35.0
O007303,P003,1,89.0
O007303,P006,1,22.0
O007304,P018,1,24.0
O007304,P006,2,22.0
O007305,P015,1,76.0
O007306,P012,1,20.0
O007307,P002,1,169.0
O007308,P006,1,22.0
O007309,P009,1,35.0
O007310,P006,1,22.0
O007311,P005,1,48.0
O007312,P006,1,22.0
O007312,P017,1,58.0
O007313,P021,1,62.0
O007313,P018,2,24.0
O007313,P008,1,72.0
O007314,P018,1,24.0
O007314,P006,1,22.0
O007315,P016,1,36.0
O007316,P006,1,22.0
O007316,P004,1,64.0
O007316,P015,1,76.0
O007317,P005,1,48.0
O007317,P012,1,20.0
O007318,P013,1,32.0
O007319,P004,1,64.0
O007319,P009,1,35.0
O007320,P007,1,41.0
O007321,P023,1,98.0
O007322,P015,1,76.0
O007323,P012,1,20.0
O007323,P019,1,19.0
O007324,P014,1,118.0
O007325,P009,1,35.0
O007325,P013,1,32.0
O007326,P021,1,62.0
O007326,P004,1,64.0
O007327,P015,1,76.0
O007327,P006,1,22.0
O007327,P013,3,32.0
O007328,P023,1,98.0
O007329,P013,1,32.0
O007329,P014,1,118.0
O007330,P018,2,24.0
O007331,P018,1,24.0
O007332,P021,1,62.0
O007333,P020,1,28.0
O007334,P001,1,129.0
O007335,P006,3,22.0
O007336,P012,1,20.0
O007337,P021,1,62.0
O007337,P014,1,118.0
O007338,P013,1,32.0
O007338,P001,1,129.0
O007338,P014,1,118.0
O007339,P015,1,76.0
O007340,P015,1,76.0
O007340,P018,2,24.0
O007340,P019,1,19.0
O007341,P005,1,48.0
O007341,P004,1,64.0
O007341,P001,1,129.0
O007342,P014,1,118.0
O007342,P006,1,22.0
O007342,P021,1,62.0
O007343,P023,2,98.0
O007344,P005,1,48.0
O007344,P008,1,72.0
O007344,P009,1,35.0
O007345,P006,1,22.0
O007345,P015,1,76.0
O007345,P009,1,35.0
O007346,P003,1,89.0
O007346,P008,2,72.0
O007346,P004,1,64.0
O007347,P018,1,24.0
O007347,P010,1,39.0
O007348,P018,1,24.0
O007348,P014,1,118.0
O007348,P007,2,41.0
O007348,P006,1,22.0
O007349,P001,1,129.0
O007350,P020,1,28.0
O007350,P007,1,41.0
O007350,P017,1,58.0
O007350,P006,1,22.0
O007351,P020,1,28.0
O007352,P015,1,76.0
O007353,P017,1,58.0
O007353,P018,1,24.0
O007353,P021,2,62.0
O007354,P009,1,35.0
O007355,P006,1,22.0
O007355,P018,1,24.0
O007356,P016,1,36.0
O007357,P009,1,35.0
O007358,P008,1,72.0
O007359,P005,1,48.0
O007359,P006,1,22.0
O007359,P013,1,32.0
O007360,P015,1,76.0
O007361,P012,1,20.0
O007362,P021,1,62.0
O007362,P006,1,22.0
O007363,P019,1,19.0
O007363,P020,1,28.0
O007364,P007,1,41.0
O007365,P005,1,48.0
O007365,P018,1,24.0
O007365,P021,1,62.0
O007366,P018,1,24.0
O007367,P006,1,22.0
O007368,P004,2,64.0
O007369,P022,1,54.0
O007369,P014,1,118.0
O007370,P003,2,89.0
O007370,P013,1,32.0
O007371,P013,1,32.0
O007372,P006,1,22.0
O007373,P021,1,62.0
O007373,P006,1,22.0
O007373,P018,1,24.0
O007374,P007,2,41.0
O007375,P010,1,39.0
O007376,P005,1,48.0
O007377,P014,1,118.0
O007377,P006,1,22.0
O007378,P009,1,35.0
O007379,P015,1,76.0
O007379,P020,1,28.0
O007380,P013,1,32.0
O007381,P007,3,41.0
O007382,P015,3,76.0
O007383,P003,1,89.0
O007383,P015,1,76.0
O007383,P017,1,58.0
O007383,P010,1,39.0
O007384,P021,1,62.0
O007384,P009,1,35.0
O007384,P013,1,32.0
O007384,P011,1,55.0
O007385,P021,1,62.0
O007385,P011,3,55.0
O007386,P006,1,22.0
O007387,P003,1,89.0
O007387,P006,1,22.0
O007388,P011,2,55.0
O007388,P008,1,72.0
O007389,P014,1,118.0
O007390,P011,1,55.0
O007390,P018,1,24.0
O007391,P022,1,54.0
O007391,P021,1,62.0
O007391,P009,3,35.0
O007392,P019,1,19.0
O007393,P009,3,35.0
O007393,P010,1,39.0
O007394,P007,1,41.0
O007395,P012,3,20.0
O007396,P016,2,36.0
O007397,P007,2,41.0
O007397,P006,1,22.0
O007397,P015,1,76.0
O007397,P019,1,19.0
O007398,P008,1,72.0
O007399,P015,1,76.0
O007399,P016,1,36.0
O007400,P004,1,64.0
O007400,P021,2,62.0
O007401,P001,1,129.0
O007402,P016,1,36.0
O007403,P004,3,64.0
O007403,P014,2,118.0
O007403,P007,1,41.0
O007403,P016,1,36.0
O007404,P017,1,58.0
O007404,P003,1,89.0
O007405,P009,1,35.0
O007406,P018,1,24.0
O007407,P014,1,118.0
O007407,P019,1,19.0
O007407,P015,1,76.0
O007408,P020,1,28.0
O007409,P016,1,36.0
O007410,P018,1,24.0
O007411,P020,1,28.0
O007411,P015,2,76.0
O007412,P013,1,32.0
O007413,P022,2,54.0
O007413,P009,1,35.0
O007413,P002,1,169.0
O007413,P015,1,76.0
O007414,P005,1,48.0
O007414,P018,2,24.0
O007415,P013,1,32.0
O007416,P016,1,36.0
O007416,P005,1,48.0
O007417,P001,1,129.0
O007418,P021,1,62.0
O007419,P001,1,129.0
O007420,P006,1,22.0
O007421,P006,1,22.0
O007421,P009,1,35.0
O007421,P014,1,118.0
O007422,P014,1,118.0
O007423,P016,3,36.0
O007423,P006,2,22.0
O007424,P006,2,22.0
O007425,P016,2,36.0
O007426,P007,1,41.0
O007427,P018,1,24.0
O007428,P004,1,64.0
O007428,P008,1,72.0
O007429,P016,1,36.0
O007429,P003,1,89.0
O007430,P005,2,48.0
O007431,P014,1,118.0
O007432,P006,2,22.0
O007432,P011,1,55.0
O007433,P016,1,36.0
O007434,P019,1,19.0
O007434,P022,2,54.0
O007434,P021,1,62.0
O007435,P005,1,48.0
O007435,P007,1,41.0
O007435,P017,1,58.0
O007436,P010,1,39.0
O007437,P014,1,118.0
O007438,P009,2,35.0
O007438,P015,1,76.0
O007439,P006,1,22.0
O007440,P016,1,36.0
O007441,P015,1,76.0
O007442,P011,1,55.0
O007443,P018,1,24.0
O007444,P013,1,32.0
O007445,P007,1,41.0
O007445,P006,1,22.0
O007446,P006,1,22.0
O007446,P022,1,54.0
O007447,P020,1,28.0
O007448,P018,1,24.0
O007448,P007,1,41.0
O007448,P003,1,89.0
O007449,P004,2,64.0
O007450,P018,1,24.0
O007450,P021,1,62.0
O007450,P010,1,39.0
O007451,P010,1,39.0
O007451,P007,1,41.0
O007452,P016,1,36.0
O007453,P013,1,32.0
O007454,P006,1,22.0
O007455,P016,0,36.0
O007456,P011,2,55.0
O007456,P022,1,54.0
O007456,P021,2,62.0
O007457,P011,1,55.0
O007457,P016,1,36.0
O007457,P018,3,24.0
O007458,P009,1,35.0
O007459,P022,1,54.0
O007459,P001,1,129.0
O007460,P001,1,129.0
O007461,P005,1,48.0
O007462,P006,1,22.0
O007463,P015,1,76.0
O007464,P021,1,62.0
O007465,P014,1,
O007466,P013,1,32.0
O007466,P019,2,19.0
O007467,P006,1,22.0
O007468,P010,1,39.0
O007469,P006,1,22.0
O007470,P013,1,32.0
O007471,P014,3,118.0
O007472,P021,1,62.0
O007472,P006,1,22.0
O007472,P016,1,36.0
O007473,P013,2,32.0
O007474,P013,2,32.0
O007475,P022,1,54.0
O007476,P015,1,76.0
O007477,P019,1,19.0
O007477,P006,1,22.0
O007477,P008,1,72.0
O007478,P018,1,24.0
O007479,P011,2,55.0
O007480,P014,1,118.0
O007481,P007,1,41.0
O007482,P014,1,118.0
O007483,P006,1,22.0
O007484,P005,1,48.0
O007484,P015,1,76.0
O007485,P010,1,39.0
O007486,P013,1,32.0
O007487,P015,1,76.0
O007488,P003,1,89.0
O007489,P006,0,22.0
O007490,P021,1,62.0
O007490,P018,1,24.0
O007491,P013,1,32.0
O007492,P020,1,28.0
O007493,P005,1,48.0
O007494,P019,0,19.0
O007495,P007,1,41.0
O007496,P013,1,32.0
O007497,P019,1,19.0
O007498,P012,1,20.0
O007499,P005,1,48.0
O007499,P020,1,28.0
O007499,P019,1,19.0
O007500,P017,2,58.0
O007501,P019,1,19.0
O007502,P006,1,22.0
O007502,P010,1,39.0
O007503,P004,1,64.0
O007503,P019,3,19.0
O007503,P013,1,32.0
O007503,P012,3,20.0
O007504,P018,1,24.0
O007504,P004,1,64.0
O007505,P017,1,58.0
O007506,P004,1,64.0
O007507,P020,1,28.0
O007507,P018,1,24.0
O007508,P016,1,36.0
O007508,P019,1,19.0
O007508,P015,1,76.0
O007508,P018,1,24.0
O007509,P020,1,28.0
O007510,P007,1,41.0
O007510,P009,1,35.0
O007511,P019,2,19.0
O007512,P018,1,24.0
O007513,P014,1,118.0
O007514,P008,1,72.0
O007515,P004,1,64.0
O007515,P018,2,24.0
O007516,P006,1,22.0
O007517,P014,1,118.0
O007518,P013,1,32.0
O007518,P021,1,62.0
O007519,P010,1,39.0
O007520,P006,1,22.0
O007521,P019,1,19.0
O007522,P003,1,89.0
O007523,P009,3,35.0
O007524,P021,1,62.0
O007525,P001,1,129.0
O007526,P004,1,64.0
O007527,P010,2,39.0
O007528,P011,1,55.0
O007528,P021,1,62.0
O007529,P018,2,24.0
O007530,P011,1,55.0
O007531,P013,1,32.0
O007532,P019,1,19.0
O007533,P020,1,28.0
O007533,P014,1,118.0
O007534,P021,1,62.0
O007534,P018,1,24.0
O007534,P007,1,41.0
O007534,P019,1,19.0
O007535,P013,1,32.0
O007536,P006,2,22.0
O007537,P021,1,62.0
O007538,P018,1,24.0
O007539,P013,2,32.0
O007540,P003,1,89.0
O007540,P006,1,22.0
O007541,P002,1,169.0
O007542,P019,1,19.0
O007543,P009,1,35.0
O007544,P019,1,19.0
O007544,P018,1,24.0
O007544,P008,1,72.0
O007544,P009,1,35.0
O007545,P018,1,24.0
O007546,P021,1,62.0
O007546,P012,1,20.0
O007547,P009,1,35.0
O007547,P018,1,24.0
O007548,P005,1,48.0
O007549,P005,1,48.0
O007549,P006,1,22.0
O007549,P007,1,41.0
O007550,P013,1,32.0
O007550,P009,1,35.0
O007551,P011,1,55.0
O007551,P005,1,48.0
O007552,P011,1,55.0
O007553,P018,1,24.0
O007553,P014,1,118.0
O007554,P002,1,169.0
O007555,P008,1,72.0
O007556,P018,1,24.0
O007557,P006,1,22.0
O007558,P017,1,58.0
O007559,P020,1,28.0
O007560,P005,1,48.0
O007560,P021,1,62.0
O007560,P015,1,76.0
O007561,P013,1,32.0
O007561,P006,1,22.0
O007562,P018,1,24.0
O007563,P013,1,32.0
O007564,P013,1,32.0
O007564,P005,1,48.0
O007565,P008,1,72.0
O007565,P014,1,118.0
O007566,P005,1,48.0
O007566,P012,1,20.0
O007567,P020,1,28.0
O007568,P022,2,54.0
O007569,P006,1,22.0
O007569,P009,2,35.0
O007569,P013,1,32.0
O007570,P015,1,76.0
O007570,P018,1,24.0
O007570,P010,1,39.0
O007571,P016,1,36.0
O007572,P017,1,58.0
O007572,P011,1,55.0
O007573,P019,1,19.0
O007573,P021,1,62.0
O007574,P013,1,32.0
O007575,P003,1,89.0
O007576,P015,1,76.0
O007577,P001,1,129.0
O007577,P011,2,55.0
O007578,P019,1,19.0
O007578,P011,3,55.0
O007579,P013,1,32.0
O007580,P021,2,62.0
O007580,P006,1,22.0
O007581,P021,2,62.0
O007582,P013,1,32.0
O007583,P010,1,39.0
O007584,P002,1,169.0
O007585,P019,1,19.0
O007586,P013,1,32.0
O007586,P016,1,36.0
O007587,P013,1,32.0
O007588,P015,1,76.0
O007588,P017,1,58.0
O007589,P018,1,24.0
O007589,P008,1,72.0
O007589,P016,1,36.0
O007590,P004,1,64.0
O007591,P008,1,72.0
O007591,P019,1,19.0
O007592,P016,1,36.0
O007592,P001,1,129.0
O007593,P009,1,35.0
O007594,P021,1,62.0
O007595,P009,1,35.0
O007596,P012,1,20.0
O007596,P006,1,22.0
O007597,P010,1,39.0
O007598,P007,1,41.0
O007598,P012,1,20.0
O007598,P006,1,22.0
O007599,P012,2,20.0
O007599,P018,2,24.0
O007599,P023,1,98.0
O007599,P016,1,36.0
O007600,P010,1,39.0
O007600,P003,1,89.0
O007601,P005,1,48.0
O007601,P021,2,62.0
O007601,P001,2,129.0
O007602,P014,1,118.0
O007603,P019,1,19.0
O007604,P002,1,169.0
O007605,P011,1,55.0
O007605,P006,3,22.0
O007606,P018,1,24.0
O007607,P023,1,98.0
O007607,P006,2,22.0
O007608,P011,1,55.0
O007609,P006,1,22.0
O007610,P013,2,32.0
O007610,P002,1,169.0
O007610,P020,1,28.0
O007610,P015,2,76.0
O007611,P008,1,72.0
O007612,P018,1,24.0
O007613,P010,1,39.0
O007614,P005,1,48.0
O007615,P008,1,72.0
O007616,P006,2,22.0
O007617,P007,1,41.0
O007618,P009,1,35.0
O007619,P016,1,36.0
O007619,P006,1,22.0
O007619,P007,1,41.0
O007619,P018,1,24.0
O007620,P022,1,54.0
O007621,P005,1,48.0
O007622,P007,1,41.0
O007623,P010,1,39.0
O007624,P005,1,48.0
O007625,P013,1,32.0
O007626,P013,1,32.0
O007627,P009,2,35.0
O007628,P006,1,22.0
O007629,P006,1,22.0
O007630,P005,1,48.0
O007630,P006,1,22.0
O007630,P007,1,41.0
O007631,P016,2,36.0
O007632,P006,1,22.0
O007632,P013,1,32.0
O007632,P004,1,64.0
O007633,P008,1,72.0
O007633,P019,1,19.0
O007634,P011,1,55.0
O007634,P022,1,54.0
O007635,P006,1,22.0
O007636,P006,1,22.0
O007637,P007,1,41.0
O007638,P016,1,36.0
O007638,P022,1,54.0
O007639,P019,1,19.0
O007640,P004,1,64.0
O007640,P007,1,41.0
O007640,P012,1,20.0
O007641,P006,1,22.0
O007642,P015,1,76.0
O007643,P016,3,36.0
O007643,P014,1,118.0
O007643,P019,1,19.0
O007644,P014,1,118.0
O007644,P011,1,55.0
O007645,P006,2,22.0
O007646,P020,1,28.0
O007646,P016,1,36.0
O007646,P008,1,72.0
O007647,P009,1,35.0
O007647,P002,1,169.0
O007647,P005,1,48.0
O007648,P009,1,35.0
O007649,P014,1,118.0
O007650,P006,1,22.0
O007651,P023,1,98.0
O007652,P008,1,72.0
O007653,P005,1,48.0
O007653,P001,1,129.0
O007653,P006,1,22.0
O007654,P015,0,76.0
O007655,P007,1,41.0
O007656,P012,1,20.0
O007657,P010,1,39.0
O007658,P009,1,35.0
O007658,P006,1,22.0
O007658,P017,3,58.0
O007659,P013,1,32.0
O007660,P009,3,35.0
O007660,P021,1,62.0
O007660,P014,1,118.0
O007660,P018,1,24.0
O007661,P003,1,89.0
O007662,P018,1,24.0
O007662,P012,1,20.0
O007663,P005,1,48.0
O007663,P007,1,41.0
O007663,P013,2,32.0
O007663,P001,3,129.0
O007664,P006,1,22.0
O007664,P015,1,76.0
O007664,P009,1,35.0
O007665,P007,1,41.0
O007666,P009,1,35.0
O007667,P002,1,169.0
O007668,P012,1,20.0
O007669,P019,1,19.0
O007670,P014,1,118.0
O007671,P013,1,32.0
O007671,P014,2,118.0
O007672,P004,1,64.0
O007672,P010,1,39.0
O007673,P017,1,58.0
O007673,P006,3,22.0
O007673,P015,1,76.0
O007674,P016,1,36.0
O007675,P018,1,24.0
O007675,P017,1,58.0
O007675,P014,1,118.0
O007676,P018,1,24.0
O007677,P001,1,129.0
O007677,P011,1,55.0
O007678,P018,1,24.0
O007679,P001,1,129.0
O007679,P010,2,39.0
O007680,P013,1,32.0
O007681,P010,1,39.0
O007681,P018,1,24.0
O007682,P012,1,20.0
O007682,P014,2,118.0
O007683,P018,1,24.0
O007684,P022,1,54.0
O007684,P004,1,64.0
O007685,P015,2,76.0
O007685,P006,1,22.0
O007685,P001,1,129.0
O007686,P012,1,20.0
O007687,P018,1,
O007688,P016,1,36.0
O007688,P006,2,22.0
O007688,P013,1,32.0
O007689,P019,1,19.0
O007689,P001,1,129.0
O007690,P006,1,22.0
O007691,P016,1,36.0
O007691,P017,1,58.0
O007691,P006,1,22.0
O007692,P017,1,58.0
O007693,P016,1,36.0
O007694,P018,1,24.0
O007695,P006,1,22.0
O007696,P019,1,19.0
O007696,P009,1,35.0
O007697,P021,1,62.0
O007698,P006,1,22.0
O007699,P005,1,48.0
O007700,P017,1,58.0
O007700,P020,1,28.0
O007701,P014,1,118.0
O007702,P009,1,35.0
O007703,P017,1,58.0
O007703,P003,1,89.0
O007704,P018,1,24.0
O007705,P020,3,28.0
O007706,P018,1,24.0
O007707,P023,1,98.0
O007708,P006,1,22.0
O007709,P017,2,58.0
O007710,P018,1,24.0
O007710,P001,1,129.0
O007711,P013,1,32.0
O007711,P010,1,39.0
O007712,P001,1,129.0
O007713,P016,1,36.0
O007713,P013,1,32.0
O007714,P014,1,118.0
O007714,P016,1,36.0
O007714,P018,1,24.0
O007714,P015,1,76.0
O007715,P020,3,28.0
O007716,P003,1,89.0
O007717,P016,2,36.0
O007718,P009,1,35.0
O007719,P004,2,64.0
O007720,P015,1,76.0
O007721,P008,1,72.0
O007721,P004,1,64.0
O007722,P005,1,48.0
O007723,P019,1,19.0
O007723,P004,1,64.0
O007724,P018,2,24.0
O007724,P010,1,39.0
O007725,P010,2,39.0
O007726,P010,1,39.0
O007727,P011,1,55.0
O007728,P009,1,35.0
O007728,P010,1,39.0
O007728,P019,1,19.0
O007729,P003,1,89.0
O007730,P013,1,32.0
O007731,P006,2,22.0
O007732,P006,1,22.0
O007733,P019,1,19.0
O007733,P004,0,64.0
O007733,P016,1,36.0
O007734,P013,1,32.0
O007735,P018,1,24.0
O007735,P001,1,129.0
O007736,P018,3,24.0
O007737,P018,1,24.0
O007737,P021,1,62.0
O007737,P008,2,72.0
O007738,P019,1,19.0
O007738,P013,2,32.0
O007738,P002,1,169.0
O007739,P013,1,32.0
O007739,P009,1,35.0
O007739,P019,1,19.0
O007739,P012,1,20.0
O007740,P019,3,19.0
O007741,P015,1,76.0
O007741,P018,1,24.0
O007742,P021,1,62.0
O007743,P005,1,48.0
O007744,P021,1,62.0
O007745,P005,1,48.0
O007746,P008,1,72.0
O007746,P012,1,20.0
O007747,P017,1,58.0
O007747,P003,2,89.0
O007747,P005,1,48.0
O007747,P012,3,20.0
O007748,P016,1,36.0
O007748,P004,1,64.0
O007749,P013,1,32.0
O007750,P012,1,20.0
O007750,P018,1,24.0
O007751,P017,1,58.0
O007752,P003,1,89.0
O007753,P017,1,58.0
O007754,P005,1,48.0
O007755,P016,1,36.0
O007756,P016,2,36.0
O007757,P018,1,24.0
O007757,P007,1,41.0
O007758,P001,1,129.0
O007759,P006,1,22.0
O007760,P004,3,64.0
O007760,P006,2,22.0
O007760,P012,1,20.0
O007761,P023,1,98.0
O007761,P019,1,19.0
O007762,P003,1,89.0
O007763,P021,1,62.0
O007764,P010,1,39.0
O007764,P013,1,32.0
O007765,P010,1,39.0
O007765,P009,1,35.0
O007765,P016,2,36.0
O007765,P018,1,24.0
O007766,P004,1,64.0
O007767,P001,1,129.0
O007767,P013,1,32.0
O007768,P018,1,24.0
O007769,P012,1,20.0
O007770,P017,1,58.0
O007770,P013,1,32.0
O007770,P018,2,24.0
O007771,P022,1,54.0
O007772,P012,2,20.0
O007772,P013,1,32.0
O007772,P008,3,72.0
O007773,P017,1,58.0
O007774,P017,1,58.0
O007775,P012,2,20.0
O007776,P009,1,35.0
O007776,P008,1,72.0
O007777,P021,1,62.0
O007778,P002,2,169.0
O007779,P016,1,36.0
O007779,P012,2,20.0
O007779,P005,1,48.0
O007780,P018,1,24.0
O007780,P015,1,76.0
O007781,P013,1,32.0
O007781,P018,1,24.0
O007781,P001,1,129.0
O007782,P012,1,20.0
O007782,P005,1,48.0
O007782,P018,2,24.0
O007783,P001,1,129.0
O007783,P020,1,28.0
O007784,P012,3,20.0
O007784,P009,1,35.0
O007784,P021,1,62.0
O007784,P006,1,22.0
O007785,P007,1,41.0
O007786,P023,1,98.0
O007786,P017,1,58.0
O007786,P018,2,24.0
O007787,P004,1,64.0
O007787,P006,1,22.0
O007788,P002,1,169.0
O007788,P017,3,58.0
O007788,P003,2,89.0
O007789,P015,2,76.0
O007790,P015,2,76.0
O007791,P023,1,98.0
O007792,P001,1,129.0
O007792,P018,1,24.0
O007792,P021,1,62.0
O007793,P004,1,64.0
O007794,P022,1,54.0
O007795,P022,1,54.0
O007795,P017,2,58.0
O007796,P008,1,72.0
O007796,P013,1,32.0
O007796,P021,1,62.0
O007796,P014,1,118.0
O007797,P019,1,19.0
O007797,P016,1,36.0
O007798,P017,1,58.0
O007799,P013,1,32.0
O007799,P015,1,76.0
O007799,P018,1,24.0
O007800,P019,1,19.0
O007801,P005,1,48.0
O007802,P011,2,55.0
O007802,P009,3,35.0
O007803,P023,1,98.0
O007803,P015,1,76.0
O007803,P010,1,39.0
O007804,P010,1,39.0
O007805,P005,1,48.0
O007805,P001,1,129.0
O007806,P019,1,19.0
O007806,P002,1,169.0
O007807,P021,2,62.0
O007808,P006,1,22.0
O007809,P018,1,24.0
O007810,P010,1,39.0
O007810,P013,1,32.0
O007811,P003,1,89.0
O007812,P008,1,72.0
O007812,P002,1,169.0
O007812,P012,2,20.0
O007812,P016,1,36.0
O007813,P009,1,35.0
O007814,P001,1,129.0
O007815,P010,2,39.0
O007816,P016,1,36.0
O007816,P020,1,28.0
O007817,P007,1,41.0
O007817,P012,1,20.0
O007817,P021,1,62.0
O007818,P018,1,24.0
O007818,P003,1,89.0
O007819,P010,1,39.0
O007820,P017,1,58.0
O007820,P021,2,62.0
O007821,P010,1,39.0
O007821,P006,1,22.0
O007822,P006,1,22.0
O007823,P015,1,76.0
O007824,P004,3,64.0
O007824,P007,1,41.0
O007825,P018,1,24.0
O007825,P019,1,19.0
O007825,P002,1,169.0
O007825,P010,2,39.0
O007826,P015,1,76.0
O007827,P017,1,58.0
O007828,P006,2,22.0
O007829,P017,1,58.0
O007829,P012,1,20.0
O007830,P015,1,76.0
O007830,P003,1,89.0
O007830,P002,1,169.0
O007831,P002,1,169.0
O007831,P019,1,19.0
O007831,P020,1,28.0
O007832,P013,1,32.0
O007833,P017,1,58.0
O007834,P015,1,76.0
O007834,P004,1,64.0
O007834,P021,1,62.0
O007834,P010,2,39.0
O007835,P008,1,72.0
O007836,P017,2,58.0
O007836,P012,1,20.0
O007836,P015,1,76.0
O007837,P010,1,39.0
O007837,P006,2,22.0
O007838,P009,1,35.0
O007839,P006,1,22.0
O007840,P021,1,62.0
O007841,P013,1,32.0
O007841,P016,1,36.0
O007841,P018,1,24.0
O007841,P022,1,54.0
O007842,P006,1,22.0
O007842,P019,1,19.0
O007842,P012,1,20.0
O007843,P007,1,41.0
O007844,P014,1,118.0
O007845,P008,1,72.0
O007846,P018,1,24.0
O007846,P009,1,35.0
O007846,P013,1,32.0
O007846,P006,1,22.0
O007847,P002,1,169.0
O007848,P005,1,48.0
O007848,P008,1,72.0
O007848,P006,1,22.0
O007848,P007,2,41.0
O007849,P018,1,24.0
O007849,P015,1,76.0
O007849,P005,1,48.0
O007849,P013,1,32.0
O007850,P016,1,36.0
O007851,P003,3,89.0
O007851,P017,1,58.0
O007851,P018,1,24.0
O007852,P019,1,19.0
O007853,P023,1,98.0
O007853,P009,1,35.0
O007854,P021,1,62.0
O007854,P012,2,20.0
O007855,P007,1,41.0
O007855,P012,1,20.0
O007856,P013,1,32.0
O007857,P006,1,22.0
O007857,P023,1,98.0
O007858,P013,1,32.0
O007859,P004,1,64.0
O007860,P017,1,58.0
O007861,P021,1,62.0
O007862,P009,1,35.0
O007862,P013,1,32.0
O007863,P015,1,76.0
O007864,P006,1,22.0
O007865,P021,1,62.0
O007865,P009,3,35.0
O007865,P006,1,22.0
O007866,P009,3,35.0
O007867,P016,1,36.0
O007868,P017,2,58.0
O007869,P004,1,64.0
O007870,P009,2,35.0
O007870,P002,1,169.0
O007871,P019,1,19.0
O007871,P010,1,39.0
O007871,P004,3,64.0
O007871,P018,1,24.0
O007872,P005,1,48.0
O007873,P015,1,76.0
O007874,P002,1,169.0
O007874,P003,1,89.0
O007875,P001,1,129.0
O007875,P003,1,89.0
O007875,P022,1,54.0
O007876,P018,2,24.0
O007877,P011,1,55.0
O007878,P013,1,32.0
O007879,P019,1,19.0
O007879,P015,1,76.0
O007879,P004,1,64.0
O007880,P016,1,36.0
O007881,P018,1,24.0
O007882,P002,3,169.0
O007883,P003,1,89.0
O007884,P018,1,24.0
O007885,P011,1,55.0
O007886,P006,1,22.0
O007886,P023,1,98.0
O007887,P016,2,36.0
O007887,P008,1,72.0
O007887,P021,1,62.0
O007888,P003,1,89.0
O007888,P006,1,22.0
O007888,P023,1,98.0
O007889,P001,1,129.0
O007890,P018,1,24.0
O007890,P002,1,169.0
O007891,P003,1,89.0
O007892,P002,3,169.0
O007893,P012,1,20.0
O007894,P005,1,48.0
O007895,P004,3,64.0
O007896,P001,1,129.0
O007896,P006,1,22.0
O007897,P017,1,58.0
O007897,P023,1,98.0
O007897,P021,1,62.0
O007898,P019,1,19.0
O007899,P018,1,24.0
O007899,P023,1,98.0
O007899,P006,1,22.0
O007900,P012,1,20.0
O007901,P019,1,19.0
O007901,P014,2,118.0
O007901,P001,1,129.0
O007901,P012,1,20.0
O007902,P023,1,98.0
O007903,P016,1,36.0
O007904,P018,2,24.0
O007905,P012,1,20.0
O007906,P013,1,32.0
O007907,P016,1,36.0
O007908,P004,1,64.0
O007908,P009,-1,35.0
O007908,P005,1,48.0
O007909,P006,2,22.0
O007909,P001,1,129.0
O007909,P013,1,32.0
O007910,P012,1,20.0
O007911,P021,1,62.0
O007911,P004,1,64.0
O007912,P002,1,169.0
O007913,P018,1,24.0
O007914,P013,1,32.0
O007915,P014,1,118.0
O007915,P006,2,22.0
O007916,P022,1,54.0
O007917,P019,1,19.0
O007918,P007,1,41.0
O007919,P018,1,24.0
O007920,P008,1,72.0
O007921,P014,2,118.0
O007921,P015,1,76.0
O007921,P018,1,24.0
O007922,P004,1,64.0
O007922,P010,1,39.0
O007922,P012,1,20.0
O007923,P005,1,48.0
O007924,P013,1,32.0
O007924,P009,1,35.0
O007925,P006,1,22.0
O007926,P015,1,76.0
O007926,P001,1,129.0
O007927,P016,1,36.0
O007928,P005,1,48.0
O007928,P004,1,64.0
O007929,P013,1,32.0
O007929,P009,1,35.0
O007929,P002,1,169.0
O007929,P023,1,98.0
O007930,P016,1,36.0
O007931,P017,1,58.0
O007932,P013,2,32.0
O007933,P013,1,32.0
O007933,P018,1,24.0
O007933,P004,1,64.0
O007934,P013,2,32.0
O007935,P011,1,55.0
O007935,P016,1,36.0
O007935,P004,1,64.0
O007936,P006,2,22.0
O007936,P022,1,54.0
O007937,P007,1,41.0
O007938,P018,2,24.0
O007939,P023,1,98.0
O007940,P006,1,22.0
O007941,P021,1,62.0
O007942,P006,2,22.0
O007942,P015,1,76.0
O007943,P016,2,36.0
O007943,P020,1,28.0
O007944,P021,1,62.0
O007945,P013,1,32.0
O007945,P017,1,58.0
O007945,P011,1,55.0
O007946,P004,1,64.0
O007946,P018,2,24.0
O007947,P009,1,35.0
O007947,P016,1,36.0
O007948,P005,1,48.0
O007949,P009,1,35.0
O007949,P021,1,62.0
O007949,P006,1,22.0
O007949,P004,1,64.0
O007950,P004,1,64.0
O007951,P018,1,24.0
O007952,P004,1,64.0
O007953,P018,1,24.0
O007953,P014,1,118.0
O007954,P015,1,76.0
O007954,P006,1,22.0
O007955,P014,1,118.0
O007955,P023,1,98.0
O007955,P006,1,22.0
O007956,P007,2,41.0
O007957,P020,2,28.0
O007958,P003,1,89.0
O007959,P003,1,89.0
O007960,P014,1,118.0
O007961,P022,1,54.0
O007961,P016,2,36.0
O007962,P003,1,89.0
O007963,P018,3,24.0
O007963,P007,1,41.0
O007964,P005,1,48.0
O007965,P006,1,22.0
O007966,P006,1,22.0
O007966,P016,1,36.0
O007967,P008,1,72.0
O007967,P003,1,89.0
O007968,P013,2,32.0
O007969,P015,1,76.0
O007970,P020,1,28.0
O007971,P020,1,28.0
O007971,P003,2,89.0
O007971,P022,1,54.0
O007972,P023,1,98.0
O007973,P018,1,24.0
O007974,P013,1,32.0
O007975,P013,1,32.0
O007976,P005,2,48.0
O007977,P018,1,24.0
O007977,P015,1,76.0
O007978,P022,1,54.0
O007978,P018,1,24.0
O007979,P011,1,55.0
O007980,P003,1,89.0
O007981,P009,1,35.0
O007982,P019,1,19.0
O007982,P002,2,169.0
O007982,P015,1,76.0
O007983,P018,1,24.0
O007984,P006,1,22.0
O007985,P008,1,72.0
O007985,P013,2,32.0
O007986,P015,1,76.0
O007987,P015,1,76.0
O007988,P004,1,64.0
O007989,P017,1,58.0
O007990,P009,1,35.0
O007991,P007,2,41.0
O007992,P017,1,58.0
O007993,P014,1,118.0
O007994,P001,1,129.0
O007994,P014,1,118.0
O007995,P005,1,48.0
O007996,P001,1,129.0
O007996,P010,1,39.0
O007996,P018,1,24.0
O007996,P013,1,32.0
O007997,P017,1,58.0
O007998,P001,1,129.0
O007998,P020,1,28.0
O007999,P015,1,76.0
O008000,P021,1,62.0
O008000,P008,1,72.0
O008000,P012,1,20.0
O008001,P018,1,24.0
O008002,P004,1,64.0
O008003,P004,1,64.0
O008004,P001,1,129.0
O008005,P018,1,24.0
O008006,P006,2,22.0
O008007,P023,2,98.0
O008008,P018,1,24.0
O008009,P001,1,129.0
O008009,P023,1,98.0
O008009,P006,1,22.0
O008010,P013,1,32.0
O008011,P017,1,58.0
O008012,P006,2,22.0
O008013,P009,1,35.0
O008014,P013,1,32.0
O008014,P015,2,76.0
O008015,P018,2,24.0
O008015,P006,1,22.0
O008015,P017,2,58.0
O008016,P013,1,32.0
O008017,P016,1,36.0
O008017,P013,0,32.0
O008018,P008,1,72.0
O008018,P005,1,48.0
O008019,P022,1,54.0
O008019,P002,1,169.0
O008020,P022,1,54.0
O008020,P013,1,32.0
O008021,P001,1,129.0
O008021,P016,2,36.0
O008021,P018,2,24.0
O008022,P006,1,22.0
O008022,P018,1,24.0
O008023,P020,1,28.0
O008024,P017,1,58.0
O008025,P004,1,64.0
O008026,P014,1,118.0
O008026,P022,1,54.0
O008027,P006,1,22.0
O008028,P021,1,62.0
O008029,P003,1,89.0
O008029,P013,2,32.0
O008030,P003,2,89.0
O008031,P017,1,58.0
O008032,P018,1,24.0
O008032,P003,2,89.0
O008033,P006,3,22.0
O008034,P006,1,22.0
O008035,P015,1,76.0
O008035,P004,1,64.0
O008036,P017,1,58.0
O008036,P018,1,24.0
O008037,P020,1,28.0
O008037,P022,1,54.0
O008038,P021,1,62.0
O008039,P001,1,129.0
O008040,P011,1,55.0
O008041,P004,1,64.0
O008042,P006,1,22.0
O008043,P010,1,39.0
O008044,P017,1,58.0
O008045,P017,1,58.0
O008045,P016,1,36.0
O008046,P016,1,36.0
O008046,P001,1,129.0
O008046,P004,2,64.0
O008047,P005,1,48.0
O008047,P017,1,58.0
O008047,P015,3,76.0
O008048,P014,1,118.0
O008049,P004,1,64.0
O008049,P013,1,32.0
O008050,P016,2,36.0
O008051,P021,1,62.0
O008052,P009,1,35.0
O008052,P023,2,98.0
O008053,P008,1,72.0
O008054,P006,1,22.0
O008055,P015,1,76.0
O008056,P001,1,129.0
O008057,P018,1,24.0
O008058,P004,1,64.0
O008059,P016,1,36.0
O008060,P006,1,22.0
O008061,P018,1,24.0
O008062,P006,1,22.0
O008063,P018,1,24.0
O008064,P008,1,72.0
O008065,P001,-1,129.0
O008065,P020,1,28.0
O008066,P010,1,39.0
O008067,P021,1,62.0
O008067,P014,1,118.0
O008068,P013,1,32.0
O008068,P006,1,22.0
O008068,P015,2,76.0
O008069,P017,1,58.0
O008070,P005,1,48.0
O008071,P007,1,41.0
O008071,P022,1,54.0
O008071,P017,1,58.0
O008072,P006,1,22.0
O008072,P001,1,129.0
O008073,P004,1,64.0
O008073,P022,1,54.0
O008073,P016,1,36.0
O008073,P014,2,118.0
O008074,P013,1,32.0
O008075,P004,1,64.0
O008076,P018,1,24.0
O008077,P010,1,39.0
O008078,P013,2,32.0
O008079,P007,1,41.0
O008080,P012,2,20.0
O008081,P015,1,76.0
O008082,P015,2,76.0
O008082,P004,1,64.0
O008083,P015,1,76.0
O008084,P001,2,129.0
O008084,P012,2,20.0
O008084,P018,1,24.0
O008084,P016,1,36.0
O008085,P005,1,48.0
O008085,P016,1,36.0
O008085,P012,1,20.0
O008086,P006,1,22.0
O008086,P017,1,58.0
O008087,P017,1,58.0
O008087,P008,1,72.0
O008088,P017,1,58.0
O008088,P020,1,28.0
O008089,P011,1,55.0
O008090,P002,1,169.0
O008091,P004,1,64.0
O008092,P020,1,28.0
O008092,P003,1,89.0
O008093,P021,3,62.0
O008094,P008,1,72.0
O008094,P009,1,35.0
O008095,P006,1,22.0
O008095,P001,1,129.0
O008096,P018,1,24.0
O008097,P011,1,55.0
O008097,P017,1,58.0
O008097,P016,1,36.0
O008098,P014,1,118.0
O008099,P019,1,19.0
O008100,P006,1,22.0
O008101,P006,1,22.0
O008102,P019,1,19.0
O008102,P002,1,169.0
O008103,P016,1,36.0
O008104,P003,1,89.0
O008104,P015,1,76.0
O008105,P015,1,76.0
O008106,P002,1,169.0
O008107,P013,1,32.0
O008108,P004,1,64.0
O008109,P008,1,72.0
O008109,P004,1,64.0
O008110,P001,1,129.0
O008111,P006,2,22.0
O008111,P004,1,64.0
O008112,P003,3,89.0
O008112,P011,1,55.0
O008113,P021,3,62.0
O008114,P013,1,32.0
O008115,P009,1,35.0
O008116,P022,1,54.0
O008116,P003,1,89.0
O008116,P009,1,35.0
O008117,P012,1,20.0
O008118,P003,1,89.0
O008119,P012,1,20.0
O008119,P022,1,54.0
O008120,P007,1,41.0
O008120,P016,1,36.0
O008120,P018,2,24.0
O008120,P006,2,22.0
O008121,P001,1,129.0
O008122,P003,1,89.0
O008122,P004,2,64.0
O008123,P023,1,98.0
O008124,P005,2,48.0
O008124,P021,1,62.0
O008124,P001,1,129.0
O008125,P014,2,118.0
O008125,P002,1,169.0
O008126,P012,2,20.0
O008126,P019,1,19.0
O008126,P009,2,35.0
O008127,P001,1,129.0
O008128,P018,1,24.0
O008128,P002,2,169.0
O008128,P004,2,64.0
O008129,P016,1,36.0
O008129,P008,1,72.0
O008129,P012,1,20.0
O008130,P006,1,22.0
O008131,P017,1,58.0
O008132,P020,2,28.0
O008133,P016,1,36.0
O008134,P001,1,129.0
O008135,P002,1,169.0
O008136,P015,2,76.0
O008136,P001,2,129.0
O008136,P006,1,22.0
O008136,P016,1,36.0
O008137,P021,1,62.0
O008138,P017,1,58.0
O008139,P010,1,39.0
O008139,P008,1,72.0
O008140,P005,1,48.0
O008141,P022,1,54.0
O008142,P016,1,36.0
O008143,P006,1,22.0
O008144,P017,2,58.0
O008145,P006,1,22.0
O008146,P003,1,89.0
O008146,P017,3,58.0
O008147,P018,1,24.0
O008148,P004,1,64.0
O008148,P005,1,48.0
O008149,P017,1,58.0
O008150,P018,2,24.0
O008151,P006,1,22.0
O008151,P005,1,48.0
O008152,P001,1,129.0
O008152,P006,1,22.0
O008153,P004,1,64.0
O008153,P006,1,22.0
O008153,P022,1,54.0
O008153,P014,1,118.0
O008154,P003,1,89.0
O008154,P008,1,72.0
O008154,P019,1,19.0
O008155,P017,1,58.0
O008156,P021,1,62.0
O008156,P012,1,20.0
O008157,P010,2,39.0
O008157,P009,1,35.0
O008157,P018,2,24.0
O008158,P016,1,36.0
O008159,P005,2,48.0
O008159,P008,1,72.0
O008160,P021,1,62.0
O008161,P023,1,98.0
O008161,P022,1,54.0
O008162,P018,1,24.0
O008163,P022,1,54.0
O008164,P021,1,62.0
O008165,P018,1,24.0
O008166,P001,3,129.0
O008166,P006,1,22.0
O008167,P011,2,55.0
O008168,P005,1,48.0
O008168,P023,1,98.0
O008169,P012,1,20.0
O008170,P018,1,24.0
O008171,P001,1,129.0
O008171,P023,1,98.0
O008172,P001,1,129.0
O008173,P001,1,129.0
O008173,P003,1,89.0
O008174,P011,1,55.0
O008175,P003,1,89.0
O008175,P023,1,98.0
O008176,P012,1,20.0
O008177,P015,1,76.0
O008178,P006,1,22.0
O008178,P002,2,169.0
O008179,P013,1,32.0
O008179,P016,1,36.0
O008179,P018,1,24.0
O008179,P007,1,41.0
O008180,P006,1,22.0
O008180,P014,1,118.0
O008181,P005,1,48.0
O008181,P004,1,64.0
O008182,P016,1,36.0
O008183,P014,1,118.0
O008184,P012,3,20.0
O008184,P016,2,36.0
O008185,P016,1,36.0
O008185,P017,1,58.0
O008186,P001,1,129.0
O008186,P020,1,28.0
O008186,P021,3,62.0
O008187,P001,1,129.0
O008187,P012,1,20.0
O008187,P011,1,55.0
O008187,P017,1,58.0
O008188,P017,1,58.0
O008189,P005,1,48.0
O008189,P008,1,72.0
O008190,P018,1,24.0
O008190,P006,1,22.0
O008190,P015,1,76.0
O008191,P014,1,118.0
O008191,P006,1,22.0
O008192,P013,1,32.0
O008193,P022,1,54.0
O008194,P009,1,35.0
O008194,P006,1,22.0
O008194,P004,1,64.0
O008195,P004,2,64.0
O008195,P016,1,36.0
O008196,P002,1,169.0
O008196,P016,1,36.0
O008197,P019,1,19.0
O008198,P004,3,64.0
O008199,P019,2,19.0
O008200,P014,1,118.0
O008200,P012,1,20.0
O008201,P001,2,129.0
O008201,P021,1,62.0
O008202,P012,1,20.0
O008203,P011,1,55.0
O008203,P023,1,98.0
O008203,P018,1,24.0
O008204,P013,1,32.0
O008205,P018,1,24.0
O008205,P016,1,36.0
O008206,P013,1,32.0
O008207,P005,1,48.0
O008208,P010,1,39.0
O008209,P021,2,62.0
O008210,P013,1,32.0
O008210,P020,1,28.0
O008211,P021,1,62.0
O008211,P018,1,24.0
O008212,P005,1,48.0
O008212,P006,1,22.0
O008213,P005,3,48.0
O008214,P023,1,98.0
O008215,P007,1,41.0
O008215,P016,1,36.0
O008215,P006,1,22.0
O008216,P021,1,62.0
O008216,P016,1,36.0
O008216,P006,1,22.0
O008217,P010,2,39.0
O008217,P022,1,54.0
O008218,P004,1,64.0
O008218,P009,1,35.0
O008218,P006,1,22.0
O008218,P013,2,32.0
O008219,P018,1,24.0
O008220,P003,1,89.0
O008220,P016,1,36.0
O008220,P006,1,22.0
O008221,P006,1,22.0
O008221,P013,1,32.0
O008222,P013,1,32.0
O008223,P014,2,118.0
O008224,P019,1,19.0
O008225,P006,2,22.0
O008226,P001,1,129.0
O008227,P006,1,22.0
O008228,P020,3,28.0
O008229,P013,1,32.0
O008230,P008,3,72.0
O008231,P016,1,36.0
O008231,P021,1,62.0
O008232,P023,1,98.0
O008233,P008,1,72.0
O008234,P012,2,20.0
O008234,P001,1,129.0
O008234,P009,1,35.0
O008235,P018,2,24.0
O008236,P018,1,24.0
O008236,P004,1,64.0
O008237,P010,1,39.0
O008238,P001,1,129.0
O008239,P018,1,24.0
O008240,P013,1,32.0
O008241,P008,1,72.0
O008242,P018,1,24.0
O008242,P010,1,39.0
O008243,P012,1,20.0
O008244,P017,1,58.0
O008244,P006,1,22.0
O008245,P005,1,48.0
O008246,P004,1,64.0
O008246,P016,1,36.0
O008247,P016,1,36.0
O008248,P014,2,118.0
O008249,P019,1,19.0
O008250,P019,1,19.0
O008250,P015,1,76.0
O008251,P005,1,48.0
O008252,P002,1,169.0
O008253,P019,2,19.0
O008254,P023,1,98.0
O008255,P005,1,48.0
O008255,P021,1,62.0
O008256,P001,1,129.0
O008256,P013,1,32.0
O008257,P010,2,39.0
O008257,P013,1,32.0
O008258,P004,2,64.0
O008259,P010,1,39.0
O008260,P004,1,64.0
O008261,P014,1,118.0
O008261,P015,1,76.0
O008261,P011,1,55.0
O008261,P003,1,89.0
O008262,P011,1,55.0
O008263,P006,3,22.0
O008263,P004,1,64.0
O008264,P008,1,72.0
O008265,P008,1,72.0
O008266,P004,1,64.0
O008266,P016,1,36.0
O008266,P009,2,35.0
O008267,P012,2,20.0
O008267,P016,1,36.0
O008268,P015,1,76.0
O008268,P006,1,22.0
O008269,P001,1,129.0
O008270,P014,1,118.0
O008270,P018,3,24.0
O008271,P018,1,24.0
O008272,P013,2,32.0
O008273,P005,1,48.0
O008273,P008,1,72.0
O008273,P017,1,58.0
O008273,P013,2,32.0
O008274,P004,1,64.0
O008274,P018,2,24.0
O008275,P015,1,76.0
O008275,P006,1,22.0
O008276,P007,1,41.0
O008277,P006,1,22.0
O008277,P015,1,76.0
O008277,P003,1,89.0
O008277,P018,1,24.0
O008278,P006,1,22.0
O008279,P015,1,76.0
O008280,P021,1,62.0
O008280,P019,1,19.0
O008280,P015,1,76.0
O008281,P002,3,169.0
O008282,P018,1,24.0
O008282,P020,1,28.0
O008283,P023,1,98.0
O008284,P016,1,36.0
O008284,P020,1,28.0
O008284,P021,1,62.0
O008285,P012,1,20.0
O008285,P019,1,19.0
O008286,P023,1,98.0
O008286,P001,1,129.0
O008287,P013,1,32.0
O008288,P019,1,19.0
O008288,P004,1,64.0
O008288,P023,1,98.0
O008288,P005,1,48.0
O008289,P023,1,98.0
O008290,P006,1,22.0
O008290,P018,1,24.0
O008291,P021,1,62.0
O008292,P004,1,64.0
O008293,P005,1,48.0
O008293,P014,2,118.0
O008294,P006,1,22.0
O008294,P017,1,58.0
O008295,P018,1,24.0
O008296,P002,1,169.0
O008297,P004,1,64.0
O008298,P009,2,35.0
O008299,P015,1,76.0
O008299,P013,1,32.0
O008300,P008,1,72.0
O008301,P006,1,22.0
O008302,P013,1,32.0
O008302,P008,1,72.0
O008302,P007,1,41.0
O008303,P015,2,76.0
O008303,P013,1,32.0
O008304,P023,2,98.0
O008304,P001,1,129.0
O008304,P017,1,58.0
O008304,P016,1,36.0
O008305,P023,1,98.0
O008306,P018,1,24.0
O008307,P012,1,20.0
O008308,P017,1,58.0
O008308,P021,2,62.0
O008308,P009,1,35.0
O008309,P007,1,41.0
O008309,P006,1,22.0
O008309,P018,2,24.0
O008310,P009,2,35.0
O008311,P018,1,24.0
O008312,P012,1,20.0
O008313,P007,1,41.0
O008314,P009,1,35.0
O008314,P004,1,64.0
O008315,P009,1,35.0
O008315,P018,1,24.0
O008316,P018,1,24.0
O008316,P014,2,118.0
O008317,P016,1,36.0
O008318,P013,1,32.0
O008319,P018,1,24.0
O008320,P002,1,169.0
O008321,P001,1,129.0
O008321,P013,1,32.0
O008321,P004,1,64.0
O008322,P023,3,98.0
O008323,P015,1,76.0
O008324,P017,1,58.0
O008324,P023,1,98.0
O008325,P001,1,129.0
O008325,P019,1,19.0
O008325,P016,3,36.0
O008326,P021,1,62.0
O008327,P006,1,22.0
O008327,P008,1,72.0
O008328,P007,1,41.0
O008329,P013,1,32.0
O008330,P017,1,58.0
O008330,P006,1,22.0
O008331,P007,1,41.0
O008332,P018,1,24.0
O008333,P006,1,22.0
O008334,P005,1,48.0
O008335,P018,3,24.0
O008335,P006,1,22.0
O008336,P006,1,22.0
O008336,P004,1,64.0
O008337,P018,1,24.0
O008338,P016,1,36.0
O008338,P015,1,76.0
O008338,P018,1,24.0
O008339,P016,1,36.0
O008340,P016,1,36.0
O008340,P021,1,62.0
O008341,P023,1,98.0
O008342,P021,1,62.0
O008342,P009,1,35.0
O008343,P006,1,22.0
O008343,P018,2,24.0
O008344,P004,1,64.0
O008344,P012,1,20.0
O008345,P010,1,39.0
O008346,P018,1,24.0
O008347,P014,1,118.0
O008347,P003,1,89.0
O008347,P018,1,24.0
O008348,P018,1,24.0
O008349,P007,1,41.0
O008349,P014,1,118.0
O008349,P006,1,22.0
O008349,P001,2,129.0
O008350,P019,1,19.0
O008350,P003,1,89.0
O008351,P002,1,169.0
O008351,P010,2,39.0
O008352,P018,2,24.0
O008353,P018,1,24.0
O008354,P023,2,98.0
O008355,P018,1,24.0
O008356,P014,1,118.0
O008357,P004,1,64.0
O008358,P009,2,35.0
O008358,P017,1,58.0
O008359,P010,1,39.0
O008360,P008,1,72.0
O008360,P005,1,48.0
O008361,P013,2,32.0
O008361,P010,1,39.0
O008361,P018,1,24.0
O008361,P016,1,36.0
O008362,P016,1,36.0
O008362,P004,1,64.0
O008362,P020,1,28.0
O008363,P015,1,76.0
O008364,P023,1,98.0
O008364,P011,1,55.0
O008365,P018,1,24.0
O008366,P001,2,129.0
O008367,P017,1,58.0
O008368,P001,2,129.0
O008368,P013,1,32.0
O008368,P003,2,89.0
O008369,P016,1,36.0
O008370,P012,2,20.0
O008370,P018,1,24.0
O008371,P005,1,48.0
O008372,P006,1,22.0
O008373,P009,1,35.0
O008374,P008,1,72.0
O008374,P016,1,36.0
O008375,P016,1,36.0
O008375,P014,1,118.0
O008376,P010,1,39.0
O008377,P017,1,58.0
O008377,P023,1,98.0
O008378,P016,1,36.0
O008379,P018,2,24.0
O008380,P004,1,64.0
O008381,P006,2,22.0
O008382,P023,1,98.0
O008382,P015,1,76.0
O008383,P003,1,89.0
O008384,P001,1,129.0
O008385,P001,1,129.0
O008386,P017,2,58.0
O008386,P012,1,20.0
O008387,P002,1,169.0
O008387,P009,1,35.0
O008388,P008,2,72.0
O008388,P015,1,76.0
O008389,P021,1,62.0
O008389,P001,1,129.0
O008390,P015,1,76.0
O008391,P006,2,22.0
O008391,P018,1,24.0
O008392,P006,1,22.0
O008392,P018,1,24.0
O008393,P004,1,64.0
O008393,P013,1,32.0
O008394,P021,1,62.0
O008395,P018,1,24.0
O008396,P021,1,62.0
O008396,P005,1,48.0
O008397,P020,1,28.0
O008398,P023,1,98.0
O008399,P018,1,24.0
O008400,P017,2,58.0
O008401,P001,1,129.0
O008401,P022,1,54.0
O008402,P023,1,98.0
O008402,P013,1,32.0
O008402,P012,1,20.0
O008403,P023,2,98.0
O008403,P018,1,24.0
O008404,P006,1,22.0
O008405,P001,1,129.0
O008406,P006,1,22.0
O008407,P017,2,58.0
O008407,P006,1,22.0
O008408,P015,1,76.0
O008408,P003,1,89.0
O008409,P018,1,24.0
O008410,P014,1,118.0
O008411,P011,3,55.0
O008412,P012,1,20.0
O008413,P019,1,19.0
O008414,P018,1,24.0
O008415,P016,1,36.0
O008416,P005,1,48.0
O008416,P004,3,64.0
O008417,P021,1,62.0
O008418,P019,1,19.0
O008418,P008,2,72.0
O008418,P004,1,64.0
O008418,P005,1,48.0
O008419,P006,3,22.0
O008420,P009,1,35.0
O008421,P017,1,58.0
O008422,P015,1,76.0
O008423,P012,1,20.0
O008423,P017,1,58.0
O008424,P017,1,58.0
O008425,P008,1,72.0
O008425,P013,1,32.0
O008426,P011,1,55.0
O008427,P008,1,72.0
O008427,P003,2,89.0
O008428,P006,1,22.0
O008429,P018,1,24.0
O008429,P016,1,36.0
O008429,P022,1,54.0
O008429,P004,2,64.0
O008430,P001,2,129.0
O008431,P015,1,76.0
O008432,P021,1,62.0
O008433,P011,1,55.0
O008434,P008,1,72.0
O008434,P016,1,36.0
O008435,P013,1,32.0
O008435,P016,1,36.0
O008435,P001,1,129.0
O008436,P009,1,35.0
O008436,P003,1,89.0
O008437,P018,1,24.0
O008438,P018,1,24.0
O008439,P006,1,22.0
O008440,P023,2,98.0
O008440,P016,1,36.0
O008441,P015,1,76.0
O008442,P014,2,118.0
O008442,P001,1,129.0
O008443,P008,2,72.0
O008443,P004,1,64.0
O008443,P016,1,36.0
O008444,P019,1,19.0
O008444,P010,1,39.0
O008444,P012,1,20.0
O008445,P008,1,72.0
O008446,P002,1,169.0
O008447,P017,2,58.0
O008448,P021,1,62.0
O008449,P013,1,32.0
O008450,P018,1,24.0
O008450,P001,1,129.0
O008451,P014,1,118.0
O008451,P017,1,58.0
O008452,P016,1,36.0
O008453,P014,3,118.0
O008454,P009,3,35.0
O008455,P017,1,58.0
O008455,P004,1,64.0
O008456,P018,2,24.0
O008457,P016,1,36.0
O008457,P018,1,24.0
O008458,P011,1,55.0
O008458,P012,1,20.0
O008459,P023,1,98.0
O008460,P019,1,19.0
O008461,P011,3,55.0
O008462,P015,1,76.0
O008463,P020,1,28.0
O008463,P010,1,39.0
O008463,P003,2,89.0
O008464,P021,1,62.0
O008465,P009,1,35.0
O008466,P009,1,35.0
O008467,P001,1,129.0
O008468,P007,1,41.0
O008468,P009,1,35.0
O008468,P018,1,24.0
O008468,P017,2,58.0
O008469,P004,1,64.0
O008470,P004,1,64.0
O008471,P023,2,98.0
O008471,P021,3,62.0
O008472,P006,2,22.0
O008473,P019,2,19.0
O008474,P016,1,36.0
O008474,P015,1,76.0
O008475,P007,1,41.0
O008475,P006,2,22.0
O008475,P004,1,64.0
O008475,P017,1,58.0
O008476,P005,1,48.0
O008476,P017,1,58.0
O008477,P018,1,24.0
O008477,P010,1,39.0
O008478,P018,1,24.0
O008478,P019,3,19.0
O008478,P013,1,32.0
O008478,P020,1,28.0
O008479,P011,1,55.0
O008479,P008,1,72.0
O008479,P021,1,62.0
O008480,P006,1,22.0
O008481,P010,1,39.0
O008482,P019,1,19.0
O008483,P015,1,76.0
O008484,P001,1,129.0
O008484,P006,1,22.0
O008485,P006,2,22.0
O008485,P004,2,64.0
O008486,P001,1,129.0
O008487,P005,1,48.0
O008487,P014,1,118.0
O008488,P021,3,62.0
O008489,P012,1,20.0
O008489,P021,1,62.0
O008489,P015,1,76.0
O008490,P015,1,76.0
O008491,P009,1,35.0
O008491,P017,1,58.0
O008491,P010,1,39.0
O008492,P004,1,64.0
O008493,P012,1,20.0
O008494,P018,1,24.0
O008495,P004,2,
O008495,P013,1,32.0
O008496,P023,1,98.0
O008496,P004,1,64.0
O008497,P001,1,129.0
O008497,P006,1,22.0
O008498,P016,1,36.0
O008498,P008,1,72.0
O008499,P007,1,41.0
O008499,P015,1,76.0
O008500,P009,1,35.0
O008501,P012,1,20.0
O008502,P009,1,35.0
O008503,P006,1,22.0
O008504,P009,1,35.0
O008504,P013,1,32.0
O008505,P013,1,32.0
O008506,P013,1,32.0
O008507,P019,2,19.0
O008507,P001,1,129.0
O008507,P015,1,76.0
O008508,P021,1,62.0
O008508,P014,1,118.0
O008508,P013,1,32.0
O008509,P008,3,72.0
O008510,P021,1,62.0
O008511,P019,1,19.0
O008512,P006,1,22.0
O008512,P009,2,35.0
O008513,P006,1,22.0
O008514,P019,1,19.0
O008514,P016,1,36.0
O008515,P021,1,62.0
O008515,P019,1,19.0
O008515,P006,1,22.0
O008516,P013,2,32.0
O008516,P009,1,35.0
O008517,P004,1,64.0
O008518,P010,1,39.0
O008518,P017,1,58.0
O008519,P004,1,64.0
O008519,P003,1,89.0
O008519,P016,1,36.0
O008520,P014,1,118.0
O008521,P001,1,129.0
O008522,P005,1,48.0
O008523,P020,1,28.0
O008524,P004,1,64.0
O008524,P009,1,35.0
O008524,P017,1,58.0
O008525,P001,1,129.0
O008525,P016,1,36.0
O008526,P021,1,62.0
O008527,P016,1,36.0
O008528,P015,1,76.0
O008529,P012,1,20.0
O008529,P003,1,89.0
O008529,P017,1,58.0
O008529,P016,1,36.0
O008530,P010,1,39.0
O008530,P003,1,89.0
O008530,P011,2,55.0
O008530,P006,1,22.0
O008531,P013,1,32.0
O008532,P013,1,32.0
O008533,P017,0,58.0
O008534,P003,3,89.0
O008535,P011,1,55.0
O008535,P006,1,22.0
O008536,P020,1,28.0
O008537,P006,1,22.0
O008537,P009,1,35.0
O008538,P004,1,64.0
O008538,P017,3,58.0
O008539,P003,1,89.0
O008540,P019,1,19.0
O008541,P006,1,22.0
O008541,P001,1,129.0
O008541,P018,1,24.0
O008541,P011,2,55.0
O008542,P010,1,39.0
O008543,P014,1,118.0
O008544,P012,1,20.0
O008545,P004,1,64.0
O008545,P009,1,35.0
O008545,P012,1,20.0
O008545,P013,1,32.0
O008546,P004,1,64.0
O008547,P009,3,35.0
O008547,P007,1,41.0
O008548,P023,1,98.0
O008549,P013,2,32.0
O008549,P019,1,19.0
O008550,P019,1,19.0
O008550,P015,1,76.0
O008551,P020,1,28.0
O008551,P006,1,22.0
O008552,P021,1,62.0
O008553,P017,1,58.0
O008554,P011,1,55.0
O008555,P018,1,24.0
O008556,P019,1,19.0
O008556,P002,1,169.0
O008557,P009,1,35.0
O008558,P010,1,39.0
O008558,P005,2,48.0
O008558,P018,2,24.0
O008559,P019,1,19.0
O008560,P004,2,64.0
O008560,P013,1,32.0
O008560,P001,1,129.0
O008561,P016,1,36.0
O008561,P006,2,22.0
O008562,P016,1,36.0
O008563,P004,1,64.0
O008563,P013,2,32.0
O008564,P017,1,58.0
O008565,P020,1,28.0
O008566,P013,2,32.0
O008566,P018,1,24.0
O008566,P005,1,48.0
O008567,P014,1,118.0
O008568,P017,1,58.0
O008568,P012,1,20.0
O008569,P005,1,48.0
O008570,P007,2,41.0
O008570,P010,1,39.0
O008570,P005,1,48.0
O008571,P022,2,54.0
O008571,P020,1,28.0
O008572,P009,2,35.0
O008572,P012,2,20.0
O008573,P006,2,22.0
O008574,P001,1,129.0
O008574,P008,1,72.0
O008575,P017,1,58.0
O008576,P013,1,32.0
O008577,P018,1,24.0
O008577,P015,1,76.0
O008578,P021,1,62.0
O008579,P018,1,24.0
O008580,P006,1,22.0
O008580,P005,1,48.0
O008581,P012,1,20.0
O008582,P021,1,62.0
O008583,P016,1,36.0
O008584,P008,1,72.0
O008585,P018,1,24.0
O008585,P007,2,41.0
O008586,P001,1,129.0
O008587,P006,1,22.0
O008587,P008,1,72.0
O008588,P023,1,98.0
O008589,P020,1,28.0
O008590,P005,2,48.0
O008591,P015,1,76.0
O008592,P022,1,54.0
O008592,P013,1,32.0
O008592,P010,1,39.0
O008593,P007,1,41.0
O008594,P020,1,28.0
O008595,P006,2,22.0
O008596,P016,1,36.0
O008597,P006,2,22.0
O008598,P008,1,72.0
O008599,P003,1,89.0
O008600,P001,2,129.0
O008601,P018,1,24.0
O008602,P015,1,76.0
O008602,P021,1,62.0
O008603,P009,1,35.0
O008604,P004,1,64.0
O008605,P009,1,35.0
O008606,P004,3,64.0
O008606,P018,2,24.0
O008606,P016,1,36.0
O008606,P009,1,35.0
O008607,P003,1,89.0
O008607,P004,1,64.0
O008608,P002,1,169.0
O008608,P021,1,62.0
O008608,P012,2,20.0
O008608,P004,1,64.0
O008609,P015,1,76.0
O008609,P005,1,48.0
O008609,P004,1,64.0
O008609,P009,1,35.0
O008610,P006,1,22.0
O008610,P007,2,41.0
O008611,P003,1,89.0
O008612,P007,2,41.0
O008613,P015,1,76.0
O008613,P010,1,39.0
O008613,P008,1,72.0
O008614,P008,1,72.0
O008614,P013,1,32.0
O008614,P020,1,28.0
O008615,P013,1,32.0
O008616,P015,1,76.0
O008616,P019,1,19.0
O008617,P017,1,58.0
O008618,P020,1,28.0
O008619,P012,1,20.0
O008619,P016,1,36.0
O008619,P013,1,32.0
O008620,P016,1,36.0
O008620,P003,2,89.0
O008621,P015,1,76.0
O008622,P009,1,35.0
O008623,P018,1,24.0
O008623,P010,1,39.0
O008623,P019,1,19.0
O008624,P012,1,20.0
O008625,P018,1,24.0
O008626,P001,1,129.0
O008627,P011,1,55.0
O008628,P016,1,36.0
O008628,P010,1,39.0
O008629,P003,1,89.0
O008630,P018,1,24.0
O008631,P018,1,24.0
O008632,P023,1,98.0
O008633,P001,1,129.0
O008633,P002,1,169.0
O008634,P011,1,55.0
O008635,P021,1,62.0
O008636,P009,1,35.0
O008637,P005,1,48.0
O008638,P022,2,54.0
O008639,P006,2,
O008639,P016,1,36.0
O008639,P003,2,89.0
O008640,P023,1,98.0
O008640,P009,1,35.0
O008641,P016,1,36.0
O008641,P008,1,72.0
O008642,P013,1,32.0
O008643,P010,1,39.0
O008643,P016,1,36.0
O008644,P009,1,35.0
O008645,P016,2,36.0
O008645,P010,1,39.0
O008645,P018,1,24.0
O008646,P013,1,32.0
O008647,P001,3,129.0
O008648,P020,1,28.0
O008649,P013,1,32.0
O008650,P017,1,58.0
O008651,P019,1,19.0
O008652,P021,1,62.0
O008653,P017,1,58.0
O008653,P016,1,36.0
O008653,P012,1,20.0
O008654,P018,1,24.0
O008655,P015,1,76.0
O008656,P009,1,35.0
O008657,P010,1,39.0
O008658,P014,1,118.0
O008658,P018,1,24.0
O008658,P013,1,32.0
O008659,P016,1,36.0
O008659,P009,1,35.0
O008660,P015,1,76.0
O008661,P014,1,118.0
O008662,P015,3,76.0
O008663,P021,1,62.0
O008663,P017,1,58.0
O008664,P003,2,89.0
O008664,P020,3,28.0
O008665,P017,1,58.0
O008666,P017,1,58.0
O008666,P001,1,129.0
O008667,P002,1,169.0
O008668,P008,1,72.0
O008669,P005,1,48.0
O008670,P016,1,36.0
O008671,P006,1,22.0
O008672,P005,1,48.0
O008673,P006,1,22.0
O008674,P011,1,55.0
O008675,P013,2,32.0
O008676,P015,1,76.0
O008677,P013,1,32.0
O008678,P003,1,89.0
O008678,P004,1,64.0
O008679,P019,2,19.0
O008680,P015,1,76.0
O008680,P006,1,22.0
O008681,P023,1,98.0
O008681,P001,1,129.0
O008682,P006,3,22.0
O008683,P004,1,64.0
O008683,P001,1,129.0
O008684,P014,1,118.0
O008685,P016,1,36.0
O008686,P019,1,19.0
O008686,P017,1,58.0
O008687,P015,1,76.0
O008688,P006,1,22.0
O008689,P023,2,98.0
O008689,P016,1,36.0
O008689,P008,1,72.0
O008690,P004,1,64.0
O008690,P005,1,48.0
O008691,P012,1,20.0
O008692,P017,1,58.0
O008692,P019,1,19.0
O008692,P012,1,20.0
O008693,P016,3,36.0
O008694,P019,1,19.0
O008694,P006,3,22.0
O008694,P007,1,41.0
O008695,P009,1,35.0
O008695,P002,1,169.0
O008696,P020,1,28.0
O008697,P001,1,129.0
O008698,P004,1,64.0
O008698,P008,1,72.0
O008698,P002,2,169.0
O008699,P004,1,64.0
O008699,P003,1,89.0
O008700,P003,1,89.0
O008701,P017,1,58.0
O008701,P016,1,36.0
O008702,P019,1,19.0
O008703,P016,1,36.0
O008703,P012,1,20.0
O008704,P013,1,32.0
O008705,P023,1,98.0
O008706,P001,1,129.0
O008706,P003,1,89.0
O008707,P012,1,20.0
O008708,P008,1,72.0
O008708,P004,2,64.0
O008709,P017,1,58.0
O008709,P013,1,32.0
O008710,P021,2,62.0
O008710,P003,1,89.0
O008711,P014,2,118.0
O008711,P018,1,24.0
O008712,P018,1,24.0
O008713,P010,1,39.0
O008714,P019,1,19.0
O008714,P012,1,20.0
O008715,P015,1,76.0
O008715,P006,2,22.0
O008716,P016,1,36.0
O008716,P015,1,76.0
O008717,P018,1,24.0
O008718,P009,1,35.0
O008718,P011,1,55.0
O008718,P006,1,22.0
O008719,P016,2,36.0
O008719,P023,2,98.0
O008720,P017,1,58.0
O008721,P023,1,98.0
O008722,P014,1,118.0
O008723,P003,1,89.0
O008723,P016,2,36.0
O008724,P015,2,76.0
O008725,P016,1,36.0
O008726,P007,1,41.0
O008727,P013,1,32.0
O008727,P014,1,118.0
O008728,P015,1,76.0
O008729,P021,1,62.0
O008730,P016,1,36.0
O008731,P017,1,58.0
O008732,P015,1,76.0
O008732,P002,1,169.0
O008733,P012,3,20.0
O008733,P011,1,55.0
O008733,P009,1,35.0
O008734,P018,1,24.0
O008735,P012,1,20.0
O008736,P016,2,36.0
O008736,P023,1,98.0
O008736,P001,1,129.0
O008737,P013,1,32.0
O008737,P009,1,35.0
O008738,P019,1,19.0
O008739,P008,1,72.0
O008740,P009,2,35.0
O008741,P006,1,22.0
O008741,P010,3,39.0
O008742,P018,1,24.0
O008743,P005,1,48.0
O008744,P023,1,98.0
O008745,P013,1,32.0
O008745,P001,1,129.0
O008745,P018,2,24.0
O008746,P009,1,35.0
O008747,P015,1,76.0
O008747,P014,1,118.0
O008747,P016,1,36.0
O008748,P021,1,62.0
O008749,P001,1,129.0
O008750,P018,1,24.0
O008751,P018,1,24.0
O008752,P012,1,20.0
O008752,P004,1,64.0
O008752,P015,1,76.0
O008752,P008,1,72.0
O008753,P017,1,58.0
O008754,P021,1,62.0
O008755,P006,1,22.0
O008756,P018,2,24.0
O008757,P023,1,98.0
O008758,P004,1,64.0
O008758,P012,1,20.0
O008759,P007,1,41.0
O008760,P011,1,55.0
O008761,P017,1,58.0
O008761,P021,1,62.0
O008761,P014,1,118.0
O008761,P016,1,36.0
O008762,P001,1,129.0
O008763,P017,1,58.0
O008764,P015,1,76.0
O008765,P005,1,48.0
O008765,P021,1,62.0
O008765,P009,2,35.0
O008766,P013,1,32.0
O008767,P012,1,20.0
O008768,P004,1,64.0
O008769,P006,1,22.0
O008770,P001,1,129.0
O008771,P015,1,76.0
O008772,P011,1,55.0
O008773,P009,3,35.0
O008774,P017,1,58.0
O008775,P015,2,76.0
O008775,P006,1,22.0
O008776,P015,1,76.0
O008777,P021,1,62.0
O008777,P002,1,169.0
O008778,P018,1,24.0
O008779,P006,1,22.0
O008779,P003,1,89.0
O008780,P013,1,32.0
O008780,P012,1,20.0
O008781,P016,2,36.0
O008782,P001,1,129.0
O008782,P003,1,89.0
O008783,P013,1,32.0
O008784,P012,1,20.0
O008785,P008,1,72.0
O008785,P002,2,169.0
O008786,P023,1,98.0
O008787,P004,1,64.0
O008788,P014,1,118.0
O008789,P010,1,39.0
O008790,P006,1,22.0
O008791,P001,1,129.0
O008791,P018,1,24.0
O008792,P003,1,89.0
O008792,P013,1,32.0
O008793,P018,1,24.0
O008794,P016,2,36.0
O008795,P014,1,118.0
O008796,P001,1,129.0
O008797,P005,1,48.0
O008797,P019,1,19.0
O008798,P019,2,19.0
O008799,P019,2,19.0
O008799,P003,1,89.0
O008799,P018,2,24.0
O008799,P001,1,129.0
O008800,P017,2,58.0
O008801,P014,1,118.0
O008801,P018,1,24.0
O008802,P009,1,35.0
O008802,P012,1,20.0
O008802,P023,2,98.0
O008803,P018,1,24.0
O008803,P001,1,129.0
O008803,P009,1,35.0
O008804,P020,1,28.0
O008805,P018,1,24.0
O008806,P013,1,32.0
O008806,P016,1,36.0
O008807,P005,1,48.0
O008807,P017,1,58.0
O008808,P008,1,72.0
O008808,P021,1,62.0
O008809,P020,1,28.0
O008810,P015,1,76.0
O008811,P018,1,24.0
O008812,P015,1,76.0
O008813,P017,1,58.0
O008814,P008,2,72.0
O008814,P002,2,169.0
O008815,P010,1,39.0
O008815,P018,1,24.0
O008816,P004,1,64.0
O008816,P005,1,48.0
O008817,P020,2,28.0
O008818,P001,-1,129.0
O008818,P016,2,36.0
O008818,P021,1,62.0
O008819,P012,1,20.0
O008820,P013,1,32.0
O008821,P004,1,64.0
O008822,P007,1,41.0
O008822,P002,2,169.0
O008823,P008,1,72.0
O008824,P011,1,55.0
O008825,P019,1,19.0
O008825,P009,1,35.0
O008826,P006,1,22.0
O008826,P002,1,169.0
O008826,P021,1,62.0
O008827,P013,1,32.0
O008828,P009,1,35.0
O008828,P017,1,58.0
O008829,P017,1,58.0
O008830,P003,1,89.0
O008830,P014,1,118.0
O008831,P017,1,58.0
O008832,P018,1,24.0
O008832,P013,1,32.0
O008832,P001,1,129.0
O008833,P013,1,32.0
O008833,P016,2,36.0
O008834,P008,1,72.0
O008835,P017,1,58.0
O008836,P005,1,48.0
O008837,P023,1,98.0
O008838,P020,1,28.0
O008839,P016,1,36.0
O008839,P012,2,20.0
O008840,P016,2,36.0
O008841,P016,1,36.0
O008841,P004,1,64.0
O008841,P008,1,72.0
O008842,P015,2,76.0
O008843,P001,1,129.0
O008843,P008,1,72.0
O008844,P008,1,72.0
O008844,P004,1,64.0
O008845,P021,1,62.0
O008845,P022,1,54.0
O008846,P017,1,58.0
O008847,P006,1,22.0
O008848,P014,1,118.0
O008849,P005,1,48.0
O008850,P011,1,55.0
O008851,P016,1,36.0
O008851,P004,1,64.0
O008852,P003,1,89.0
O008853,P006,1,22.0
O008854,P015,1,76.0
O008854,P003,3,89.0
O008855,P018,1,24.0
O008856,P003,1,89.0
O008856,P011,1,55.0
O008856,P008,1,72.0
O008856,P018,2,24.0
O008857,P012,1,20.0
O008857,P016,1,36.0
O008858,P019,1,19.0
O008858,P006,1,22.0
O008859,P018,1,24.0
O008860,P013,1,32.0
O008860,P012,1,20.0
O008861,P018,1,24.0
O008862,P017,1,58.0
O008862,P021,1,62.0
O008863,P007,2,41.0
O008863,P023,1,98.0
O008863,P006,1,22.0
O008863,P018,1,24.0
O008864,P003,1,89.0
O008865,P012,1,20.0
O008865,P003,1,89.0
O008865,P005,1,48.0
O008865,P001,1,129.0
O008866,P013,1,32.0
O008867,P003,1,89.0
O008868,P003,1,89.0
O008868,P012,1,20.0
O008869,P018,1,24.0
O008870,P015,1,76.0
O008871,P019,1,19.0
O008872,P006,1,22.0
O008872,P015,1,76.0
O008873,P013,2,32.0
O008873,P002,1,169.0
O008874,P018,1,24.0
O008875,P004,1,64.0
O008875,P011,1,55.0
O008875,P012,2,20.0
O008875,P006,1,22.0
O008876,P018,1,24.0
O008877,P010,2,39.0
O008877,P008,1,72.0
O008877,P012,1,20.0
O008878,P017,1,58.0
O008879,P010,2,39.0
O008880,P006,1,22.0
O008880,P013,1,32.0
O008880,P023,1,98.0
O008881,P009,2,35.0
O008882,P016,1,36.0
O008883,P006,1,22.0
O008884,P017,1,58.0
O008885,P021,3,62.0
O008886,P023,1,98.0
O008886,P018,3,24.0
O008886,P014,1,118.0
O008886,P003,1,89.0
O008887,P018,2,24.0
O008887,P011,1,55.0
O008888,P014,-1,118.0
O008889,P019,1,19.0
O008889,P018,1,24.0
O008890,P007,1,41.0
O008890,P001,1,129.0
O008891,P014,1,118.0
O008891,P002,1,169.0
O008892,P018,1,24.0
O008892,P008,1,72.0
O008893,P003,1,89.0
O008894,P010,1,39.0
O008895,P005,1,48.0
O008896,P017,1,58.0
O008897,P016,1,36.0
O008898,P023,1,98.0
O008899,P018,1,24.0
O008900,P006,1,22.0
O008901,P019,1,19.0
O008901,P020,1,28.0
O008902,P003,1,89.0
O008902,P021,1,62.0
O008903,P014,1,118.0
O008904,P015,1,76.0
O008904,P022,1,54.0
O008905,P017,1,58.0
O008905,P016,1,36.0
O008906,P004,1,64.0
O008907,P023,2,98.0
O008907,P003,1,89.0
O008908,P016,1,36.0
O008909,P006,3,22.0
O008910,P017,1,58.0
O008910,P002,-1,169.0
O008911,P004,1,64.0
O008911,P021,1,62.0
O008912,P013,1,32.0
O008913,P018,2,24.0
O008914,P012,1,20.0
O008915,P010,1,39.0
O008916,P004,1,64.0
O008917,P012,1,20.0
O008918,P005,1,48.0
O008918,P002,2,169.0
O008918,P004,2,64.0
O008919,P019,1,19.0
O008920,P021,2,62.0
O008921,P009,1,35.0
O008921,P015,1,76.0
O008921,P006,1,22.0
O008921,P013,1,32.0
O008922,P012,1,20.0
O008922,P018,1,24.0
O008923,P021,1,62.0
O008924,P016,1,36.0
O008925,P016,2,36.0
O008926,P009,1,35.0
O008926,P008,1,72.0
O008927,P017,1,58.0
O008927,P011,1,55.0
O008928,P023,1,98.0
O008929,P017,1,58.0
O008929,P010,1,39.0
O008930,P001,1,129.0
O008930,P009,1,35.0
O008930,P003,1,89.0
O008931,P008,1,72.0
O008931,P009,1,35.0
O008932,P008,1,72.0
O008933,P018,1,24.0
O008934,P016,1,36.0
O008935,P009,2,35.0
O008936,P003,1,89.0
O008936,P016,1,36.0
O008937,P017,2,58.0
O008938,P012,1,20.0
O008939,P002,1,169.0
O008939,P015,1,76.0
O008939,P018,1,24.0
O008940,P020,1,28.0
O008940,P021,1,62.0
O008941,P017,3,58.0
O008942,P020,1,28.0
O008942,P002,1,169.0
O008943,P015,1,76.0
O008943,P005,1,48.0
O008943,P012,1,20.0
O008944,P018,1,24.0
O008945,P006,1,22.0
O008945,P018,1,24.0
O008945,P013,1,32.0
O008945,P019,1,19.0
O008946,P006,1,22.0
O008946,P021,1,62.0
O008947,P004,1,64.0
O008947,P003,3,89.0
O008947,P002,1,169.0
O008948,P015,1,76.0
O008948,P014,1,118.0
O008949,P017,1,58.0
O008950,P017,1,58.0
O008951,P014,1,118.0
O008952,P017,1,58.0
O008953,P015,1,76.0
O008954,P006,1,22.0
O008955,P017,1,58.0
O008956,P018,2,24.0
O008957,P014,1,118.0
O008958,P023,1,98.0
O008958,P007,1,41.0
O008959,P001,1,129.0
O008959,P017,1,58.0
O008960,P004,1,64.0
O008961,P006,1,22.0
O008962,P017,1,58.0
O008963,P004,2,64.0
O008963,P013,1,32.0
O008964,P018,1,24.0
O008964,P001,1,129.0
O008965,P018,1,24.0
O008966,P009,1,35.0
O008967,P019,1,19.0
O008968,P019,1,19.0
O008968,P023,1,98.0
O008969,P021,1,62.0
O008969,P016,1,36.0
O008970,P012,1,20.0
O008971,P017,1,58.0
O008972,P005,3,48.0
O008973,P009,1,35.0
O008973,P004,1,64.0
O008973,P008,1,72.0
O008973,P018,2,24.0
O008974,P004,1,64.0
O008975,P016,1,36.0
O008976,P005,1,48.0
O008976,P008,1,72.0
O008977,P015,1,76.0
O008977,P004,3,64.0
O008978,P012,1,20.0
O008979,P015,2,76.0
O008980,P014,1,118.0
O008980,P013,1,32.0
O008981,P016,1,36.0
O008982,P021,1,62.0
O008983,P001,1,129.0
O008983,P023,1,98.0
O008984,P019,1,19.0
O008985,P002,1,169.0
O008985,P001,2,129.0
O008986,P018,2,24.0
O008987,P018,1,24.0
O008987,P003,1,89.0
O008988,P015,1,76.0
O008989,P004,1,64.0
O008990,P016,1,36.0
O008990,P023,1,98.0
O008991,P009,1,35.0
O008991,P018,1,24.0
O008992,P023,1,98.0
O008992,P015,1,76.0
O008993,P023,1,98.0
O008994,P003,1,89.0
O008994,P001,1,129.0
O008995,P009,1,35.0
O008996,P009,1,35.0
O008996,P004,1,64.0
O008997,P018,1,24.0
O008998,P019,1,19.0
O008998,P014,1,118.0
O008999,P003,1,89.0
O009000,P019,2,19.0
O009000,P018,1,24.0
O009000,P012,1,20.0
O009000,P010,1,39.0
O009001,P001,2,129.0
O009001,P018,1,24.0
O009002,P021,1,62.0
O009003,P021,1,62.0
O009004,P009,1,35.0
O009004,P018,1,24.0
O009005,P014,1,118.0
O009006,P016,1,36.0
O009007,P004,1,64.0
O009008,P001,1,129.0
O009009,P017,1,58.0
O009010,P012,2,20.0
O009010,P015,1,76.0
O009011,P003,2,89.0
O009011,P009,1,35.0
O009012,P004,1,64.0
O009013,P008,1,72.0
O009013,P017,2,58.0
O009014,P012,1,20.0
O009015,P018,1,24.0
O009016,P001,1,129.0
O009017,P017,2,58.0
O009018,P023,1,98.0
O009019,P004,1,64.0
O009020,P021,1,62.0
O009020,P006,1,22.0
O009020,P002,1,169.0
O009020,P016,1,36.0
O009021,P021,1,62.0
O009021,P004,1,64.0
O009021,P015,1,76.0
O009022,P013,2,32.0
O009023,P021,1,62.0
O009024,P009,1,35.0
O009025,P023,1,98.0
O009025,P017,1,58.0
O009026,P002,2,169.0
O009027,P018,1,24.0
O009027,P016,1,36.0
O009028,P001,2,129.0
O009029,P007,1,41.0
O009030,P011,1,55.0
O009031,P020,1,28.0
O009031,P002,1,169.0
O009032,P008,2,72.0
O009033,P015,1,76.0
O009033,P021,1,62.0
O009034,P003,1,89.0
O009035,P020,1,28.0
O009036,P015,1,76.0
O009036,P012,1,20.0
O009037,P002,1,169.0
O009037,P003,1,89.0
O009038,P012,1,20.0
O009039,P004,2,64.0
O009039,P009,1,35.0
O009039,P012,1,20.0
O009040,P013,1,32.0
O009041,P006,1,22.0
O009041,P021,1,62.0
O009042,P002,1,169.0
O009042,P006,1,22.0
O009043,P015,2,76.0
O009043,P004,1,64.0
O009044,P012,1,20.0
O009045,P017,1,58.0
O009046,P013,1,32.0
O009047,P015,1,76.0
O009048,P002,1,169.0
O009048,P018,1,24.0
O009049,P008,1,72.0
O009050,P009,2,35.0
O009051,P005,1,48.0
O009051,P009,1,35.0
O009052,P006,1,22.0
O009053,P019,1,19.0
O009054,P019,2,19.0
O009055,P015,1,76.0
O009055,P004,1,64.0
O009055,P016,1,36.0
O009056,P003,3,89.0
O009057,P018,1,24.0
O009057,P013,1,32.0
O009057,P008,2,72.0
O009058,P001,1,129.0
O009059,P004,1,64.0
O009059,P011,3,55.0
O009060,P012,1,20.0
O009061,P017,1,58.0
O009062,P014,1,118.0
O009062,P016,2,36.0
O009063,P014,1,118.0
O009064,P020,1,28.0
O009064,P016,1,36.0
O009065,P010,1,39.0
O009065,P017,1,58.0
O009066,P011,1,55.0
O009067,P007,1,41.0
O009067,P013,1,32.0
O009068,P001,1,129.0
O009069,P009,1,35.0
O009070,P009,1,35.0
O009071,P020,1,28.0
O009071,P018,1,24.0
O009072,P013,1,32.0
O009073,P008,1,72.0
O009073,P013,1,32.0
O009073,P018,1,24.0
O009074,P016,1,36.0
O009075,P003,1,89.0
O009076,P003,1,89.0
O009077,P012,1,20.0
O009077,P018,1,24.0
O009077,P006,1,22.0
O009078,P013,1,32.0
O009078,P022,1,54.0
O009079,P012,1,20.0
O009080,P012,1,20.0
O009080,P008,1,72.0
O009081,P006,1,22.0
O009081,P018,1,24.0
O009082,P004,1,64.0
O009083,P009,1,35.0
O009083,P012,2,20.0
O009083,P001,1,129.0
O009083,P019,1,19.0
O009084,P021,2,62.0
O009085,P003,1,89.0
O009085,P001,1,129.0
O009086,P002,1,169.0
O009086,P018,1,24.0
O009087,P017,1,58.0
O009087,P018,1,24.0
O009088,P007,1,41.0
O009088,P017,1,58.0
O009089,P008,1,72.0
O009089,P009,1,35.0
O009089,P010,2,39.0
O009089,P018,1,24.0
O009090,P008,1,72.0
O009090,P001,1,129.0
O009090,P019,2,19.0
O009091,P013,1,32.0
O009091,P018,1,24.0
O009092,P001,1,129.0
O009093,P001,1,129.0
O009093,P012,1,20.0
O009093,P013,1,32.0
O009094,P011,1,55.0
O009095,P006,1,22.0
O009095,P018,1,24.0
O009096,P013,1,32.0
O009097,P016,1,36.0
O009098,P009,2,35.0
O009099,P006,1,22.0
O009100,P004,1,64.0
O009100,P015,2,76.0
O009100,P016,1,36.0
O009100,P012,1,20.0
O009101,P016,1,36.0
O009101,P006,1,22.0
O009101,P018,1,24.0
O009102,P023,1,98.0
O009102,P015,1,76.0
O009102,P021,1,62.0
O009103,P001,1,129.0
O009104,P023,1,98.0
O009104,P004,1,64.0
O009105,P004,2,64.0
O009105,P016,1,36.0
O009105,P007,1,41.0
O009106,P013,1,32.0
O009107,P009,1,35.0
O009108,P016,1,36.0
O009108,P023,1,98.0
O009109,P018,2,24.0
O009110,P006,1,22.0
O009110,P003,1,89.0
O009110,P004,1,64.0
O009110,P007,1,41.0
O009111,P004,1,64.0
O009112,P001,1,129.0
O009113,P016,1,36.0
O009113,P023,1,98.0
O009114,P012,1,20.0
O009115,P003,1,89.0
O009115,P008,1,72.0
O009116,P018,1,24.0
O009116,P014,1,118.0
O009117,P018,1,24.0
O009117,P023,1,98.0
O009118,P009,1,35.0
O009118,P018,1,24.0
O009119,P004,1,64.0
O009120,P018,1,24.0
O009120,P013,2,32.0
O009121,P021,1,62.0
O009121,P001,1,129.0
O009122,P003,1,89.0
O009122,P018,1,24.0
O009123,P019,1,19.0
O009123,P017,1,58.0
O009123,P012,2,20.0
O009124,P015,1,76.0
O009124,P012,2,20.0
O009124,P008,1,72.0
O009125,P008,1,72.0
O009126,P012,1,20.0
O009127,P012,2,20.0
O009127,P002,3,169.0
O009128,P009,1,35.0
O009128,P004,1,64.0
O009129,P019,1,19.0
O009130,P003,1,89.0
O009130,P012,2,20.0
O009130,P002,1,169.0
O009131,P018,1,24.0
O009131,P005,1,48.0
O009132,P017,1,58.0
O009133,P012,2,20.0
O009133,P018,1,24.0
O009134,P019,1,19.0
O009135,P009,1,35.0
O009135,P004,1,64.0
O009136,P016,1,36.0
O009136,P008,2,72.0
O009137,P012,1,20.0
O009138,P004,1,64.0
O009138,P011,1,55.0
O009139,P006,1,22.0
O009140,P004,1,64.0
O009140,P021,1,62.0
O009141,P015,1,76.0
O009141,P006,2,22.0
O009142,P001,1,129.0
O009143,P015,1,76.0
O009144,P010,1,39.0
O009145,P015,1,76.0
O009145,P017,2,58.0
O009146,P023,1,98.0
O009146,P019,1,19.0
O009147,P001,1,129.0
O009148,P023,3,98.0
O009149,P004,1,64.0
O009149,P016,1,36.0
O009150,P002,1,169.0
O009151,P015,3,76.0
O009152,P023,2,98.0
O009153,P018,1,24.0
O009153,P009,1,35.0
O009154,P009,2,35.0
O009154,P018,1,24.0
O009154,P023,1,98.0
O009155,P008,1,72.0
O009155,P001,1,129.0
O009156,P009,1,35.0
O009157,P001,1,129.0
O009158,P018,1,24.0
O009159,P021,1,62.0
O009160,P003,1,89.0
O009161,P003,1,89.0
O009162,P013,1,32.0
O009163,P016,1,36.0
O009163,P013,2,32.0
O009164,P018,1,24.0
O009164,P017,1,58.0
O009165,P014,1,118.0
O009166,P001,1,129.0
O009167,P006,1,22.0
O009168,P006,1,22.0
O009169,P010,1,39.0
O009170,P020,1,28.0
O009171,P006,1,22.0
O009172,P021,1,62.0
O009172,P008,1,72.0
O009172,P012,1,20.0
O009172,P010,1,39.0
O009173,P002,1,169.0
O009174,P004,1,64.0
O009174,P012,1,20.0
O009174,P023,1,98.0
O009175,P001,1,129.0
O009175,P012,1,20.0
O009175,P018,1,24.0
O009176,P013,1,32.0
O009176,P006,1,22.0
O009177,P003,1,89.0
O009178,P012,1,20.0
O009178,P009,1,35.0
O009178,P002,3,169.0
O009179,P004,1,64.0
O009180,P016,1,36.0
O009181,P009,1,35.0
O009182,P008,1,72.0
O009183,P018,1,24.0
O009184,P016,1,36.0
O009184,P004,1,64.0
O009185,P008,1,72.0
O009186,P008,2,72.0
O009187,P003,1,89.0
O009188,P001,2,129.0
O009188,P006,1,22.0
O009189,P017,2,58.0
O009190,P007,1,41.0
O009191,P006,1,22.0
O009192,P001,1,129.0
O009193,P003,1,89.0
O009193,P011,1,55.0
O009193,P006,1,22.0
O009193,P004,1,64.0
O009194,P010,1,39.0
O009195,P006,1,22.0
O009196,P018,1,24.0
O009197,P003,1,89.0
O009197,P023,1,98.0
O009197,P015,1,76.0
O009198,P019,1,19.0
O009198,P012,1,20.0
O009199,P018,1,24.0
O009200,P018,1,24.0
O009200,P015,1,76.0
O009201,P017,1,58.0
O009202,P013,1,32.0
O009202,P016,1,36.0
O009202,P002,1,169.0
O009202,P019,1,19.0
O009203,P014,1,118.0
O009203,P021,2,62.0
O009203,P006,2,22.0
O009204,P012,1,20.0
O009205,P006,1,22.0
O009206,P016,1,36.0
O009206,P009,1,35.0
O009206,P018,1,24.0
O009207,P009,1,35.0
O009207,P012,1,20.0
O009208,P009,1,35.0
O009209,P023,1,98.0
O009209,P018,1,24.0
O009209,P001,1,129.0
O009210,P001,1,129.0
O009211,P005,1,48.0
O009212,P004,1,64.0
O009212,P012,1,20.0
O009213,P001,1,129.0
O009213,P021,1,62.0
O009214,P018,1,24.0
O009214,P012,1,20.0
O009214,P013,1,32.0
O009215,P016,1,36.0
O009216,P020,1,28.0
O009216,P018,1,24.0
O009216,P008,1,72.0
O009217,P008,1,72.0
O009218,P004,1,64.0
O009218,P012,1,20.0
O009219,P019,1,19.0
O009220,P017,1,58.0
O009221,P004,2,64.0
O009221,P002,1,169.0
O009221,P023,1,98.0
O009222,P003,1,89.0
O009222,P013,3,32.0
O009223,P016,1,36.0
O009223,P009,1,35.0
O009224,P010,1,39.0
O009225,P023,1,98.0
O009226,P004,1,64.0
O009227,P011,1,55.0
O009228,P017,1,58.0
O009229,P011,1,55.0
O009230,P004,1,64.0
O009231,P017,1,58.0
O009232,P023,1,98.0
O009233,P009,1,35.0
O009233,P013,1,32.0
O009234,P017,1,58.0
O009235,P023,1,98.0
O009235,P018,1,24.0
O009236,P008,1,72.0
O009237,P007,1,41.0
O009238,P010,1,39.0
O009239,P011,1,55.0
O009240,P015,1,76.0
O009240,P003,1,89.0
O009241,P019,1,19.0
O009242,P018,1,24.0
O009242,P001,1,129.0
O009243,P011,3,55.0
O009244,P020,1,28.0
O009244,P006,1,22.0
O009245,P016,1,36.0
O009246,P018,1,24.0
O009247,P004,1,64.0
O009247,P018,1,24.0
O009247,P008,2,72.0
O009248,P008,2,72.0
O009249,P015,1,76.0
O009250,P020,3,28.0
O009250,P018,1,24.0
O009251,P009,1,35.0
O009251,P011,2,55.0
O009252,P013,1,32.0
O009253,P018,2,24.0
O009253,P008,2,72.0
O009253,P003,1,89.0
O009254,P009,1,35.0
O009255,P008,1,72.0
O009256,P007,1,41.0
O009257,P020,1,28.0
O009258,P013,2,32.0
O009259,P015,2,76.0
O009260,P010,1,39.0
O009261,P016,1,36.0
O009262,P022,1,54.0
O009263,P016,1,36.0
O009263,P002,1,169.0
O009264,P001,1,129.0
O009265,P021,1,62.0
O009266,P016,1,36.0
O009266,P013,1,32.0
O009267,P021,1,62.0
O009268,P018,1,24.0
O009268,P007,1,41.0
O009268,P003,1,89.0
O009268,P019,1,19.0
O009269,P004,1,64.0
O009270,P019,1,19.0
O009270,P013,1,32.0
O009271,P016,1,36.0
O009272,P001,1,129.0
O009272,P015,1,76.0
O009273,P007,2,41.0
O009274,P020,1,28.0
O009275,P018,1,24.0
O009275,P014,1,118.0
O009276,P002,1,169.0
O009277,P003,1,89.0
O009278,P008,1,72.0
O009278,P013,1,32.0
O009279,P017,1,58.0
O009280,P009,1,35.0
O009281,P001,1,129.0
O009282,P004,1,64.0
O009282,P002,3,169.0
O009282,P017,2,58.0
O009283,P019,1,19.0
O009284,P018,1,24.0
O009285,P003,2,89.0
O009286,P021,1,62.0
O009287,P007,1,41.0
O009288,P019,3,19.0
O009289,P021,1,62.0
O009290,P011,3,55.0
O009290,P016,1,36.0
O009290,P014,1,118.0
O009291,P021,1,62.0
O009292,P015,1,76.0
O009292,P004,1,64.0
O009293,P003,1,89.0
O009294,P003,1,89.0
O009294,P012,1,20.0
O009295,P006,1,22.0
O009296,P018,1,24.0
O009297,P004,1,64.0
O009298,P001,1,129.0
O009298,P008,1,72.0
O009299,P001,1,129.0
O009300,P005,1,48.0
O009300,P009,1,35.0
O009301,P008,1,72.0
O009302,P017,1,58.0
O009303,P013,1,32.0
O009303,P008,1,72.0
O009304,P018,1,24.0
O009305,P004,1,64.0
O009306,P004,1,64.0
O009306,P022,1,54.0
O009307,P018,2,24.0
O009308,P005,1,48.0
O009309,P003,1,89.0
O009310,P006,1,22.0
O009310,P010,1,39.0
O009310,P017,2,58.0
O009311,P012,1,20.0
O009312,P018,1,24.0
O009313,P004,1,64.0
O009313,P008,1,72.0
O009313,P015,2,76.0
O009314,P012,1,20.0
O009315,P018,2,24.0
O009316,P010,1,39.0
O009317,P006,1,22.0
O009317,P004,1,64.0
O009318,P002,1,169.0
O009318,P013,2,32.0
O009319,P001,1,129.0
O009320,P015,1,76.0
O009321,P013,2,32.0
O009321,P003,2,89.0
O009322,P006,1,22.0
O009322,P018,1,24.0
O009323,P018,2,24.0
O009324,P002,1,169.0
O009324,P016,1,36.0
O009324,P021,1,62.0
O009325,P016,-1,36.0
O009326,P002,2,169.0
O009326,P023,1,98.0
O009327,P003,1,89.0
O009328,P018,1,24.0
O009329,P017,1,58.0
O009330,P004,1,64.0
O009331,P002,1,169.0
O009331,P008,0,72.0
O009331,P016,1,36.0
O009332,P016,2,36.0
O009332,P001,1,129.0
O009333,P019,1,19.0
O009333,P015,2,76.0
O009333,P009,1,35.0
O009334,P012,2,20.0
O009335,P013,1,32.0
O009335,P012,1,20.0
O009336,P021,1,62.0
O009337,P004,1,64.0
O009338,P004,1,64.0
O009339,P018,2,24.0
O009340,P004,1,64.0
O009341,P017,1,58.0
O009342,P021,1,62.0
O009342,P004,2,64.0
O009343,P018,1,24.0
O009343,P016,1,36.0
O009343,P023,1,98.0
O009344,P015,2,76.0
O009344,P012,2,20.0
O009344,P002,1,169.0
O009345,P021,1,62.0
O009346,P013,2,32.0
O009346,P015,1,76.0
O009347,P019,1,19.0
O009348,P015,2,76.0
O009349,P001,1,129.0
O009350,P018,1,24.0
O009350,P002,1,169.0
O009351,P002,1,169.0
O009352,P008,1,72.0
O009352,P016,2,36.0
O009353,P008,1,72.0
O009353,P004,1,64.0
O009354,P018,1,24.0
O009354,P004,2,64.0
O009355,P018,1,24.0
O009356,P021,2,62.0
O009357,P010,1,39.0
O009358,P006,1,22.0
O009359,P009,1,35.0
O009359,P015,3,76.0
O009359,P016,1,36.0
O009359,P008,1,72.0
O009360,P018,2,24.0
O009360,P004,1,64.0
O009361,P021,1,62.0
O009362,P002,3,169.0
O009362,P015,1,76.0
O009363,P010,2,39.0
O009364,P018,2,24.0
O009365,P023,1,98.0
O009366,P009,1,35.0
O009367,P021,1,62.0
O009368,P017,1,58.0
O009368,P009,1,35.0
O009368,P012,1,20.0
O009369,P018,1,24.0
O009370,P016,2,36.0
O009371,P018,1,24.0
O009372,P022,1,54.0
O009373,P005,1,48.0
O009373,P006,1,22.0
O009374,P021,1,62.0
O009375,P003,1,89.0
O009376,P021,1,62.0
O009376,P018,1,24.0
O009376,P004,2,64.0
O009377,P016,1,36.0
O009378,P008,1,72.0
O009378,P020,1,28.0
O009378,P002,1,169.0
O009379,P020,1,28.0
O009379,P017,1,58.0
O009380,P004,2,64.0
O009381,P017,1,58.0
O009382,P004,1,64.0
O009383,P006,1,22.0
O009384,P003,1,89.0
O009385,P004,1,64.0
O009385,P006,1,22.0
O009386,P016,1,36.0
O009387,P003,2,89.0
O009388,P012,1,20.0
O009388,P004,1,64.0
O009389,P004,1,64.0
O009389,P010,1,39.0
O009389,P018,2,24.0
O009390,P009,1,35.0
O009390,P019,1,19.0
O009391,P003,1,89.0
O009392,P012,1,20.0
O009392,P017,1,58.0
O009393,P004,1,64.0
O009394,P006,1,22.0
O009395,P003,1,89.0
O009395,P013,1,32.0
O009396,P023,2,98.0
O009397,P018,1,24.0
O009398,P003,1,89.0
O009398,P020,1,28.0
O009398,P008,1,72.0
O009399,P015,2,76.0
O009400,P022,1,54.0
O009401,P001,1,129.0
O009402,P004,2,64.0
O009403,P006,1,22.0
O009403,P019,1,19.0
O009403,P015,1,76.0
O009404,P018,1,24.0
O009404,P015,1,76.0
O009404,P004,1,64.0
O009405,P019,1,19.0
O009406,P014,1,118.0
O009407,P017,1,58.0
O009407,P014,1,118.0
O009407,P002,2,169.0
O009408,P006,1,22.0
O009408,P008,1,72.0
O009408,P004,1,64.0
O009409,P017,1,58.0
O009409,P003,1,89.0
O009410,P002,1,169.0
O009410,P016,1,36.0
O009411,P005,1,48.0
O009411,P012,1,20.0
O009411,P021,1,62.0
O009411,P015,1,76.0
O009412,P009,1,35.0
O009412,P018,1,24.0
O009412,P016,1,36.0
O009413,P018,1,24.0
O009413,P010,1,39.0
O009413,P002,1,169.0
O009414,P012,2,20.0
O009415,P002,2,169.0
O009415,P010,2,39.0
O009416,P023,1,98.0
O009417,P014,1,118.0
O009418,P015,1,76.0
O009419,P003,1,89.0
O009419,P009,2,35.0
O009420,P013,1,32.0
O009420,P014,1,118.0
O009421,P016,1,36.0
O009421,P023,1,98.0
O009422,P010,1,39.0
O009422,P003,1,89.0
O009423,P004,1,64.0
O009424,P012,1,20.0
O009425,P018,1,24.0
O009426,P009,1,35.0
O009427,P004,3,64.0
O009428,P014,1,118.0
O009429,P010,1,39.0
O009430,P009,1,35.0
O009431,P008,2,72.0
O009432,P016,1,36.0
O009433,P013,1,32.0
O009433,P023,1,98.0
O009434,P009,1,35.0
O009435,P018,1,24.0
O009436,P012,1,20.0
O009437,P016,1,36.0
O009437,P004,2,64.0
O009438,P011,2,55.0
O009438,P018,1,24.0
O009439,P006,1,22.0
O009440,P015,1,76.0
O009440,P023,2,98.0
O009440,P018,2,24.0
O009440,P009,1,35.0
O009441,P006,1,22.0
O009441,P018,1,24.0
O009442,P001,1,129.0
O009443,P013,2,32.0
O009444,P017,1,58.0
O009445,P011,1,55.0
O009446,P016,1,36.0
O009446,P006,1,22.0
O009447,P006,3,22.0
O009448,P021,1,62.0
O009449,P010,1,39.0
O009450,P010,1,39.0
O009451,P004,1,64.0
O009452,P021,1,62.0
O009452,P005,3,48.0
O009453,P006,1,22.0
O009454,P021,1,62.0
O009454,P018,1,24.0
O009454,P013,1,32.0
O009455,P020,1,28.0
O009456,P004,1,64.0
O009456,P001,1,129.0
O009457,P020,2,28.0
O009458,P001,1,129.0
O009459,P012,2,20.0
O009459,P013,1,32.0
O009460,P002,1,169.0
O009461,P002,1,169.0
O009461,P013,1,32.0
O009461,P004,1,64.0
O009462,P002,1,169.0
O009463,P008,1,72.0
O009463,P006,2,22.0
O009463,P003,1,89.0
O009464,P016,1,36.0
O009465,P006,1,22.0
O009465,P018,1,24.0
O009466,P001,1,129.0
O009467,P018,1,24.0
O009468,P018,1,24.0
O009468,P012,1,20.0
O009469,P003,1,89.0
O009470,P003,1,89.0
O009471,P015,1,76.0
O009472,P020,1,28.0
O009472,P018,2,24.0
O009472,P006,1,22.0
O009473,P021,2,62.0
O009474,P012,1,20.0
O009475,P005,1,48.0
O009476,P017,2,58.0
O009477,P003,1,89.0
O009478,P017,1,58.0
O009478,P016,1,36.0
O009479,P005,1,48.0
O009480,P001,1,129.0
O009481,P004,1,64.0
O009481,P021,2,62.0
O009481,P006,1,22.0
O009482,P009,2,35.0
O009482,P016,1,36.0
O009483,P012,1,20.0
O009484,P005,1,48.0
O009485,P023,1,98.0
O009486,P015,1,76.0
O009487,P012,1,20.0
O009488,P019,1,19.0
O009489,P007,1,41.0
O009490,P003,1,89.0
O009490,P006,1,22.0
O009491,P006,2,22.0
O009492,P014,1,118.0
O009492,P019,1,19.0
O009493,P017,1,58.0
O009494,P012,1,20.0
O009495,P006,1,22.0
O009495,P002,1,169.0
O009496,P003,1,89.0
O009497,P016,1,36.0
O009497,P001,1,129.0
O009498,P018,1,24.0
O009499,P009,1,35.0
O009499,P015,1,76.0
O009499,P014,1,118.0
O009500,P011,1,55.0
O009500,P004,1,64.0
O009500,P013,1,32.0
O009501,P007,1,41.0
O009502,P006,1,22.0
O009503,P006,1,22.0
O009504,P010,2,39.0
O009505,P004,1,64.0
O009505,P008,1,72.0
O009506,P012,2,20.0
O009507,P019,1,19.0
O009508,P008,1,72.0
O009509,P012,1,20.0
O009510,P009,1,35.0
O009510,P014,1,118.0
O009510,P019,1,19.0
O009511,P004,1,64.0
O009512,P002,2,169.0
O009512,P006,2,22.0
O009513,P017,1,58.0
O009514,P018,1,24.0
O009515,P004,1,64.0
O009516,P008,1,72.0
O009517,P018,1,24.0
O009517,P017,2,58.0
O009518,P009,1,35.0
O009519,P016,1,36.0
O009520,P010,1,39.0
O009521,P013,2,32.0
O009522,P023,1,98.0
O009523,P001,1,129.0
O009523,P002,1,169.0
O009524,P004,1,64.0
O009525,P003,1,89.0
O009525,P006,3,22.0
O009525,P020,1,28.0
O009525,P015,1,76.0
O009526,P018,1,24.0
O009526,P023,1,98.0
O009527,P006,1,22.0
O009528,P017,1,58.0
O009529,P020,1,28.0
O009530,P006,1,22.0
O009530,P009,1,35.0
O009530,P003,2,89.0
O009531,P023,1,98.0
O009532,P018,1,24.0
O009533,P023,1,98.0
O009534,P001,1,129.0
O009535,P021,1,62.0
O009536,P006,1,22.0
O009537,P009,3,35.0
O009538,P013,1,32.0
O009539,P021,1,62.0
O009540,P012,1,20.0
O009541,P003,1,89.0
O009541,P004,2,64.0
O009542,P014,1,118.0
O009543,P017,1,58.0
O009543,P018,2,24.0
O009544,P018,1,24.0
O009545,P016,1,36.0
O009546,P015,1,76.0
O009547,P006,1,22.0
O009547,P013,1,32.0
O009548,P002,2,169.0
O009549,P003,1,89.0
O009549,P023,1,98.0
O009550,P001,1,129.0
O009550,P004,1,64.0
O009550,P008,1,72.0
O009550,P003,1,89.0
O009551,P015,1,76.0
O009551,P016,2,36.0
O009551,P017,2,58.0
O009552,P023,1,98.0
O009553,P012,1,20.0
O009554,P006,1,22.0
O009555,P015,2,76.0
O009555,P018,2,24.0
O009555,P009,1,35.0
O009556,P022,2,54.0
O009557,P006,1,22.0
O009557,P021,1,62.0
O009557,P012,1,20.0
O009558,P023,1,98.0
O009558,P007,1,41.0
O009558,P016,3,36.0
O009559,P008,1,72.0
O009560,P011,1,55.0
O009561,P001,1,129.0
O009562,P001,1,129.0
O009563,P002,1,169.0
O009564,P012,1,20.0
O009565,P013,1,32.0
O009565,P015,1,76.0
O009565,P002,2,169.0
O009566,P017,2,58.0
O009567,P016,1,36.0
O009567,P018,1,24.0
O009568,P010,1,39.0
O009569,P023,1,98.0
O009569,P003,1,89.0
O009570,P005,1,48.0
O009571,P018,1,24.0
O009572,P010,1,39.0
O009572,P016,1,36.0
O009573,P001,1,129.0
O009574,P021,1,62.0
O009575,P001,1,129.0
O009576,P002,2,169.0
O009577,P013,1,32.0
O009577,P017,1,58.0
O009578,P016,1,36.0
O009579,P008,1,72.0
O009579,P019,1,19.0
O009579,P018,1,24.0
O009579,P017,1,58.0
O009580,P016,1,36.0
O009580,P005,1,48.0
O009581,P017,1,58.0
O009582,P013,1,32.0
O009583,P002,1,169.0
O009583,P019,1,19.0
O009584,P015,1,76.0
O009584,P021,1,62.0
O009585,P007,1,41.0
O009586,P012,1,20.0
O009586,P008,1,72.0
O009586,P006,1,22.0
O009587,P008,2,72.0
O009588,P004,3,64.0
O009589,P018,1,24.0
O009590,P009,1,35.0
O009590,P010,2,39.0
O009590,P003,1,89.0
O009591,P015,1,76.0
O009592,P015,1,76.0
O009593,P021,1,62.0
O009594,P012,1,20.0
O009594,P015,1,76.0
O009594,P008,1,72.0
O009595,P012,1,20.0
O009595,P018,1,24.0
O009596,P021,1,62.0
O009597,P007,1,41.0
O009598,P009,2,35.0
O009599,P003,1,89.0
O009600,P005,1,48.0
O009601,P012,1,20.0
O009601,P004,1,64.0
O009601,P019,1,19.0
O009602,P008,1,72.0
O009603,P003,1,89.0
O009603,P004,1,64.0
O009603,P002,1,169.0
O009604,P009,2,35.0
O009604,P008,1,72.0
O009604,P003,1,89.0
O009604,P013,1,32.0
O009605,P011,2,55.0
O009605,P022,2,54.0
O009605,P018,1,24.0
O009605,P016,1,36.0
O009606,P003,1,89.0
O009606,P014,1,118.0
O009607,P002,1,169.0
O009607,P010,1,39.0
O009608,P021,1,62.0
O009609,P004,1,64.0
O009609,P016,1,36.0
O009609,P009,1,35.0
O009609,P011,1,55.0
O009610,P023,1,98.0
O009611,P015,1,76.0
O009611,P019,1,19.0
O009612,P015,1,76.0
O009612,P008,1,72.0
O009613,P015,1,76.0
O009613,P021,2,62.0
O009614,P018,3,24.0
O009615,P019,1,19.0
O009615,P015,1,76.0
O009615,P001,1,129.0
O009616,P016,2,36.0
O009617,P005,1,48.0
O009617,P017,1,58.0
O009618,P006,1,22.0
O009619,P005,1,48.0
O009620,P016,1,36.0
O009621,P013,1,32.0
O009622,P003,3,89.0
O009622,P006,1,22.0
O009623,P016,1,36.0
O009624,P017,1,58.0
O009625,P010,2,39.0
O009625,P006,1,22.0
O009625,P018,1,24.0
O009626,P018,2,24.0
O009627,P014,1,118.0
O009628,P011,1,55.0
O009628,P022,2,54.0
O009629,P004,1,64.0
O009629,P015,1,76.0
O009629,P003,1,89.0
O009629,P012,1,20.0
O009630,P016,2,36.0
O009631,P015,1,76.0
O009632,P018,1,24.0
O009632,P010,2,39.0
O009633,P015,1,76.0
O009633,P016,3,36.0
O009634,P017,1,58.0
O009634,P002,1,169.0
O009635,P009,1,35.0
O009636,P012,1,20.0
O009636,P004,1,64.0
O009637,P008,1,72.0
O009637,P023,1,98.0
O009637,P005,1,48.0
O009638,P002,1,169.0
O009639,P002,1,169.0
O009639,P004,1,64.0
O009640,P004,1,64.0
O009640,P021,2,62.0
O009641,P001,1,129.0
O009641,P007,1,41.0
O009642,P008,1,72.0
O009643,P016,1,36.0
O009644,P018,3,24.0
O009644,P008,1,72.0
O009644,P012,2,20.0
O009645,P019,1,19.0
O009645,P021,1,62.0
O009646,P001,1,129.0
O009647,P019,1,19.0
O009647,P021,1,62.0
O009647,P017,2,58.0
O009648,P012,1,20.0
O009649,P004,1,64.0
O009649,P013,1,32.0
O009649,P018,1,24.0
O009649,P008,1,72.0
O009650,P016,2,36.0
O009651,P016,1,36.0
O009651,P021,1,62.0
O009651,P010,1,39.0
O009652,P004,1,64.0
O009652,P011,1,55.0
O009653,P004,2,64.0
O009653,P003,1,89.0
O009654,P017,1,58.0
O009654,P016,-1,36.0
O009655,P008,3,72.0
O009655,P004,1,64.0
O009656,P010,1,39.0
O009656,P017,1,58.0
O009657,P009,2,35.0
O009657,P018,2,24.0
O009657,P008,1,72.0
O009658,P002,1,169.0
O009659,P007,1,41.0
O009660,P021,1,62.0
O009660,P009,1,35.0
O009660,P015,1,76.0
O009661,P009,1,35.0
O009662,P014,1,118.0
O009663,P015,1,76.0
O009663,P013,1,32.0
O009664,P010,1,39.0
O009665,P003,2,89.0
O009666,P009,1,35.0
O009667,P004,1,64.0
O009668,P003,1,89.0
O009668,P018,2,24.0
O009669,P011,1,55.0
O009669,P015,1,76.0
O009670,P018,1,24.0
O009670,P008,1,72.0
O009670,P001,2,129.0
O009671,P006,1,22.0
O009672,P013,2,32.0
O009672,P016,1,36.0
O009673,P010,1,39.0
O009674,P016,1,36.0
O009675,P018,1,24.0
O009676,P006,1,22.0
O009676,P023,1,98.0
O009677,P013,1,32.0
O009678,P016,1,36.0
O009678,P003,1,89.0
O009678,P017,1,58.0
O009679,P013,1,32.0
O009680,P008,1,72.0
O009681,P018,1,24.0
O009681,P016,1,36.0
O009682,P016,1,36.0
O009682,P020,1,28.0
O009683,P008,1,72.0
O009683,P017,2,58.0
O009684,P021,1,62.0
O009685,P005,1,48.0
O009686,P019,1,19.0
O009686,P001,1,129.0
O009686,P008,1,72.0
O009687,P009,1,35.0
O009688,P002,1,169.0
O009688,P003,1,89.0
O009688,P012,3,20.0
O009688,P009,1,35.0
O009689,P008,1,72.0
O009690,P003,1,89.0
O009690,P006,1,22.0
O009691,P014,1,118.0
O009691,P019,1,19.0
O009691,P003,1,89.0
O009692,P002,1,169.0
O009693,P018,1,24.0
O009694,P004,1,64.0
O009694,P002,1,169.0
O009695,P022,1,54.0
O009695,P007,2,41.0
O009695,P001,2,129.0
O009695,P023,1,98.0
O009696,P002,1,169.0
O009696,P017,1,58.0
O009697,P011,1,55.0
O009697,P016,1,36.0
O009697,P015,1,76.0
O009698,P021,1,62.0
O009699,P004,1,64.0
O009700,P015,1,76.0
O009701,P013,1,32.0
O009701,P003,1,89.0
O009701,P009,1,35.0
O009702,P001,1,129.0
O009702,P011,1,55.0
O009703,P020,1,28.0
O009703,P018,1,24.0
O009703,P012,1,20.0
O009704,P004,1,64.0
O009704,P016,1,36.0
O009704,P012,1,20.0
O009705,P013,1,32.0
O009705,P007,1,41.0
O009705,P006,1,22.0
O009706,P005,1,48.0
O009707,P016,1,36.0
O009708,P018,2,24.0
O009709,P006,1,22.0
O009710,P017,1,58.0
O009711,P018,1,24.0
O009711,P003,1,89.0
O009711,P023,1,98.0
O009712,P006,1,22.0
O009712,P018,1,24.0
O009712,P019,1,19.0
O009713,P008,2,72.0
O009714,P012,1,20.0
O009715,P016,1,36.0
O009716,P018,1,24.0
O009717,P003,1,89.0
O009717,P004,1,64.0
O009717,P013,1,32.0
O009717,P017,1,58.0
O009718,P004,1,64.0
O009718,P019,1,19.0
O009719,P007,1,41.0
O009720,P005,2,48.0
O009721,P005,1,48.0
O009722,P018,1,24.0
O009722,P019,1,19.0
O009722,P008,2,72.0
O009723,P023,1,98.0
O009724,P012,1,20.0
O009725,P018,1,24.0
O009725,P012,1,20.0
O009726,P018,1,24.0
O009727,P001,1,129.0
O009728,P020,1,28.0
O009728,P014,2,118.0
O009728,P008,1,72.0
O009728,P018,1,24.0
O009729,P002,1,169.0
O009729,P012,1,20.0
O009730,P015,1,76.0
O009731,P009,1,35.0
O009731,P017,1,58.0
O009732,P008,1,72.0
O009733,P018,1,24.0
O009734,P007,1,41.0
O009734,P018,1,24.0
O009734,P004,1,64.0
O009735,P004,1,64.0
O009736,P003,1,89.0
O009737,P006,2,22.0
O009738,P021,1,62.0
O009739,P015,1,76.0
O009740,P016,1,36.0
O009740,P009,1,35.0
O009740,P003,1,89.0
O009741,P008,2,72.0
O009742,P015,1,76.0
O009742,P019,1,19.0
O009742,P010,1,39.0
O009742,P012,1,20.0
O009743,P023,1,98.0
O009743,P015,1,76.0
O009744,P023,2,98.0
O009745,P015,1,76.0
O009745,P013,1,32.0
O009746,P017,1,58.0
O009746,P013,1,32.0
O009747,P021,2,62.0
O009747,P016,1,36.0
O009748,P004,1,64.0
O009749,P017,1,58.0
O009750,P003,1,89.0
O009750,P017,1,58.0
O009751,P017,1,58.0
O009752,P012,1,20.0
O009752,P013,1,32.0
O009753,P019,1,19.0
O009753,P017,1,58.0
O009753,P005,1,48.0
O009753,P006,1,22.0
O009754,P001,1,129.0
O009754,P021,1,62.0
O009754,P022,2,54.0
O009755,P021,1,62.0
O009756,P004,1,64.0
O009757,P011,1,55.0
O009758,P004,1,64.0
O009759,P007,1,41.0
O009759,P023,1,98.0
O009760,P015,2,76.0
O009760,P018,3,24.0
O009761,P003,2,89.0
O009762,P018,2,24.0
O009763,P007,1,41.0
O009764,P018,1,24.0
O009765,P018,1,24.0
O009766,P021,2,62.0
O009766,P023,1,98.0
O009766,P010,1,39.0
O009767,P017,1,58.0
O009767,P006,1,22.0
O009768,P018,1,24.0
O009769,P017,1,58.0
O009769,P008,1,72.0
O009770,P018,1,24.0
O009771,P015,1,76.0
O009771,P004,1,64.0
O009771,P016,1,36.0
O009772,P001,1,129.0
O009773,P017,3,58.0
O009774,P012,1,20.0
O009774,P001,1,129.0
O009775,P012,1,20.0
O009775,P003,1,89.0
O009775,P016,1,36.0
O009776,P016,1,36.0
O009776,P003,1,89.0
O009776,P001,1,129.0
O009777,P004,1,64.0
O009777,P007,1,41.0
O009778,P008,1,72.0
O009778,P016,1,36.0
O009778,P023,1,98.0
O009779,P018,2,24.0
O009780,P018,1,24.0
O009780,P005,1,48.0
O009780,P022,1,54.0
O009781,P007,1,41.0
O009782,P006,1,22.0
O009782,P009,1,35.0
O009782,P004,1,64.0
O009782,P013,1,32.0
O009783,P015,1,76.0
O009784,P009,1,35.0
O009784,P018,2,24.0
O009784,P013,1,32.0
O009784,P008,2,72.0
O009785,P002,1,169.0
O009785,P001,1,129.0
O009785,P017,1,58.0
O009786,P011,1,55.0
O009787,P023,3,98.0
O009788,P018,1,24.0
O009789,P013,2,32.0
O009790,P023,2,98.0
O009790,P004,1,64.0
O009790,P008,1,72.0
O009791,P013,1,32.0
O009792,P018,1,24.0
O009793,P016,1,36.0
O009794,P018,1,24.0
O009795,P023,1,98.0
O009796,P022,1,54.0
O009797,P006,1,22.0
O009798,P023,1,98.0
O009799,P004,1,64.0
O009800,P009,1,35.0
O009801,P013,1,32.0
O009802,P012,1,20.0
O009802,P008,1,72.0
O009803,P016,1,36.0
O009803,P002,3,169.0
O009803,P007,1,41.0
O009804,P004,1,64.0
O009805,P004,1,64.0
O009806,P009,1,35.0
O009807,P014,1,118.0
O009808,P008,1,72.0
O009808,P006,1,22.0
O009809,P019,1,19.0
O009810,P015,1,76.0
O009811,P013,1,32.0
O009812,P004,1,64.0
O009813,P014,1,118.0
O009814,P009,1,35.0
O009815,P009,1,35.0
O009816,P016,1,36.0
O009817,P016,1,36.0
O009817,P010,1,39.0
O009817,P013,2,32.0
O009818,P006,1,22.0
O009819,P021,1,62.0
O009819,P008,2,72.0
O009820,P008,1,72.0
O009821,P017,1,58.0
O009821,P013,1,32.0
O009821,P009,1,35.0
O009822,P009,1,35.0
O009822,P014,1,118.0
O009822,P004,1,64.0
O009823,P022,1,54.0
O009824,P016,1,36.0
O009824,P012,1,20.0
O009824,P021,1,62.0
O009824,P018,1,24.0
O009825,P018,3,24.0
O009826,P019,1,19.0
O009827,P007,1,41.0
O009828,P009,1,35.0
O009829,P021,1,62.0
O009830,P015,1,76.0
O009831,P009,1,35.0
O009832,P017,1,58.0
O009832,P002,1,169.0
O009833,P006,1,22.0
O009833,P004,3,64.0
O009834,P011,1,55.0
O009835,P004,1,64.0
O009836,P002,1,169.0
O009837,P005,1,48.0
O009838,P016,1,36.0
O009839,P004,1,64.0
O009839,P008,1,72.0
O009840,P008,1,72.0
O009840,P006,2,22.0
O009840,P021,1,62.0
O009840,P023,1,98.0
O009841,P019,1,19.0
O009841,P015,2,76.0
O009841,P021,1,62.0
O009841,P018,1,24.0
O009842,P006,2,22.0
O009843,P016,1,36.0
O009844,P012,1,20.0
O009845,P012,1,20.0
O009846,P018,1,24.0
O009847,P009,1,35.0
O009848,P004,1,64.0
O009848,P012,1,20.0
O009848,P015,1,76.0
O009849,P003,1,89.0
O009850,P010,1,39.0
O009850,P016,1,36.0
O009851,P010,1,39.0
O009852,P010,1,39.0
O009852,P019,2,19.0
O009853,P015,1,76.0
O009853,P008,1,72.0
O009854,P008,1,72.0
O009855,P023,1,98.0
O009856,P019,3,19.0
O009856,P001,1,129.0
O009856,P016,1,36.0
O009857,P016,1,36.0
O009857,P017,1,58.0
O009857,P006,1,22.0
O009858,P017,1,58.0
O009859,P015,1,76.0
O009859,P018,2,24.0
O009860,P021,1,62.0
O009861,P011,1,55.0
O009862,P004,1,64.0
O009863,P003,1,89.0
O009863,P016,1,36.0
O009864,P003,1,89.0
O009864,P008,1,72.0
O009864,P013,1,32.0
O009865,P014,1,118.0
O009866,P001,2,129.0
O009867,P021,1,62.0
O009867,P009,1,35.0
O009868,P010,1,39.0
O009868,P004,2,64.0
O009869,P023,1,98.0
O009870,P005,1,48.0
O009871,P012,1,20.0
O009872,P016,1,36.0
O009872,P015,1,76.0
O009872,P021,1,62.0
O009873,P013,1,32.0
O009874,P013,2,32.0
O009874,P018,1,24.0
O009874,P019,1,19.0
O009874,P015,1,76.0
O009875,P008,1,72.0
O009875,P009,1,35.0
O009876,P003,1,89.0
O009876,P018,1,24.0
O009876,P015,1,76.0
O009877,P016,1,36.0
O009877,P015,1,76.0
O009878,P012,1,
O009878,P015,1,76.0
O009879,P006,3,22.0
O009880,P016,2,36.0
O009881,P008,1,72.0
O009881,P015,1,76.0
O009881,P016,1,36.0
O009881,P009,1,35.0
O009882,P010,1,39.0
O009882,P003,1,89.0
O009883,P010,1,39.0
O009884,P018,1,24.0
O009884,P015,1,76.0
O009884,P007,2,41.0
O009884,P019,1,19.0
O009885,P005,1,48.0
O009886,P008,1,72.0
O009886,P003,1,89.0
O009886,P002,1,169.0
O009887,P017,1,58.0
O009888,P021,1,62.0
O009889,P015,1,76.0
O009890,P021,1,62.0
O009890,P018,1,24.0
O009891,P004,1,64.0
O009892,P003,1,89.0
O009892,P014,1,118.0
O009893,P009,1,35.0
O009893,P012,1,20.0
O009894,P007,1,41.0
O009895,P018,1,24.0
O009896,P017,3,58.0
O009896,P003,1,89.0
O009897,P014,1,118.0
O009897,P002,1,169.0
O009897,P018,1,24.0
O009897,P017,1,58.0
O009898,P018,2,24.0
O009899,P004,1,64.0
O009899,P018,2,24.0
O009900,P006,1,22.0
O009900,P001,1,129.0
O009901,P001,1,129.0
O009901,P008,1,72.0
O009902,P018,1,24.0
O009903,P016,1,36.0
O009904,P012,1,20.0
O009904,P018,1,24.0
O009905,P018,1,24.0
O009905,P020,1,28.0
O009906,P008,1,72.0
O009907,P019,3,19.0
O009908,P010,1,39.0
O009908,P018,1,24.0
O009908,P016,1,36.0
O009909,P012,1,20.0
O009909,P015,1,76.0
O009910,P003,2,89.0
O009910,P007,1,41.0
O009911,P008,1,72.0
O009911,P006,1,22.0
O009912,P012,1,20.0
O009912,P018,1,24.0
O009913,P004,1,64.0
O009914,P019,1,19.0
O009914,P002,1,169.0
O009914,P010,1,39.0
O009914,P015,1,76.0
O009915,P017,1,58.0
O009916,P018,2,24.0
O009917,P003,1,89.0
O009917,P001,1,129.0
O009918,P017,1,58.0
O009918,P008,1,72.0
O009918,P018,1,24.0
O009919,P015,1,76.0
O009919,P004,1,64.0
O009919,P018,1,24.0
O009920,P008,1,72.0
O009921,P004,1,64.0
O009921,P017,1,58.0
O009921,P018,1,24.0
O009921,P013,1,32.0
O009922,P016,1,36.0
O009923,P004,1,64.0
O009923,P003,1,89.0
O009923,P006,3,22.0
O009924,P022,1,54.0
O009925,P017,1,58.0
O009926,P004,1,64.0
O009926,P018,1,24.0
O009927,P009,2,35.0
O009928,P013,1,32.0
O009929,P013,1,32.0
O009929,P005,1,48.0
O009929,P006,1,22.0
O009929,P020,1,28.0
O009930,P016,1,36.0
O009930,P004,1,64.0
O009931,P014,3,118.0
O009932,P015,1,76.0
O009933,P006,1,22.0
O009934,P012,2,20.0
O009935,P018,1,24.0
O009936,P006,1,22.0
O009936,P015,1,76.0
O009937,P018,1,24.0
O009937,P004,1,64.0
O009938,P001,2,129.0
O009939,P023,1,98.0
O009940,P003,1,89.0
O009941,P008,1,72.0
O009942,P016,2,36.0
O009943,P012,1,20.0
O009944,P022,1,54.0
O009944,P018,1,24.0
O009944,P008,1,72.0
O009945,P003,1,89.0
O009946,P018,1,24.0
O009947,P004,1,64.0
O009948,P018,1,24.0
O009948,P009,1,35.0
O009949,P022,1,54.0
O009949,P018,2,24.0
O009950,P013,1,32.0
O009951,P015,2,76.0
O009951,P016,1,36.0
O009952,P018,2,24.0
O009952,P012,1,20.0
O009953,P012,1,20.0
O009953,P020,1,28.0
O009954,P015,1,76.0
O009954,P005,2,48.0
O009955,P017,2,58.0
O009956,P005,1,48.0
O009957,P008,1,72.0
O009958,P013,1,32.0
O009958,P009,1,35.0
O009959,P003,2,89.0
O009959,P018,1,24.0
O009960,P004,3,64.0
O009960,P013,1,32.0
O009961,P001,1,129.0
O009961,P004,1,64.0
O009962,P020,1,28.0
O009963,P008,1,72.0
O009964,P003,1,89.0
O009965,P008,1,72.0
O009966,P006,1,22.0
O009967,P010,1,39.0
O009967,P018,1,24.0
O009968,P015,1,76.0
O009969,P023,1,98.0
O009970,P003,1,89.0
O009971,P008,1,72.0
O009972,P015,1,76.0
O009972,P014,1,118.0
O009973,P012,1,20.0
O009974,P002,1,169.0
O009974,P008,1,72.0
O009974,P006,2,22.0
O009975,P017,1,58.0
O009976,P006,1,22.0
O009976,P021,1,62.0
O009976,P012,1,20.0
O009977,P018,1,24.0
O009978,P014,1,118.0
O009979,P008,1,72.0
O009979,P021,1,62.0
O009980,P013,1,32.0
O009981,P011,2,55.0
O009982,P021,3,62.0
O009982,P017,1,58.0
O009982,P014,1,118.0
O009983,P019,2,19.0
O009984,P003,1,89.0
O009985,P017,1,58.0
O009986,P021,1,62.0
O009986,P009,1,35.0
O009987,P006,1,22.0
O009987,P013,1,32.0
O009987,P019,1,19.0
O009988,P019,1,19.0
O009989,P018,3,24.0
O009989,P008,1,72.0
O009989,P004,2,64.0
O009990,P018,2,24.0
O009991,P013,1,32.0
O009991,P018,1,24.0
O009991,P021,2,62.0
O009992,P023,2,98.0
O009992,P018,1,24.0
O009992,P005,1,48.0
O009993,P018,1,24.0
O009994,P001,1,129.0
O009995,P018,1,24.0
O009995,P003,1,89.0
O009996,P002,1,169.0
O009996,P022,1,54.0
O009997,P008,1,72.0
O009997,P017,2,58.0
O009998,P018,2,24.0
O009999,P022,1,54.0
O009999,P004,1,64.0
O010000,P022,1,54.0
O010000,P002,1,169.0
O010001,P001,1,129.0
O010001,P010,1,39.0
O010002,P016,1,36.0
O010003,P023,1,98.0
O010003,P004,1,64.0
O010004,P016,1,36.0
O010005,P004,1,64.0
O010005,P006,1,22.0
O010006,P017,3,58.0
O010007,P004,1,64.0
O010008,P012,1,20.0
O010009,P002,1,169.0
O010010,P023,1,98.0
O010011,P016,1,36.0
O010012,P018,1,24.0
O010013,P003,2,89.0
O010014,P012,1,20.0
O010015,P019,1,19.0
O010015,P004,1,64.0
O010016,P016,1,36.0
O010016,P006,1,22.0
O010017,P018,2,24.0
O010017,P002,1,169.0
O010018,P019,2,19.0
O010019,P001,1,129.0
O010019,P003,1,89.0
O010020,P015,1,76.0
O010021,P015,1,76.0
O010022,P004,1,64.0
O010022,P009,2,35.0
O010023,P001,3,129.0
O010024,P006,1,22.0
O010025,P019,1,19.0
O010026,P017,1,58.0
O010026,P006,1,22.0
O010026,P002,1,169.0
O010027,P001,1,129.0
O010027,P018,1,24.0
O010028,P018,1,24.0
O010029,P020,1,28.0
O010029,P016,1,36.0
O010029,P015,1,76.0
O010030,P016,1,36.0
O010030,P012,1,20.0
O010030,P001,1,129.0
O010030,P013,1,32.0
O010031,P005,1,48.0
O010031,P015,1,76.0
O010032,P019,1,19.0
O010033,P010,1,39.0
O010033,P008,1,72.0
O010033,P006,2,22.0
O010034,P015,2,76.0
O010035,P004,1,64.0
O010035,P005,1,48.0
O010036,P003,1,89.0
O010036,P018,1,24.0
O010036,P019,1,19.0
O010036,P015,2,76.0
O010037,P018,1,24.0
O010038,P016,1,36.0
O010039,P005,1,48.0
O010040,P015,1,76.0
O010040,P012,1,20.0
O010040,P005,1,48.0
O010041,P001,1,129.0
O010042,P017,1,58.0
O010042,P018,3,24.0
O010042,P023,1,98.0
O010043,P002,1,169.0
O010044,P023,1,98.0
O010045,P006,1,22.0
O010046,P016,1,36.0
O010046,P004,1,64.0
O010047,P003,1,89.0
O010047,P016,2,36.0
O010048,P001,1,129.0
O010048,P012,1,20.0
O010049,P023,1,98.0
O010049,P009,1,35.0
O010050,P009,1,35.0
O010051,P002,1,169.0
O010052,P020,1,28.0
O010053,P009,1,35.0
O010054,P004,2,64.0
O010054,P009,1,35.0
O010054,P001,1,129.0
O010055,P018,1,24.0
O010055,P008,1,72.0
O010055,P017,1,58.0
O010056,P017,1,58.0
O010056,P015,1,76.0
O010056,P016,1,36.0
O010057,P004,1,64.0
O010058,P018,1,24.0
O010059,P018,1,24.0
O010059,P010,1,39.0
O010060,P018,1,24.0
O010061,P018,1,24.0
O010062,P009,1,35.0
O010063,P010,1,39.0
O010064,P019,1,19.0
O010064,P015,1,76.0
O010065,P020,1,28.0
O010066,P018,1,24.0
O010066,P008,1,72.0
O010066,P001,1,129.0
O010067,P023,1,98.0
O010068,P015,1,76.0
O010068,P008,1,72.0
O010069,P013,1,32.0
O010069,P016,1,36.0
O010070,P014,1,118.0
O010071,P009,1,35.0
O010072,P004,1,64.0
O010072,P022,1,54.0
O010072,P006,1,22.0
O010072,P015,1,76.0
O010073,P018,2,24.0
O010074,P004,1,64.0
O010075,P004,1,64.0
O010076,P012,1,20.0
O010076,P017,1,58.0
O010076,P002,1,169.0
O010077,P003,1,89.0
O010077,P010,1,39.0
O010078,P019,1,19.0
O010078,P002,1,169.0
O010078,P005,2,48.0
O010079,P012,1,20.0
O010080,P001,2,129.0
O010081,P012,1,20.0
O010082,P009,1,35.0
O010083,P012,1,20.0
O010084,P016,1,36.0
O010085,P022,1,54.0
O010086,P018,1,24.0
O010087,P006,1,22.0
O010087,P021,1,62.0
O010088,P013,1,32.0
O010089,P015,1,76.0
O010090,P009,1,35.0
O010090,P012,1,20.0
O010091,P018,1,24.0
O010092,P021,1,62.0
O010093,P019,1,19.0
O010094,P008,2,72.0
O010095,P018,1,24.0
O010095,P020,1,28.0
O010095,P013,1,32.0
O010095,P002,1,169.0
O010096,P020,1,28.0
O010096,P004,1,64.0
O010096,P015,1,76.0
O010097,P019,1,19.0
O010098,P018,1,24.0
O010098,P009,1,35.0
O010099,P013,2,32.0
O010100,P017,1,58.0
O010100,P015,1,76.0
O010101,P003,1,89.0
O010102,P018,1,24.0
O010103,P009,1,35.0
O010103,P013,1,32.0
O010104,P005,1,48.0
O010105,P009,1,35.0
O010105,P004,1,64.0
O010106,P008,1,72.0
O010107,P022,1,54.0
O010108,P015,1,76.0
O010109,P001,1,129.0
O010109,P003,1,89.0
O010110,P021,1,62.0
O010111,P009,1,35.0
O010112,P006,1,22.0
O010112,P023,1,98.0
O010112,P001,1,129.0
O010112,P015,2,76.0
O010113,P013,1,32.0
O010114,P021,1,62.0
O010115,P016,1,36.0
O010115,P005,1,48.0
O010115,P014,1,118.0
O010115,P015,1,76.0
O010116,P015,1,76.0
O010116,P008,1,72.0
O010117,P011,1,55.0
O010117,P018,2,24.0
O010118,P001,1,129.0
O010119,P015,1,76.0
O010120,P018,1,24.0
O010120,P003,2,89.0
O010120,P019,1,19.0
O010121,P017,1,58.0
O010122,P019,1,19.0
O010123,P002,2,169.0
O010123,P007,1,41.0
O010123,P004,1,64.0
O010124,P008,2,72.0
O010124,P018,1,24.0
O010124,P020,1,28.0
O010125,P002,1,169.0
O010126,P016,1,36.0
O010127,P015,1,76.0
O010127,P019,1,19.0
O010128,P018,1,24.0
O010128,P015,1,76.0
O010129,P001,1,129.0
O010129,P018,1,24.0
O010130,P023,1,98.0
O010130,P010,1,39.0
O010131,P015,1,76.0
O010131,P017,1,58.0
O010131,P001,1,129.0
O010132,P013,1,32.0
O010133,P012,1,20.0
O010134,P010,1,39.0
O010134,P018,1,24.0
O010135,P019,2,19.0
O010136,P008,1,72.0
O010136,P001,1,129.0
O010137,P008,2,72.0
O010137,P020,1,28.0
O010138,P004,1,64.0
O010138,P001,2,129.0
O010138,P023,1,98.0
O010138,P016,1,36.0
O010139,P017,1,58.0
O010139,P018,1,24.0
O010140,P019,1,19.0
O010140,P012,1,20.0
O010141,P017,2,58.0
O010142,P019,1,19.0
O010143,P017,1,58.0
O010143,P004,2,64.0
O010143,P016,1,36.0
O010144,P018,1,24.0
O010144,P017,1,58.0
O010145,P010,1,39.0
O010146,P009,1,35.0
O010146,P004,1,64.0
O010147,P023,3,98.0
O010147,P016,1,36.0
O010147,P018,1,24.0
O010148,P023,1,98.0
O010148,P019,1,19.0
O010149,P010,1,39.0
O010150,P006,1,22.0
O010151,P001,1,129.0
O010152,P002,2,169.0
O010152,P023,2,98.0
O010152,P013,1,32.0
O010153,P005,1,48.0
O010154,P016,1,36.0
O010155,P019,1,19.0
O010155,P018,1,24.0
O010155,P013,1,32.0
O010155,P016,1,36.0
O010156,P006,1,22.0
O010157,P018,1,24.0
O010157,P008,1,72.0
O010158,P016,2,36.0
O010159,P009,1,35.0
O010160,P013,2,32.0
O010160,P004,1,64.0
O010161,P023,1,98.0
O010162,P015,1,76.0
O010162,P016,1,36.0
O010163,P012,1,20.0
O010163,P013,1,32.0
O010163,P004,1,64.0
O010164,P003,1,89.0
O010165,P004,1,64.0
O010166,P016,1,36.0
O010167,P016,1,36.0
O010168,P018,1,24.0
O010169,P021,1,62.0
O010169,P013,1,32.0
O010169,P012,1,20.0
O010170,P003,1,89.0
O010171,P016,1,36.0
O010171,P023,1,98.0
O010172,P009,1,35.0
O010173,P015,1,76.0
O010174,P016,1,36.0
O010175,P023,1,98.0
O010175,P017,1,58.0
O010176,P001,1,129.0
O010176,P002,1,169.0
O010176,P013,1,32.0
O010177,P015,1,76.0
O010178,P004,1,64.0
O010178,P012,1,20.0
O010178,P021,1,62.0
O010178,P003,1,89.0
O010179,P021,1,62.0
O010180,P018,1,24.0
O010180,P013,2,32.0
O010181,P008,1,72.0
O010181,P009,1,35.0
O010181,P004,1,64.0
O010182,P019,1,19.0
O010182,P012,2,20.0
O010183,P001,1,129.0
O010184,P018,2,24.0
O010184,P015,1,76.0
O010185,P020,1,28.0
O010186,P011,1,55.0
O010187,P009,1,35.0
O010188,P001,2,129.0
O010189,P010,2,39.0
O010190,P001,1,129.0
O010191,P012,1,20.0
O010191,P006,1,22.0
O010192,P018,1,24.0
O010193,P007,1,41.0
O010194,P012,2,20.0
O010194,P004,1,64.0
O010195,P017,1,58.0
O010195,P008,1,72.0
O010196,P017,1,58.0
O010196,P002,2,169.0
O010197,P006,1,22.0
O010198,P009,1,35.0
O010199,P023,1,98.0
O010200,P015,2,76.0
O010201,P018,1,24.0
O010202,P020,1,28.0
O010202,P016,1,36.0
O010202,P004,1,64.0
O010202,P018,1,24.0
O010203,P001,1,129.0
O010204,P020,2,28.0
O010205,P018,1,24.0
O010206,P003,1,89.0
O010206,P015,1,76.0
O010207,P014,1,118.0
O010207,P010,1,39.0
O010208,P016,1,36.0
O010209,P001,1,129.0
O010210,P018,2,24.0
O010211,P008,1,72.0
O010211,P012,1,20.0
O010211,P004,1,64.0
O010212,P018,1,24.0
O010213,P004,1,64.0
O010214,P001,1,129.0
O010215,P003,1,89.0
O010215,P006,2,22.0
O010216,P004,2,64.0
O010216,P019,2,19.0
O010217,P018,1,24.0
O010218,P014,1,118.0
O010219,P015,1,76.0
O010219,P005,1,48.0
O010220,P019,1,19.0
O010221,P001,1,129.0
O010222,P012,1,20.0
O010222,P016,1,36.0
O010223,P020,1,28.0
O010223,P015,1,76.0
O010224,P017,2,58.0
O010225,P016,1,36.0
O010226,P012,1,20.0
O010227,P016,2,36.0
O010228,P018,1,24.0
O010229,P023,1,98.0
O010229,P001,1,129.0
O010230,P023,2,98.0
O010230,P004,2,64.0
O010230,P018,2,24.0
O010230,P021,1,62.0
O010231,P009,1,35.0
O010232,P015,3,76.0
O010233,P018,2,24.0
O010234,P012,2,20.0
O010235,P014,1,118.0
O010235,P010,1,39.0
O010236,P004,2,64.0
O010236,P002,2,169.0
O010236,P013,1,32.0
O010237,P018,1,24.0
O010238,P018,1,24.0
O010238,P016,1,36.0
O010238,P021,1,62.0
O010239,P008,2,72.0
O010239,P009,1,35.0
O010240,P006,1,22.0
O010241,P008,2,72.0
O010242,P006,1,22.0
O010242,P004,1,64.0
O010242,P018,1,24.0
O010243,P006,1,22.0
O010244,P018,2,24.0
O010245,P004,1,64.0
O010246,P010,1,39.0
O010246,P012,1,20.0
O010247,P018,1,24.0
O010247,P004,1,64.0
O010248,P005,1,48.0
O010249,P012,1,20.0
O010250,P016,1,36.0
O010251,P018,3,24.0
O010252,P008,1,72.0
O010253,P003,3,89.0
O010253,P004,2,64.0
O010253,P016,1,36.0
O010254,P016,2,36.0
O010255,P016,1,36.0
O010255,P004,1,64.0
O010255,P018,1,24.0
O010255,P003,3,89.0
O010256,P018,1,24.0
O010257,P004,1,64.0
O010258,P023,1,98.0
O010258,P001,1,129.0
O010258,P016,1,36.0
O010259,P002,1,169.0
O010260,P013,1,32.0
O010261,P016,1,36.0
O010261,P001,1,129.0
O010262,P023,1,98.0
O010262,P001,1,129.0
O010263,P004,1,64.0
O010263,P016,2,36.0
O010263,P001,1,129.0
O010264,P004,1,64.0
O010265,P012,1,20.0
O010265,P002,1,169.0
O010265,P006,1,22.0
O010266,P004,1,64.0
O010267,P018,1,24.0
O010268,P009,1,35.0
O010269,P013,1,32.0
O010270,P005,1,48.0
O010271,P008,1,72.0
O010272,P014,1,118.0
O010273,P008,1,72.0
O010274,P016,1,36.0
O010275,P010,1,39.0
O010276,P015,1,76.0
O010276,P018,2,
O010277,P019,1,19.0
O010278,P018,2,24.0
O010278,P013,1,32.0
O010279,P001,1,129.0
O010279,P023,1,98.0
O010280,P012,1,20.0
O010281,P011,1,55.0
O010282,P016,1,36.0
O010282,P014,2,118.0
O010283,P012,1,20.0
O010284,P002,1,169.0
O010284,P009,1,35.0
O010285,P009,1,35.0
O010286,P019,3,19.0
O010287,P012,1,20.0
O010288,P016,1,36.0
O010289,P013,1,32.0
O010290,P018,1,24.0
O010291,P014,1,118.0
O010292,P016,1,36.0
O010292,P018,1,24.0
O010293,P018,1,24.0
O010294,P015,1,76.0
O010295,P009,3,35.0
O010295,P016,1,36.0
O010295,P004,1,64.0
O010296,P019,1,19.0
O010296,P018,1,24.0
O010296,P004,1,64.0
O010297,P018,1,24.0
O010298,P011,1,55.0
O010299,P019,1,19.0
O010300,P018,1,24.0
O010300,P016,1,36.0
O010301,P009,1,35.0
O010301,P012,1,20.0
O010302,P023,1,98.0
O010303,P014,3,118.0
O010303,P009,1,35.0
O010303,P002,1,169.0
O010304,P004,2,64.0
O010305,P005,1,48.0
O010306,P021,1,62.0
O010307,P008,2,72.0
O010307,P018,1,24.0
O010308,P006,1,22.0
O010309,P018,1,24.0
O010310,P004,1,64.0
O010311,P003,1,89.0
O010311,P018,3,24.0
O010312,P017,2,58.0
O010312,P016,1,36.0
O010313,P019,1,19.0
O010314,P004,1,64.0
O010315,P004,2,64.0
O010316,P017,1,58.0
O010317,P008,1,72.0
O010317,P006,1,22.0
O010317,P023,1,98.0
O010318,P018,1,24.0
O010319,P019,1,19.0
O010319,P009,3,35.0
O010320,P018,1,24.0
O010321,P012,1,20.0
O010322,P006,1,22.0
O010322,P013,1,32.0
O010323,P015,1,76.0
O010324,P018,1,24.0
O010325,P017,1,58.0
O010325,P003,1,89.0
O010325,P009,1,35.0
O010326,P017,1,58.0
O010326,P009,1,35.0
O010327,P020,1,28.0
O010328,P001,1,129.0
O010328,P018,1,24.0
O010328,P006,1,22.0
O010328,P016,1,36.0
O010329,P014,1,118.0
O010329,P007,1,41.0
O010330,P018,2,24.0
O010331,P009,1,35.0
O010331,P006,3,22.0
O010331,P021,1,62.0
O010332,P019,1,19.0
O010333,P009,1,35.0
O010334,P016,1,36.0
O010335,P016,2,36.0
O010335,P018,2,24.0
O010335,P012,1,20.0
O010336,P016,1,36.0
O010336,P008,1,72.0
O010336,P013,1,32.0
O010337,P004,1,64.0
O010338,P018,2,24.0
O010338,P003,1,89.0
O010339,P010,1,39.0
O010339,P015,3,76.0
O010340,P018,2,24.0
O010341,P017,1,58.0
O010342,P019,1,19.0
O010343,P012,1,20.0
O010344,P001,1,129.0
O010345,P015,1,76.0
O010346,P009,2,35.0
O010347,P019,1,19.0
O010347,P006,1,22.0
O010347,P001,2,129.0
O010348,P006,1,22.0
O010348,P012,1,20.0
O010349,P011,1,55.0
O010350,P008,1,72.0
O010351,P019,2,19.0
O010351,P003,1,89.0
O010351,P008,1,72.0
O010352,P019,1,19.0
O010353,P010,1,39.0
O010354,P004,1,64.0
O010355,P018,1,24.0
O010355,P005,1,48.0
O010356,P016,1,36.0
O010356,P001,1,129.0
O010357,P008,2,72.0
O010358,P007,1,41.0
O010359,P016,1,36.0
O010359,P017,1,58.0
O010360,P004,1,64.0
O010361,P018,1,24.0
O010362,P001,1,129.0
O010362,P010,1,39.0
O010362,P013,1,32.0
O010363,P021,1,62.0
O010364,P001,2,129.0
O010364,P017,1,58.0
O010365,P017,2,58.0
O010365,P018,1,24.0
O010366,P010,1,39.0
O010367,P002,1,169.0
O010367,P001,1,129.0
O010368,P019,1,19.0
O010369,P012,1,20.0
O010370,P009,2,35.0
O010371,P007,1,41.0
O010371,P017,1,58.0
O010372,P003,1,89.0
O010373,P019,2,19.0
O010373,P008,1,72.0
O010374,P006,1,22.0
O010375,P016,1,36.0
O010376,P013,1,32.0
O010377,P008,1,72.0
O010378,P009,1,35.0
O010378,P021,1,62.0
O010378,P003,2,89.0
O010378,P015,1,76.0
O010379,P004,2,64.0
O010379,P001,3,129.0
O010379,P012,2,20.0
O010379,P018,1,24.0
O010380,P007,1,41.0
O010381,P018,1,24.0
O010381,P006,1,22.0
O010381,P023,2,98.0
O010381,P001,1,129.0
O010382,P014,1,118.0
O010383,P009,1,35.0
O010383,P015,1,76.0
O010384,P009,1,35.0
O010385,P015,1,76.0
O010386,P023,1,98.0
O010387,P019,1,19.0
O010387,P007,1,41.0
O010388,P002,1,169.0
O010389,P003,1,89.0
O010389,P001,2,129.0
O010389,P016,2,36.0
O010390,P016,1,36.0
O010390,P012,1,20.0
O010391,P018,1,24.0
O010392,P001,1,129.0
O010393,P021,1,62.0
O010394,P004,1,64.0
O010395,P015,1,76.0
O010396,P003,2,89.0
O010396,P016,1,36.0
O010397,P001,1,129.0
O010398,P016,1,36.0
O010399,P020,1,28.0
O010399,P004,1,64.0
O010400,P003,1,89.0
O010400,P004,1,64.0
O010400,P018,1,24.0
O010401,P017,1,58.0
O010402,P017,1,58.0
O010403,P020,1,28.0
O010404,P019,1,19.0
O010405,P017,1,58.0
O010405,P018,1,24.0
O010406,P021,1,62.0
O010407,P008,1,72.0
O010407,P009,1,35.0
O010408,P001,1,129.0
O010409,P009,1,35.0
O010410,P016,1,36.0
O010410,P002,2,169.0
O010410,P019,1,19.0
O010410,P003,1,89.0
O010411,P007,1,41.0
O010412,P015,1,76.0
O010412,P012,1,20.0
O010413,P015,1,76.0
O010413,P010,1,39.0
O010414,P010,1,39.0
O010415,P009,1,35.0
O010416,P002,1,169.0
O010416,P010,1,39.0
O010416,P004,1,64.0
O010417,P013,1,32.0
O010417,P003,1,89.0
O010418,P008,1,72.0
O010418,P013,2,32.0
O010418,P006,1,22.0
O010419,P002,1,169.0
O010420,P014,1,118.0
O010420,P018,1,24.0
O010420,P001,1,129.0
O010421,P018,1,24.0
O010422,P001,1,129.0
O010423,P006,1,22.0
O010423,P020,2,28.0
O010424,P003,1,89.0
O010424,P009,1,35.0
O010425,P009,1,35.0
O010425,P003,1,89.0
O010426,P017,1,58.0
O010427,P009,1,35.0
O010428,P017,1,58.0
O010428,P006,1,22.0
O010429,P015,1,76.0
O010430,P012,1,20.0
O010431,P019,1,19.0
O010432,P012,1,20.0
O010432,P022,1,54.0
O010432,P006,1,22.0
O010433,P009,1,35.0
O010433,P008,2,72.0
O010434,P003,1,89.0
O010434,P018,2,24.0
O010435,P016,1,36.0
O010436,P007,1,41.0
O010437,P001,1,129.0
O010437,P013,1,32.0
O010437,P005,1,48.0
O010437,P014,1,118.0
O010438,P010,1,39.0
O010438,P021,1,62.0
O010438,P008,1,72.0
O010439,P016,1,36.0
O010439,P020,1,28.0
O010439,P009,1,35.0
O010440,P002,3,169.0
O010441,P004,1,64.0
O010442,P001,1,129.0
O010443,P015,1,76.0
O010444,P017,1,58.0
O010445,P004,1,64.0
O010446,P018,2,24.0
O010446,P007,2,41.0
O010446,P019,1,19.0
O010447,P009,1,35.0
O010448,P008,1,72.0
O010449,P006,1,22.0
O010450,P018,1,24.0
O010450,P002,1,169.0
O010451,P009,1,35.0
O010452,P020,2,28.0
O010453,P012,1,20.0
O010454,P015,3,76.0
O010455,P008,2,72.0
O010456,P001,1,129.0
O010456,P018,1,24.0
O010457,P009,1,35.0
O010457,P017,2,58.0
O010457,P001,1,129.0
O010458,P017,1,58.0
O010459,P011,2,55.0
O010460,P021,1,62.0
O010460,P001,1,129.0
O010460,P004,1,64.0
O010461,P003,1,89.0
O010461,P018,1,24.0
O010462,P008,2,72.0
O010463,P016,1,36.0
O010464,P011,1,55.0
O010465,P006,1,22.0
O010466,P021,1,62.0
O010467,P012,1,20.0
O010468,P006,1,22.0
O010468,P019,1,19.0
O010469,P006,1,22.0
O010470,P018,3,24.0
O010470,P017,3,58.0
O010470,P009,1,35.0
O010470,P013,1,32.0
O010471,P018,2,24.0
O010472,P018,1,24.0
O010473,P002,1,169.0
O010473,P016,1,36.0
O010473,P008,1,72.0
O010474,P016,1,36.0
O010474,P004,1,64.0
O010475,P004,2,64.0
O010476,P021,1,62.0
O010477,P008,1,72.0
O010478,P018,1,24.0
O010479,P012,1,20.0
O010480,P015,1,76.0
O010480,P001,1,129.0
O010480,P004,1,64.0
O010480,P016,1,36.0
O010481,P021,1,62.0
O010481,P009,1,35.0
O010482,P008,1,72.0
O010482,P004,2,64.0
O010483,P019,1,19.0
O010484,P002,1,169.0
O010485,P018,1,24.0
O010486,P006,1,22.0
O010487,P018,1,24.0
O010488,P015,1,76.0
O010489,P023,1,98.0
O010489,P013,1,32.0
O010490,P021,1,62.0
O010490,P016,3,36.0
O010491,P004,1,64.0
O010492,P016,1,36.0
O010493,P004,1,64.0
O010493,P018,1,24.0
O010494,P004,1,64.0
O010495,P004,1,64.0
O010496,P015,1,76.0
O010497,P018,1,24.0
O010498,P019,1,19.0
O010499,P013,1,32.0
O010499,P004,1,64.0
O010500,P017,1,58.0
O010500,P004,1,64.0
O010501,P004,1,64.0
O010501,P021,1,62.0
O010501,P012,1,20.0
O010501,P016,1,36.0
O010502,P017,1,58.0
O010503,P018,1,24.0
O010504,P013,1,32.0
O010505,P015,1,76.0
O010505,P016,1,36.0
O010506,P016,1,36.0
O010506,P018,1,24.0
O010507,P018,1,24.0
O010508,P018,1,24.0
O010509,P009,1,35.0
O010510,P006,1,22.0
O010510,P013,1,32.0
O010510,P003,1,89.0
O010511,P003,1,89.0
O010512,P004,1,64.0
O010512,P011,2,55.0
O010513,P018,1,24.0
O010513,P012,1,20.0
O010514,P013,1,32.0
O010514,P017,1,58.0
O010515,P017,1,58.0
O010516,P007,1,41.0
O010517,P017,1,58.0
O010518,P020,2,28.0
O010519,P017,1,58.0
O010520,P016,1,36.0
O010521,P023,1,98.0
O010521,P009,1,35.0
O010522,P014,1,118.0
O010522,P020,1,28.0
O010523,P014,1,118.0
O010523,P016,1,36.0
O010524,P018,1,24.0
O010524,P016,1,36.0
O010524,P012,1,20.0
O010525,P018,1,24.0
O010525,P004,1,64.0
O010525,P005,1,48.0
O010526,P008,1,72.0
O010527,P018,1,24.0
O010528,P003,1,89.0
O010528,P016,1,36.0
O010528,P017,1,58.0
O010529,P009,1,35.0
O010529,P003,1,89.0
O010529,P006,1,22.0
O010529,P010,2,39.0
O010530,P021,2,62.0
O010531,P010,1,39.0
O010532,P003,1,89.0
O010533,P004,1,64.0
O010534,P016,1,36.0
O010534,P018,1,24.0
O010535,P017,1,58.0
O010535,P015,2,76.0
O010535,P004,1,64.0
O010536,P016,1,36.0
O010537,P008,2,72.0
O010537,P013,1,32.0
O010537,P018,1,24.0
O010538,P007,2,41.0
O010538,P009,1,35.0
O010538,P010,1,39.0
O010539,P008,3,72.0
O010540,P012,1,20.0
O010540,P011,1,55.0
O010541,P008,1,72.0
O010542,P006,1,22.0
O010543,P017,1,58.0
O010544,P001,1,129.0
O010544,P014,1,118.0
O010544,P009,1,35.0
O010545,P002,1,169.0
O010545,P018,1,24.0
O010545,P004,1,64.0
O010545,P008,1,72.0
O010546,P005,1,48.0
O010547,P018,1,24.0
O010547,P003,1,89.0
O010547,P010,2,39.0
O010547,P004,1,64.0
O010548,P014,1,
O010548,P004,1,64.0
O010549,P001,1,129.0
O010550,P020,1,28.0
O010551,P016,1,36.0
O010551,P006,1,22.0
O010552,P018,1,24.0
O010553,P012,-1,20.0
O010553,P021,1,62.0
O010554,P017,2,58.0
O010555,P011,1,55.0
O010556,P005,2,48.0
O010557,P004,1,64.0
O010557,P018,1,24.0
O010558,P021,2,62.0
O010558,P018,1,24.0
O010559,P002,1,169.0
O010560,P003,1,89.0
O010560,P023,2,98.0
O010561,P016,1,36.0
O010562,P001,1,129.0
O010562,P008,2,72.0
O010563,P013,1,32.0
O010564,P017,1,58.0
O010564,P021,1,62.0
O010565,P002,1,169.0
O010565,P001,1,129.0
O010565,P016,1,36.0
O010565,P009,1,35.0
O010566,P017,1,58.0
O010566,P013,1,32.0
O010567,P004,1,64.0
O010568,P015,1,76.0
O010569,P004,1,64.0
O010570,P018,1,24.0
O010571,P008,2,72.0
O010571,P011,1,55.0
O010571,P007,2,41.0
O010572,P019,1,19.0
O010573,P004,1,64.0
O010573,P003,1,89.0
O010574,P015,1,76.0
O010574,P021,2,62.0
O010575,P005,1,48.0
O010575,P006,1,22.0
O010576,P002,1,169.0
O010576,P003,1,89.0
O010577,P011,1,55.0
O010578,P017,2,58.0
O010578,P012,1,20.0
O010578,P010,1,39.0
O010579,P019,1,19.0
O010579,P012,1,20.0
O010579,P009,1,35.0
O010580,P003,2,89.0
O010580,P018,1,24.0
O010581,P004,1,64.0
O010581,P023,2,98.0
O010582,P018,1,24.0
O010583,P014,1,118.0
O010584,P017,1,58.0
O010585,P006,1,22.0
O010586,P006,1,22.0
O010587,P012,1,20.0
O010588,P012,2,20.0
O010589,P004,1,64.0
O010589,P019,1,19.0
O010589,P017,2,58.0
O010589,P006,1,22.0
O010590,P019,1,19.0
O010591,P012,1,20.0
O010592,P023,2,98.0
O010593,P003,1,89.0
O010593,P012,1,20.0
O010594,P002,1,169.0
O010594,P013,1,32.0
O010594,P018,2,24.0
O010594,P019,2,19.0
O010595,P019,2,19.0
O010596,P018,1,24.0
O010597,P002,1,169.0
O010598,P014,1,118.0
O010598,P007,1,41.0
O010599,P004,1,64.0
O010600,P015,1,76.0
O010601,P018,1,24.0
O010601,P004,1,64.0
O010601,P016,2,36.0
O010602,P015,2,76.0
O010602,P003,1,89.0
O010602,P008,1,72.0
O010602,P009,1,35.0
O010603,P019,1,19.0
O010604,P004,1,64.0
O010605,P017,1,58.0
O010605,P016,1,36.0
O010605,P006,2,22.0
O010606,P021,2,62.0
O010607,P006,2,22.0
O010608,P002,1,169.0
O010609,P009,2,35.0
O010609,P004,1,64.0
O010609,P001,1,129.0
O010610,P018,2,24.0
O010611,P021,1,62.0
O010611,P019,1,19.0
O010611,P015,2,76.0
O010612,P015,1,76.0
O010612,P008,0,72.0
O010612,P009,1,35.0
O010613,P008,2,72.0
O010613,P015,1,76.0
O010613,P018,1,24.0
O010614,P001,1,129.0
O010615,P023,1,98.0
O010615,P015,1,76.0
O010616,P019,1,19.0
O010616,P013,1,32.0
O010617,P004,2,64.0
O010618,P013,1,32.0
O010619,P018,1,24.0
O010620,P008,2,72.0
O010620,P016,1,36.0
O010620,P021,1,62.0
O010620,P009,1,35.0
O010621,P017,1,58.0
O010622,P021,1,62.0
O010623,P007,1,41.0
O010623,P003,1,89.0
O010624,P016,1,36.0
O010624,P014,1,118.0
O010625,P010,1,39.0
O010626,P006,1,22.0
O010627,P021,2,62.0
O010628,P009,1,35.0
O010628,P016,1,36.0
O010629,P001,2,129.0
O010630,P008,3,72.0
O010630,P006,1,22.0
O010631,P017,1,58.0
O010632,P013,1,32.0
O010632,P015,1,76.0
O010632,P002,1,169.0
O010632,P004,2,64.0
O010633,P004,1,64.0
O010634,P001,2,129.0
O010635,P009,1,35.0
O010635,P001,1,129.0
O010636,P006,1,22.0
O010636,P021,1,62.0
O010637,P016,1,36.0
O010638,P012,1,20.0
O010638,P017,2,58.0
O010639,P008,1,72.0
O010639,P021,1,62.0
O010640,P023,1,98.0
O010640,P009,1,35.0
O010640,P016,1,36.0
O010641,P020,2,28.0
O010642,P018,1,24.0
O010643,P017,1,58.0
O010644,P017,1,58.0
O010644,P021,1,62.0
O010645,P020,1,28.0
O010646,P009,1,35.0
O010646,P016,1,36.0
O010646,P002,1,169.0
O010646,P013,2,32.0
O010647,P009,2,35.0
O010647,P002,1,169.0
O010648,P009,1,35.0
O010648,P018,1,24.0
O010649,P017,1,58.0
O010650,P013,1,32.0
O010650,P001,1,129.0
O010651,P003,1,89.0
O010651,P018,1,24.0
O010651,P005,2,48.0
O010652,P008,2,72.0
O010652,P016,1,36.0
O010653,P018,3,24.0
O010654,P016,2,36.0
O010654,P018,1,24.0
O010655,P013,2,32.0
O010655,P008,1,72.0
O010656,P013,1,32.0
O010657,P017,1,58.0
O010658,P018,1,24.0
O010659,P018,1,24.0
O010659,P020,1,28.0
O010660,P004,2,64.0
O010661,P010,1,39.0
O010662,P012,1,20.0
O010663,P001,1,129.0
O010664,P018,1,24.0
O010665,P005,1,48.0
O010666,P006,1,22.0
O010667,P001,1,129.0
O010667,P021,1,62.0
O010668,P018,1,24.0
O010668,P012,1,20.0
O010668,P004,2,64.0
O010669,P012,1,20.0
O010670,P004,1,64.0
O010670,P002,1,169.0
O010671,P001,1,129.0
O010671,P012,2,20.0
O010671,P009,1,35.0
O010672,P012,0,20.0
O010672,P006,3,22.0
O010673,P018,1,24.0
O010674,P010,1,39.0
O010674,P001,1,129.0
O010674,P018,1,24.0
O010675,P017,1,58.0
O010676,P004,1,64.0
O010676,P018,1,24.0
O010677,P018,1,24.0
O010678,P004,1,64.0
O010678,P009,1,35.0
O010679,P019,1,19.0
O010680,P018,2,24.0
O010681,P023,1,98.0
O010681,P018,1,24.0
O010681,P022,1,54.0
O010682,P012,1,20.0
O010682,P018,2,24.0
O010683,P009,1,35.0
O010684,P014,1,118.0
O010684,P001,1,129.0
O010685,P015,1,76.0
O010685,P017,1,58.0
O010686,P016,2,36.0
O010687,P016,1,36.0
O010687,P018,1,24.0
O010688,P014,1,118.0
O010689,P008,2,72.0
O010690,P013,1,32.0
O010690,P016,2,36.0
O010690,P006,1,22.0
O010691,P008,1,72.0
O010692,P016,1,36.0
O010693,P006,1,22.0
O010694,P018,1,24.0
O010695,P001,1,129.0
O010695,P006,1,22.0
O010695,P004,1,64.0
O010696,P018,2,24.0
O010696,P016,1,36.0
O010697,P015,1,76.0
O010697,P016,1,36.0
O010698,P001,1,129.0
O010699,P009,1,35.0
O010700,P010,1,39.0
O010701,P017,2,58.0
O010701,P018,1,24.0
O010701,P012,1,20.0
O010701,P006,1,22.0
O010702,P008,2,72.0
O010702,P016,1,36.0
O010702,P002,2,169.0
O010703,P013,2,32.0
O010703,P014,1,118.0
O010703,P001,1,129.0
O010704,P006,1,22.0
O010704,P005,1,48.0
O010704,P014,2,118.0
O010705,P005,1,48.0
O010706,P006,1,22.0
O010706,P012,1,20.0
O010707,P020,1,28.0
O010708,P013,1,32.0
O010709,P004,1,64.0
O010709,P017,1,58.0
O010710,P007,1,41.0
O010710,P004,1,64.0
O010711,P017,1,58.0
O010712,P013,2,32.0
O010713,P018,1,24.0
O010713,P002,1,169.0
O010714,P020,1,28.0
O010714,P011,1,55.0
O010715,P009,1,35.0
O010715,P001,2,129.0
O010716,P004,3,64.0
O010716,P016,2,36.0
O010717,P016,1,36.0
O010717,P004,1,64.0
O010718,P017,1,58.0
O010718,P012,1,20.0
O010719,P002,1,169.0
O010720,P005,1,48.0
O010721,P002,1,169.0
O010721,P020,1,28.0
O010722,P003,1,89.0
O010722,P008,2,72.0
O010723,P003,2,89.0
O010724,P012,1,20.0
O010724,P006,1,22.0
O010724,P009,1,35.0
O010725,P004,1,64.0
O010725,P016,1,36.0
O010725,P012,1,20.0
O010726,P004,1,64.0
O010727,P018,1,24.0
O010728,P019,1,19.0
O010729,P018,1,24.0
O010730,P001,1,129.0
O010731,P001,1,129.0
O010732,P008,1,72.0
O010733,P004,1,64.0
O010734,P010,1,39.0
O010734,P012,1,20.0
O010734,P001,1,129.0
O010735,P006,1,22.0
O010735,P013,1,32.0
O010736,P018,2,24.0
O010736,P017,1,58.0
O010736,P016,2,36.0
O010736,P013,1,32.0
O010737,P001,3,129.0
O010738,P014,1,118.0
O010739,P008,1,72.0
O010740,P018,1,24.0
O010741,P001,1,129.0
O010741,P009,1,35.0
O010742,P018,3,24.0
O010742,P007,1,41.0
O010743,P004,1,64.0
O010744,P016,1,36.0
O010745,P015,1,76.0
O010746,P008,1,72.0
O010746,P016,1,36.0
O010746,P003,1,89.0
O010746,P018,1,24.0
O010747,P013,1,32.0
O010747,P002,3,169.0
O010748,P019,1,19.0
O010749,P001,0,129.0
O010750,P016,1,36.0
O010751,P016,1,36.0
O010752,P002,1,169.0
O010753,P006,1,22.0
O010754,P010,1,39.0
O010755,P006,1,22.0
O010755,P013,1,32.0
O010756,P018,1,24.0
O010757,P020,1,28.0
O010757,P022,2,54.0
O010757,P009,2,35.0
O010758,P016,2,36.0
O010759,P012,1,20.0
O010760,P004,1,64.0
O010760,P009,2,35.0
O010760,P008,1,72.0
O010761,P011,1,55.0
O010761,P023,1,98.0
O010762,P011,1,55.0
O010762,P021,1,62.0
O010763,P019,1,19.0
O010763,P006,1,22.0
O010764,P019,1,19.0
O010765,P018,1,24.0
O010766,P016,1,36.0
O010767,P008,1,72.0
O010768,P023,1,98.0
O010769,P017,1,58.0
O010769,P012,1,20.0
O010770,P018,1,24.0
O010770,P001,1,129.0
O010770,P015,2,76.0
O010770,P023,1,98.0
O010771,P009,1,35.0
O010772,P001,2,129.0
O010772,P016,1,36.0
O010772,P010,2,39.0
O010773,P009,1,35.0
O010774,P005,2,48.0
O010774,P006,1,22.0
O010775,P008,2,72.0
O010775,P013,3,32.0
O010776,P013,1,32.0
O010777,P012,1,20.0
O010778,P015,1,76.0
O010779,P008,1,72.0
O010779,P015,1,76.0
O010779,P016,1,36.0
O010780,P018,1,24.0
O010781,P012,1,20.0
O010781,P018,1,24.0
O010782,P018,1,24.0
O010782,P012,3,20.0
O010783,P022,1,54.0
O010784,P001,1,129.0
O010785,P006,1,22.0
O010786,P016,1,36.0
O010787,P017,1,58.0
O010787,P002,1,169.0
O010787,P018,2,24.0
O010787,P012,1,20.0
O010788,P010,1,39.0
O010788,P009,1,35.0
O010789,P014,2,118.0
O010790,P004,1,64.0
O010791,P007,2,41.0
O010791,P015,1,76.0
O010792,P018,1,24.0
O010792,P013,1,32.0
O010792,P003,1,89.0
O010793,P004,1,64.0
O010794,P018,3,24.0
O010795,P008,1,72.0
O010796,P015,1,76.0
O010797,P018,3,24.0
O010797,P008,1,72.0
O010797,P016,1,36.0
O010798,P008,1,72.0
O010799,P001,1,129.0
O010800,P004,1,64.0
O010800,P012,1,20.0
O010800,P008,1,72.0
O010801,P003,1,89.0
O010802,P017,1,58.0
O010803,P009,1,35.0
O010804,P013,1,32.0
O010804,P004,2,64.0
O010805,P001,1,129.0
O010806,P009,1,35.0
O010807,P017,1,58.0
O010807,P001,1,129.0
O010808,P018,1,24.0
O010808,P003,1,89.0
O010809,P015,1,76.0
O010810,P013,1,32.0
O010810,P003,1,89.0
O010810,P016,1,
O010811,P018,1,24.0
O010812,P018,1,24.0
O010813,P014,1,118.0
O010814,P017,1,58.0
O010814,P003,1,89.0
O010815,P009,1,35.0
O010816,P003,1,89.0
O010817,P002,1,169.0
O010818,P005,1,48.0
O010818,P001,1,129.0
O010818,P012,1,20.0
O010819,P003,3,89.0
O010820,P023,1,98.0
O010820,P018,1,24.0
O010821,P002,1,169.0
O010821,P017,1,58.0
O010822,P018,1,24.0
O010823,P005,1,48.0
O010823,P011,1,55.0
O010824,P021,2,62.0
O010824,P018,1,24.0
O010825,P015,1,76.0
O010825,P016,1,36.0
O010826,P012,1,20.0
O010827,P007,1,41.0
O010828,P015,1,76.0
O010829,P001,1,129.0
O010829,P012,1,20.0
O010830,P001,1,129.0
O010830,P008,1,72.0
O010831,P004,1,64.0
O010832,P003,1,89.0
O010832,P018,1,24.0
O010832,P010,1,39.0
O010832,P001,1,129.0
O010833,P002,1,169.0
O010833,P008,1,72.0
O010834,P012,2,20.0
O010835,P008,1,72.0
O010835,P006,1,22.0
O010836,P004,1,64.0
O010837,P018,1,24.0
O010838,P013,1,32.0
O010839,P010,2,39.0
O010840,P018,1,24.0
O010841,P014,1,118.0
O010841,P017,1,58.0
O010842,P018,1,24.0
O010842,P006,1,22.0
O010842,P013,1,32.0
O010842,P017,1,58.0
O010843,P010,1,39.0
O010844,P023,1,98.0
O010845,P017,1,58.0
O010846,P016,1,36.0
O010846,P002,1,169.0
O010846,P021,3,62.0
O010846,P008,-1,72.0
O010847,P013,1,32.0
O010848,P015,1,76.0
O010848,P023,1,98.0
O010849,P017,1,58.0
O010850,P015,1,76.0
O010851,P018,1,24.0
O010851,P009,1,35.0
O010852,P023,2,98.0
O010852,P006,1,22.0
O010853,P002,1,169.0
O010853,P008,1,72.0
O010853,P004,1,64.0
O010854,P004,1,64.0
O010855,P020,2,28.0
O010856,P020,1,28.0
O010857,P021,1,62.0
O010857,P015,1,76.0
O010857,P019,1,19.0
O010858,P015,1,76.0
O010859,P012,1,20.0
O010859,P019,1,19.0
O010860,P010,1,39.0
O010860,P023,1,98.0
O010861,P001,1,129.0
O010862,P003,1,89.0
O010863,P001,1,129.0
O010864,P001,3,129.0
O010865,P009,1,35.0
O010866,P013,1,32.0
O010866,P016,1,36.0
O010867,P016,1,36.0
O010867,P002,2,169.0
O010868,P005,1,48.0
O010868,P012,1,20.0
O010869,P021,1,62.0
O010870,P003,1,89.0
O010870,P001,1,129.0
O010870,P018,2,24.0
O010871,P016,1,36.0
O010872,P016,2,36.0
O010872,P007,1,41.0
O010873,P001,1,129.0
O010874,P018,1,24.0
O010875,P004,1,64.0
O010875,P018,1,24.0
O010875,P013,3,
O010876,P006,1,22.0
O010876,P015,1,76.0
O010876,P009,1,35.0
O010877,P018,2,24.0
O010877,P009,1,35.0
O010878,P003,1,89.0
O010878,P004,1,64.0
O010878,P008,1,72.0
O010879,P009,1,35.0
O010879,P006,1,22.0
O010880,P007,1,41.0
O010881,P019,1,19.0
O010882,P004,1,64.0
O010883,P015,1,76.0
O010884,P016,1,36.0
O010885,P006,1,22.0
O010886,P012,1,20.0
O010886,P007,1,41.0
O010887,P012,1,20.0
O010888,P001,2,129.0
O010889,P013,1,32.0
O010890,P004,1,64.0
O010891,P017,1,58.0
O010892,P012,1,20.0
O010892,P018,1,24.0
O010892,P003,1,89.0
O010893,P017,1,58.0
O010893,P001,1,129.0
O010894,P013,1,32.0
O010895,P003,1,89.0
O010896,P013,1,32.0
O010897,P006,1,22.0
O010897,P022,1,54.0
O010898,P018,1,24.0
O010899,P021,1,62.0
O010899,P004,1,64.0
O010900,P019,1,19.0
O010900,P008,1,72.0
O010901,P018,1,25.44
O010902,P004,2,67.84
O010903,P013,1,33.92
O010904,P009,1,37.1
O010905,P004,1,67.84
O010905,P014,1,125.08
O010905,P021,2,65.72
O010905,P020,1,29.68
O010906,P021,-1,65.72
O010906,P017,1,61.48
O010907,P003,1,94.34
O010907,P013,1,33.92
O010907,P015,1,80.56
O010908,P012,1,21.2
O010909,P023,1,103.88
O010910,P001,1,136.74
O010911,P006,1,23.32
O010912,P008,1,76.32
O010913,P021,1,65.72
O010913,P004,1,67.84
O010914,P019,1,20.14
O010914,P010,2,41.34
O010914,P006,1,23.32
O010915,P008,1,76.32
O010915,P006,1,23.32
O010916,P022,2,57.24
O010916,P016,1,38.16
O010917,P006,2,23.32
O010918,P007,1,43.46
O010919,P008,1,76.32
O010920,P006,1,23.32
O010920,P003,1,94.34
O010921,P003,2,94.34
O010921,P012,1,21.2
O010921,P017,1,61.48
O010922,P010,1,41.34
O010922,P003,1,94.34
O010923,P018,1,25.44
O010923,P006,3,23.32
O010923,P001,1,136.74
O010924,P016,1,38.16
O010924,P003,1,94.34
O010925,P018,1,25.44
O010926,P010,1,41.34
O010926,P006,1,23.32
O010927,P012,1,21.2
O010928,P020,1,29.68
O010928,P017,1,61.48
O010929,P001,1,136.74
O010930,P013,1,33.92
O010931,P004,1,67.84
O010932,P004,1,67.84
O010933,P002,1,179.14
O010933,P008,2,76.32
O010933,P017,1,61.48
O010933,P013,1,33.92
O010934,P004,1,67.84
O010934,P015,1,80.56
O010935,P022,1,57.24
O010936,P017,1,61.48
O010937,P012,1,21.2
O010938,P001,3,136.74
O010939,P014,2,125.08
O010940,P018,2,25.44
O010940,P016,1,38.16
O010941,P002,1,179.14
O010941,P008,1,76.32
O010941,P003,1,94.34
O010941,P013,1,33.92
O010942,P006,1,23.32
O010943,P013,1,33.92
O010943,P005,2,50.88
O010944,P008,1,76.32
O010944,P019,1,20.14
O010945,P009,1,37.1
O010946,P002,1,179.14
O010947,P012,2,21.2
O010948,P004,1,67.84
O010949,P012,1,21.2
O010949,P002,1,179.14
O010950,P018,1,25.44
O010950,P020,2,29.68
O010951,P018,1,25.44
O010952,P014,1,125.08
O010952,P016,1,38.16
O010953,P004,1,67.84
O010954,P003,1,94.34
O010954,P017,1,61.48
O010955,P004,1,67.84
O010956,P002,3,179.14
O010957,P019,1,20.14
O010957,P022,1,57.24
O010957,P021,1,65.72
O010958,P006,1,23.32
O010958,P001,1,136.74
O010959,P003,1,94.34
O010960,P009,1,37.1
O010960,P001,1,136.74
O010960,P004,1,67.84
O010961,P023,1,103.88
O010962,P006,1,23.32
O010963,P007,2,43.46
O010964,P020,3,29.68
O010964,P019,1,20.14
O010964,P008,1,76.32
O010965,P004,1,67.84
O010966,P022,2,57.24
O010967,P008,2,76.32
O010967,P005,1,50.88
O010967,P021,1,65.72
O010967,P006,1,23.32
O010968,P023,1,103.88
O010969,P008,1,76.32
O010970,P006,1,23.32
O010971,P004,1,67.84
O010972,P023,3,103.88
O010973,P003,1,94.34
O010973,P016,1,38.16
O010973,P006,3,23.32
O010974,P003,1,94.34
O010975,P012,1,21.2
O010976,P018,1,25.44
O010976,P013,1,33.92
O010977,P019,1,20.14
O010978,P008,1,76.32
O010979,P009,1,37.1
O010979,P020,1,29.68
O010980,P016,1,38.16
O010980,P023,1,103.88
O010981,P010,1,41.34
O010981,P013,1,33.92
O010981,P003,1,94.34
O010981,P002,1,179.14
O010982,P016,2,38.16
O010983,P021,1,65.72
O010983,P006,1,23.32
O010984,P004,1,67.84
O010985,P020,1,29.68
O010985,P018,1,25.44
O010985,P012,1,21.2
O010986,P016,1,38.16
O010986,P008,1,76.32
O010987,P023,1,103.88
O010988,P013,1,33.92
O010989,P004,2,67.84
O010989,P005,1,50.88
O010990,P013,1,33.92
O010990,P012,2,21.2
O010990,P006,2,23.32
O010991,P023,1,103.88
O010991,P006,1,23.32
O010991,P017,1,61.48
O010992,P002,1,179.14
O010992,P013,1,33.92
O010993,P001,1,136.74
O010994,P017,2,61.48
O010994,P010,1,41.34
O010995,P004,1,67.84
O010996,P021,1,65.72
O010997,P017,1,61.48
O010998,P006,1,23.32
O010998,P013,1,33.92
O010998,P008,2,76.32
O010999,P021,1,65.72
O010999,P012,1,21.2
O011000,P006,1,23.32
O011000,P001,2,136.74
O011001,P017,1,61.48
O011002,P019,1,20.14
O011003,P019,1,20.14
O011004,P020,3,29.68
O011004,P013,1,33.92
O011005,P003,1,94.34
O011006,P022,1,57.24
O011006,P001,1,136.74
O011006,P023,1,103.88
O011006,P013,3,33.92
O011007,P001,1,136.74
O011007,P023,1,103.88
O011008,P006,1,23.32
O011009,P019,1,20.14
O011010,P014,2,125.08
O011011,P006,1,23.32
O011011,P018,2,25.44
O011011,P005,1,50.88
O011012,P018,2,25.44
O011013,P001,1,136.74
O011014,P010,1,41.34
O011014,P013,1,33.92
O011015,P009,1,37.1
O011015,P019,1,20.14
O011016,P001,1,136.74
O011016,P016,1,38.16
O011016,P011,1,58.3
O011017,P013,1,33.92
O011018,P001,1,136.74
O011018,P023,1,103.88
O011018,P018,1,25.44
O011019,P008,1,76.32
O011019,P019,1,20.14
O011020,P013,1,33.92
O011021,P002,1,179.14
O011022,P003,1,94.34
O011022,P004,1,67.84
O011023,P019,1,20.14
O011024,P012,1,21.2
O011024,P006,1,23.32
O011024,P008,2,76.32
O011025,P019,1,20.14
O011025,P014,1,125.08
O011025,P021,1,65.72
O011025,P017,1,61.48
O011026,P021,1,65.72
O011026,P008,1,76.32
O011027,P016,1,38.16
O011027,P012,2,21.2
O011028,P023,1,103.88
O011028,P012,2,21.2
O011029,P020,1,29.68
O011030,P015,1,80.56
O011031,P006,1,23.32
O011032,P020,1,29.68
O011033,P014,1,125.08
O011033,P012,2,21.2
O011033,P005,2,50.88
O011033,P008,1,76.32
O011034,P014,1,125.08
O011034,P008,1,76.32
O011035,P012,1,21.2
O011035,P003,1,94.34
O011035,P004,1,67.84
O011035,P001,1,136.74
O011036,P017,1,61.48
O011037,P015,1,80.56
O011038,P013,1,33.92
O011039,P003,1,94.34
O011039,P013,1,33.92
O011039,P002,1,179.14
O011040,P004,1,67.84
O011041,P008,1,76.32
O011042,P006,2,23.32
O011043,P006,1,23.32
O011043,P001,1,136.74
O011044,P014,1,125.08
O011044,P004,1,67.84
O011045,P017,1,61.48
O011046,P005,3,50.88
O011046,P017,1,61.48
O011047,P014,1,125.08
O011048,P001,1,136.74
O011049,P008,1,76.32
O011049,P013,3,33.92
O011050,P023,1,103.88
O011051,P001,2,136.74
O011051,P003,1,94.34
O011052,P023,1,103.88
O011052,P018,1,25.44
O011053,P001,1,136.74
O011053,P003,1,94.34
O011053,P021,1,65.72
O011054,P004,1,67.84
O011054,P018,1,25.44
O011054,P017,1,61.48
O011055,P008,2,76.32
O011056,P021,1,65.72
O011056,P002,1,179.14
O011057,P023,1,103.88
O011058,P003,1,94.34
O011058,P007,1,43.46
O011058,P017,1,61.48
O011058,P004,1,67.84
O011059,P012,1,21.2
O011060,P001,1,136.74
O011061,P015,1,80.56
O011061,P009,1,37.1
O011061,P001,1,136.74
O011061,P021,1,65.72
O011062,P011,1,58.3
O011063,P019,1,20.14
O011064,P013,1,33.92
O011064,P017,1,61.48
O011065,P008,1,76.32
O011066,P018,1,25.44
O011067,P010,1,41.34
O011067,P001,1,136.74
O011068,P023,1,103.88
O011069,P017,1,61.48
O011069,P018,1,25.44
O011070,P006,1,23.32
O011070,P007,1,43.46
O011071,P013,1,33.92
O011072,P020,2,29.68
O011072,P003,1,94.34
O011073,P006,2,23.32
O011073,P012,1,21.2
O011074,P016,1,38.16
O011075,P006,2,23.32
O011075,P014,1,125.08
O011076,P013,1,33.92
O011076,P008,2,76.32
O011077,P023,1,103.88
O011078,P001,1,136.74
O011079,P017,2,61.48
O011079,P006,1,23.32
O011080,P001,1,136.74
O011081,P019,1,20.14
O011081,P012,1,21.2
O011082,P001,1,136.74
O011082,P012,1,21.2
O011083,P015,1,80.56
O011083,P020,1,29.68
O011083,P012,1,21.2
O011084,P006,1,23.32
O011085,P018,1,25.44
O011085,P001,1,136.74
O011086,P023,2,103.88
O011086,P001,1,136.74
O011087,P006,1,23.32
O011088,P001,1,136.74
O011088,P013,1,33.92
O011088,P022,1,57.24
O011088,P015,1,80.56
O011089,P006,1,23.32
O011090,P004,1,67.84
O011091,P002,1,179.14
O011092,P012,1,21.2
O011093,P012,2,21.2
O011094,P017,1,61.48
O011095,P013,1,33.92
O011096,P021,1,65.72
O011096,P003,1,94.34
O011097,P021,2,65.72
O011098,P023,2,103.88
O011098,P010,1,41.34
O011098,P012,1,21.2
O011099,P023,1,103.88
O011100,P001,3,136.74
O011100,P009,2,37.1
O011100,P019,1,20.14
O011101,P009,1,37.1
O011102,P001,3,136.74
O011102,P006,1,23.32
O011102,P013,1,33.92
O011103,P018,2,25.44
O011103,P004,1,67.84
O011103,P013,1,33.92
O011104,P008,3,76.32
O011105,P001,1,136.74
O011106,P003,1,94.34
O011107,P001,1,136.74
O011108,P004,1,67.84
O011108,P001,1,136.74
O011108,P006,1,23.32
O011109,P014,1,125.08
O011109,P023,1,103.88
O011109,P016,2,38.16
O011110,P003,1,94.34
O011110,P013,1,33.92
O011110,P004,1,67.84
O011111,P003,1,94.34
O011111,P019,1,20.14
O011112,P002,1,179.14
O011112,P019,1,20.14
O011112,P016,1,38.16
O011112,P006,1,23.32
O011113,P015,1,80.56
O011113,P021,1,65.72
O011114,P004,3,67.84
O011114,P023,1,103.88
O011114,P012,1,21.2
O011114,P009,1,37.1
O011115,P015,2,80.56
O011116,P017,2,61.48
O011116,P015,1,80.56
O011117,P013,2,33.92
O011118,P001,1,136.74
O011118,P017,2,61.48
O011118,P015,1,80.56
O011119,P004,1,67.84
O011119,P001,1,136.74
O011120,P019,1,20.14
O011121,P006,1,23.32
O011122,P023,1,103.88
O011123,P008,1,76.32
O011124,P006,1,23.32
O011125,P012,1,21.2
O011126,P015,1,80.56
O011127,P023,1,103.88
O011128,P021,1,65.72
O011129,P018,2,25.44
O011130,P018,1,25.44
O011131,P001,1,136.74
O011131,P002,1,179.14
O011131,P010,1,41.34
O011131,P004,1,67.84
O011132,P023,2,103.88
O011133,P004,1,67.84
O011134,P003,1,94.34
O011135,P022,1,57.24
O011136,P004,1,67.84
O011136,P023,1,103.88
O011137,P006,1,23.32
O011137,P021,1,65.72
O011138,P018,1,25.44
O011138,P009,1,37.1
O011139,P004,1,67.84
O011140,P004,1,67.84
O011141,P017,1,61.48
O011142,P012,1,21.2
O011142,P020,1,29.68
O011143,P007,1,43.46
O011144,P021,1,65.72
O011144,P017,1,61.48
O011144,P004,1,67.84
O011145,P001,1,136.74
O011146,P006,1,23.32
O011147,P022,3,57.24
O011147,P006,1,23.32
O011148,P008,1,76.32
O011149,P019,1,20.14
O011150,P008,1,76.32
O011151,P008,1,76.32
O011151,P004,1,67.84
O011151,P018,1,25.44
O011152,P021,1,65.72
O011152,P012,2,21.2
O011152,P006,1,23.32
O011153,P002,2,179.14
O011153,P023,1,103.88
O011154,P003,2,94.34
O011155,P009,1,37.1
O011155,P015,1,80.56
O011155,P006,2,23.32
O011156,P019,1,20.14
O011156,P013,1,33.92
O011157,P005,1,50.88
O011157,P013,2,33.92
O011157,P017,1,61.48
O011158,P020,1,29.68
O011158,P016,0,38.16
O011158,P002,1,179.14
O011159,P017,1,61.48
O011159,P001,1,136.74
O011160,P008,1,76.32
O011160,P006,1,23.32
O011161,P009,1,37.1
O011162,P011,1,58.3
O011163,P022,1,57.24
O011164,P021,1,65.72
O011165,P023,1,103.88
O011165,P011,1,58.3
O011166,P008,1,76.32
O011166,P009,1,37.1
O011167,P001,2,136.74
O011168,P018,1,25.44
O011168,P016,1,38.16
O011169,P014,1,125.08
O011170,P003,1,94.34
O011170,P006,1,23.32
O011170,P017,1,61.48
O011171,P021,1,65.72
O011171,P018,1,25.44
O011172,P018,2,25.44
O011173,P008,1,76.32
O011174,P009,1,37.1
O011175,P009,1,37.1
O011175,P012,2,21.2
O011175,P004,1,67.84
O011176,P014,1,125.08
O011176,P009,1,37.1
O011177,P008,1,76.32
O011178,P003,1,94.34
O011179,P006,1,23.32
O011179,P023,1,103.88
O011179,P015,1,80.56
O011180,P002,1,179.14
O011181,P002,1,179.14
O011182,P009,1,37.1
O011183,P012,2,21.2
O011183,P004,1,67.84
O011183,P018,2,25.44
O011184,P017,1,61.48
O011185,P023,1,103.88
O011185,P018,1,25.44
O011185,P017,1,61.48
O011186,P012,2,21.2
O011187,P004,1,67.84
O011187,P005,1,50.88
O011187,P006,1,23.32
O011188,P016,1,38.16
O011188,P019,1,20.14
O011189,P017,1,61.48
O011190,P006,1,23.32
O011191,P005,1,50.88
O011192,P018,1,25.44
O011193,P019,2,20.14
O011194,P006,1,23.32
O011194,P012,1,21.2
O011194,P019,1,20.14
O011195,P021,1,65.72
O011196,P001,1,136.74
O011197,P003,1,94.34
O011198,P013,1,33.92
O011198,P005,2,50.88
O011198,P004,1,67.84
O011199,P006,1,23.32
O011200,P002,1,179.14
O011200,P004,1,67.84
O011201,P016,1,38.16
O011201,P015,1,80.56
O011202,P006,1,23.32
O011202,P012,1,21.2
O011202,P019,1,20.14
O011203,P013,1,33.92
O011204,P012,1,21.2
O011204,P017,2,61.48
O011204,P021,1,65.72
O011204,P023,1,103.88
O011205,P016,1,38.16
O011205,P003,1,94.34
O011205,P013,1,33.92
O011205,P021,2,65.72
O011206,P017,1,61.48
O011207,P002,1,179.14
O011208,P014,1,125.08
O011209,P012,1,21.2
O011209,P022,3,57.24
O011210,P018,1,25.44
O011210,P021,1,65.72
O011211,P006,1,23.32
O011211,P013,2,33.92
O011211,P001,1,136.74
O011211,P023,1,103.88
O011212,P001,1,136.74
O011212,P020,1,29.68
O011212,P006,1,23.32
O011213,P008,1,76.32
O011214,P022,2,57.24
O011215,P023,1,103.88
O011216,P007,1,43.46
O011217,P018,1,25.44
O011218,P010,1,41.34
O011218,P018,1,25.44
O011218,P004,1,67.84
O011218,P012,1,21.2
O011219,P004,1,67.84
O011220,P019,1,20.14
O011221,P018,1,25.44
O011222,P003,1,94.34
O011223,P012,2,21.2
O011224,P018,1,25.44
O011225,P021,1,65.72
O011226,P015,1,80.56
O011226,P004,1,67.84
O011226,P010,1,41.34
O011227,P004,1,67.84
O011228,P012,1,21.2
O011228,P007,1,43.46
O011228,P013,2,33.92
O011229,P004,1,67.84
O011230,P023,2,103.88
O011230,P017,1,61.48
O011231,P008,1,76.32
O011232,P008,1,76.32
O011233,P008,1,76.32
O011234,P013,1,33.92
O011234,P006,1,23.32
O011235,P017,1,61.48
O011236,P004,1,67.84
O011237,P003,1,94.34
O011238,P001,2,136.74
O011238,P017,1,61.48
O011238,P004,1,67.84
O011239,P006,1,23.32
O011240,P013,1,33.92
O011240,P003,3,94.34
O011241,P018,2,25.44
O011242,P009,1,37.1
O011242,P008,3,76.32
O011243,P019,1,20.14
O011244,P004,1,67.84
O011245,P019,2,20.14
O011246,P004,1,67.84
O011247,P001,1,136.74
O011248,P005,1,50.88
O011249,P012,1,21.2
O011250,P006,1,23.32
O011251,P004,1,67.84
O011251,P006,1,23.32
O011252,P019,1,20.14
O011252,P012,1,21.2
O011252,P023,1,103.88
O011253,P007,1,43.46
O011254,P023,1,103.88
O011255,P005,1,50.88
O011255,P001,2,136.74
O011256,P017,1,61.48
O011257,P012,1,21.2
O011258,P010,1,41.34
O011258,P013,1,33.92
O011258,P008,1,76.32
O011259,P012,2,21.2
O011259,P022,1,57.24
O011260,P012,1,21.2
O011261,P010,1,41.34
O011261,P018,1,25.44
O011262,P012,1,21.2
O011262,P019,2,20.14
O011263,P004,3,67.84
O011264,P005,1,50.88
O011265,P023,1,103.88
O011265,P002,1,179.14
O011266,P023,1,103.88
O011266,P003,1,94.34
O011267,P001,1,136.74
O011267,P013,1,33.92
O011268,P009,1,37.1
O011269,P003,1,94.34
O011270,P004,1,67.84
O011270,P007,1,43.46
O011271,P016,1,38.16
O011272,P019,2,20.14
O011273,P001,3,136.74
O011274,P017,1,61.48
O011275,P004,1,67.84
O011275,P023,1,103.88
O011276,P001,2,136.74
O011276,P018,1,25.44
O011276,P017,1,61.48
O011277,P013,1,33.92
O011278,P013,1,33.92
O011278,P001,1,136.74
O011279,P004,1,67.84
O011280,P003,1,94.34
O011281,P005,1,50.88
O011281,P008,1,76.32
O011281,P021,1,65.72
O011282,P001,2,136.74
O011282,P013,2,33.92
O011283,P023,1,103.88
O011283,P003,1,94.34
O011284,P008,2,76.32
O011285,P018,1,25.44
O011285,P017,1,61.48
O011285,P013,1,33.92
O011285,P004,2,67.84
O011286,P006,2,23.32
O011287,P023,1,103.88
O011287,P013,1,33.92
O011288,P020,1,29.68
O011288,P013,1,33.92
O011289,P006,1,23.32
O011289,P023,1,103.88
O011289,P009,1,37.1
O011289,P004,1,67.84
O011290,P002,1,179.14
O011291,P013,1,33.92
O011292,P020,1,29.68
O011292,P001,2,136.74
O011293,P017,1,61.48
O011293,P018,2,25.44
O011293,P001,1,136.74
O011293,P023,1,103.88
O011294,P006,1,23.32
O011294,P001,1,136.74
O011295,P004,1,67.84
O011295,P017,1,61.48
O011295,P012,1,21.2
O011296,P012,1,21.2
O011296,P004,1,67.84
O011297,P002,1,179.14
O011298,P018,1,25.44
O011298,P012,1,21.2
O011298,P014,3,125.08
O011299,P009,1,37.1
O011300,P001,1,136.74
O011301,P001,1,136.74
O011302,P012,1,21.2
O011302,P019,1,20.14
O011302,P013,1,33.92
O011303,P021,1,65.72
O011303,P004,1,67.84
O011304,P023,1,103.88
O011304,P004,1,67.84
O011304,P010,1,41.34
O011305,P008,1,76.32
O011305,P002,1,179.14
O011305,P015,1,80.56
O011306,P004,3,67.84
O011306,P008,1,76.32
O011307,P003,1,94.34
O011308,P012,1,21.2
O011309,P021,1,65.72
O011309,P004,1,67.84
O011309,P010,1,41.34
O011310,P014,1,125.08
O011310,P017,1,61.48
O011311,P019,1,20.14
O011312,P014,2,125.08
O011312,P003,2,94.34
O011313,P015,1,80.56
O011313,P013,1,33.92
O011314,P003,1,94.34
O011315,P004,1,67.84
O011316,P013,2,33.92
O011317,P021,1,65.72
O011317,P013,1,33.92
O011318,P008,1,76.32
O011318,P022,1,57.24
O011318,P021,1,65.72
O011319,P011,1,58.3
O011320,P014,1,125.08
O011320,P023,1,103.88
O011320,P013,1,33.92
O011320,P021,1,65.72
O011321,P001,1,136.74
O011321,P015,1,80.56
O011322,P014,1,125.08
O011323,P004,1,67.84
O011324,P002,1,179.14
O011324,P006,1,23.32
O011325,P021,1,65.72
O011326,P004,1,67.84
O011327,P014,1,125.08
O011328,P004,2,67.84
O011329,P013,1,33.92
O011329,P006,-1,23.32
O011330,P013,1,33.92
O011331,P008,1,76.32
O011332,P002,1,179.14
O011333,P004,1,67.84
O011333,P010,1,41.34
O011334,P014,1,125.08
O011334,P021,1,65.72
O011335,P022,1,57.24
O011335,P012,1,21.2
O011336,P016,1,38.16
O011336,P019,1,20.14
O011337,P013,1,33.92
O011337,P001,1,136.74
O011337,P014,2,125.08
O011338,P017,1,61.48
O011339,P021,1,65.72
O011339,P018,1,25.44
O011340,P011,2,58.3
O011341,P011,1,58.3
O011341,P004,1,67.84
O011342,P019,1,20.14
O011343,P009,1,37.1
O011344,P021,1,65.72
O011344,P020,1,29.68
O011345,P022,1,57.24
O011345,P003,1,94.34
O011346,P021,1,65.72
O011347,P002,1,179.14
O011347,P003,1,94.34
O011347,P005,1,50.88
O011348,P008,1,76.32
O011349,P012,1,21.2
O011350,P023,1,103.88
O011350,P018,1,25.44
O011350,P001,1,136.74
O011350,P014,1,125.08
O011351,P017,1,61.48
O011352,P003,1,94.34
O011352,P017,1,61.48
O011352,P023,1,103.88
O011352,P010,1,41.34
O011353,P020,1,29.68
O011353,P013,1,33.92
O011354,P013,1,33.92
O011354,P001,1,136.74
O011354,P010,1,41.34
O011355,P003,0,94.34
O011356,P008,1,76.32
O011357,P002,1,179.14
O011358,P001,1,136.74
O011358,P012,1,21.2
O011358,P004,1,67.84
O011359,P012,1,21.2
O011360,P017,2,61.48
O011360,P009,1,37.1
O011361,P018,1,25.44
O011362,P015,2,80.56
O011362,P011,1,58.3
O011363,P017,1,61.48
O011363,P003,1,94.34
O011364,P021,2,65.72
O011365,P011,1,58.3
O011366,P018,1,25.44
O011367,P006,1,23.32
O011367,P016,1,38.16
O011368,P017,1,61.48
O011369,P012,1,21.2
O011370,P012,1,21.2
O011371,P004,1,67.84
O011372,P018,1,25.44
O011373,P006,2,23.32
O011374,P022,1,57.24
O011375,P008,1,76.32
O011376,P008,1,76.32
O011376,P023,2,103.88
O011377,P011,1,58.3
O011377,P017,1,61.48
O011378,P016,1,38.16
O011379,P004,1,67.84
O011380,P012,2,21.2
O011381,P017,2,61.48
O011382,P019,1,20.14
O011382,P017,1,61.48
O011383,P005,1,50.88
O011383,P009,1,37.1
O011384,P008,1,76.32
O011385,P011,2,58.3
O011386,P002,1,179.14
O011387,P004,1,67.84
O011388,P001,2,136.74
O011389,P009,1,37.1
O011390,P004,1,67.84
O011391,P005,2,50.88
O011391,P016,1,38.16
O011391,P023,1,103.88
O011392,P012,1,21.2
O011392,P007,2,43.46
O011393,P008,2,76.32
O011394,P013,2,33.92
O011395,P012,1,21.2
O011396,P002,1,179.14
O011397,P004,1,67.84
O011397,P014,1,125.08
O011398,P019,1,20.14
O011399,P003,1,94.34
O011399,P015,2,80.56
O011400,P006,1,23.32
O011401,P003,1,94.34
O011402,P014,1,125.08
O011402,P002,1,179.14
O011402,P003,1,94.34
O011403,P021,1,65.72
O011403,P003,1,94.34
O011403,P020,2,29.68
O011404,P004,1,67.84
O011404,P013,1,33.92
O011405,P001,2,136.74
O011406,P002,1,179.14
O011407,P002,1,179.14
O011407,P001,1,136.74
O011408,P013,1,33.92
O011409,P017,1,61.48
O011409,P013,1,33.92
O011410,P012,1,21.2
O011411,P012,1,21.2
O011412,P003,1,94.34
O011412,P008,1,76.32
O011413,P010,1,41.34
O011414,P016,1,38.16
O011414,P001,1,136.74
O011415,P004,1,67.84
O011416,P012,1,21.2
O011417,P008,1,76.32
O011418,P006,1,23.32
O011418,P009,1,37.1
O011419,P011,1,58.3
O011419,P017,1,61.48
O011420,P010,1,41.34
O011421,P016,1,38.16
O011422,P017,1,61.48
O011423,P003,1,94.34
O011423,P013,1,33.92
O011423,P007,1,43.46
O011424,P013,1,33.92
O011424,P008,1,76.32
O011425,P006,1,23.32
O011425,P014,1,125.08
O011426,P017,1,61.48
O011426,P008,2,76.32
O011426,P013,1,33.92
O011427,P012,1,21.2
O011427,P010,2,41.34
O011428,P017,2,61.48
O011428,P006,1,23.32
O011429,P002,1,179.14
O011430,P017,1,61.48
O011430,P023,1,103.88
O011431,P014,1,125.08
O011432,P015,1,80.56
O011433,P007,1,43.46
O011434,P006,2,23.32
O011435,P015,1,80.56
O011436,P021,1,65.72
O011437,P006,1,23.32
O011438,P012,1,21.2
O011439,P004,1,67.84
O011439,P013,1,33.92
O011440,P008,1,76.32
O011440,P006,1,23.32
O011440,P016,1,38.16
O011441,P006,1,23.32
O011441,P010,1,41.34
O011442,P007,1,43.46
O011443,P009,1,37.1
O011444,P012,3,21.2
O011445,P004,2,67.84
O011445,P006,1,23.32
O011446,P013,1,33.92
O011447,P012,1,21.2
O011447,P011,1,58.3
O011448,P003,1,94.34
O011448,P019,1,20.14
O011449,P004,1,67.84
O011450,P019,1,20.14
O011451,P004,1,67.84
O011452,P004,2,67.84
O011453,P023,1,103.88
O011453,P003,1,94.34
O011454,P021,1,65.72
O011454,P008,1,76.32
O011455,P012,1,21.2
O011456,P017,1,61.48
O011457,P015,1,80.56
O011457,P013,1,33.92
O011457,P012,1,21.2
O011457,P023,1,103.88
O011458,P012,1,21.2
O011458,P017,2,61.48
O011459,P018,2,25.44
O011460,P012,1,21.2
O011461,P006,1,23.32
O011461,P013,1,33.92
O011461,P005,2,50.88
O011462,P014,1,125.08
O011462,P008,3,76.32
O011463,P021,2,65.72
O011463,P004,1,67.84
O011464,P014,1,125.08
O011464,P010,1,41.34
O011465,P006,1,23.32
O011465,P012,2,21.2
O011465,P017,1,61.48
O011466,P008,1,76.32
O011467,P018,1,25.44
O011468,P011,1,58.3
O011468,P014,1,125.08
O011469,P012,3,21.2
O011469,P014,1,125.08
O011470,P004,1,67.84
O011471,P022,1,57.24
O011472,P003,1,94.34
O011473,P022,1,57.24
O011474,P016,2,38.16
O011474,P004,1,67.84
O011474,P009,1,37.1
O011475,P017,1,61.48
O011475,P013,1,33.92
O011476,P006,1,23.32
O011477,P006,1,23.32
O011477,P020,1,29.68
O011478,P008,1,76.32
O011478,P003,1,94.34
O011478,P004,1,67.84
O011479,P013,1,33.92
O011480,P008,1,76.32
O011481,P017,1,61.48
O011482,P012,1,21.2
O011483,P012,1,21.2
O011483,P021,1,65.72
O011484,P023,1,103.88
O011485,P009,1,37.1
O011485,P004,2,67.84
O011485,P011,1,58.3
O011485,P002,1,179.14
O011486,P015,1,80.56
O011486,P023,1,103.88
O011487,P014,2,125.08
O011488,P002,2,179.14
O011489,P012,1,21.2
O011490,P016,1,38.16
O011491,P018,1,25.44
O011492,P006,1,23.32
O011492,P021,1,65.72
O011492,P017,2,61.48
O011493,P023,1,103.88
O011493,P004,1,67.84
O011493,P018,1,25.44
O011494,P006,1,23.32
O011495,P002,1,179.14
O011495,P003,1,94.34
O011496,P004,2,67.84
O011497,P013,1,33.92
O011497,P009,1,37.1
O011497,P001,1,136.74
O011498,P013,2,33.92
O011498,P002,1,179.14
O011499,P006,1,23.32
O011500,P011,1,58.3
O011500,P016,1,38.16
O011500,P023,1,103.88
O011501,P006,1,23.32
O011501,P009,1,37.1
O011502,P018,1,25.44
O011503,P012,1,21.2
O011503,P019,1,20.14
O011504,P017,1,61.48
O011504,P022,1,57.24
O011505,P023,1,103.88
O011505,P004,1,67.84
O011505,P001,1,136.74
O011506,P018,1,25.44
O011507,P001,1,136.74
O011508,P008,1,76.32
O011508,P013,1,33.92
O011509,P010,1,41.34
O011510,P003,1,94.34
O011510,P001,1,136.74
O011510,P006,1,23.32
O011511,P015,1,80.56
O011512,P016,1,38.16
O011512,P010,1,41.34
O011512,P006,1,23.32
O011513,P019,2,20.14
O011514,P013,1,33.92
O011515,P008,1,76.32
O011515,P021,1,65.72
O011516,P010,1,41.34
O011516,P006,1,23.32
O011516,P012,1,21.2
O011516,P011,1,58.3
O011517,P001,3,136.74
O011517,P023,1,103.88
O011517,P002,3,179.14
O011518,P002,1,179.14
O011519,P012,1,21.2
O011520,P001,1,136.74
O011520,P023,1,103.88
O011521,P010,1,41.34
O011521,P004,3,67.84
O011522,P010,1,41.34
O011523,P018,1,25.44
O011524,P013,3,33.92
O011524,P008,1,76.32
O011524,P006,1,23.32
O011525,P004,1,67.84
O011526,P014,1,125.08
O011527,P006,1,23.32
O011527,P013,1,33.92
O011527,P002,2,179.14
O011527,P004,1,67.84
O011528,P019,1,20.14
O011528,P020,1,29.68
O011528,P012,1,21.2
O011528,P014,2,125.08
O011529,P017,1,61.48
O011529,P002,1,179.14
O011530,P006,1,23.32
O011531,P012,1,21.2
O011531,P008,1,76.32
O011531,P001,2,136.74
O011532,P003,2,94.34
O011532,P018,1,25.44
O011532,P009,1,37.1
O011533,P008,1,76.32
O011534,P023,1,103.88
O011535,P023,2,103.88
O011536,P021,1,65.72
O011536,P015,1,80.56
O011537,P001,1,136.74
O011537,P021,3,65.72
O011537,P004,1,67.84
O011538,P001,1,136.74
O011538,P013,1,33.92
O011538,P009,2,37.1
O011539,P021,1,65.72
O011540,P008,1,76.32
O011540,P022,3,57.24
O011541,P023,1,103.88
O011542,P018,1,25.44
O011542,P002,3,179.14
O011543,P017,3,61.48
O011544,P023,2,103.88
O011545,P010,1,41.34
O011546,P004,1,67.84
O011547,P013,1,33.92
O011548,P010,1,41.34
O011548,P006,1,23.32
O011549,P017,1,61.48
O011550,P017,1,61.48
O011550,P004,1,67.84
O011551,P016,1,38.16
O011551,P003,1,94.34
O011551,P019,1,20.14
O011552,P015,3,80.56
O011552,P023,2,103.88
O011553,P023,1,103.88
O011554,P017,1,61.48
O011555,P012,1,21.2
O011556,P021,1,65.72
O011557,P012,1,21.2
O011558,P001,1,136.74
O011559,P017,1,61.48
O011559,P010,3,41.34
O011559,P008,1,76.32
O011560,P005,1,50.88
O011561,P001,2,136.74
O011562,P016,1,38.16
O011562,P003,1,94.34
O011562,P020,1,29.68
O011563,P003,1,94.34
O011564,P020,1,29.68
O011565,P006,1,23.32
O011566,P012,1,21.2
O011567,P022,3,57.24
O011567,P013,1,33.92
O011568,P021,1,65.72
O011568,P004,1,67.84
O011569,P015,1,80.56
O011570,P018,1,25.44
O011570,P012,1,21.2
O011571,P010,1,41.34
O011571,P008,1,76.32
O011571,P016,1,38.16
O011572,P015,1,80.56
O011572,P009,1,37.1
O011573,P001,1,136.74
O011574,P013,1,33.92
O011574,P002,1,179.14
O011575,P021,2,65.72
O011576,P015,1,80.56
O011577,P007,1,43.46
O011577,P016,1,38.16
O011578,P003,1,94.34
O011579,P001,1,136.74
O011580,P021,1,65.72
O011581,P002,1,179.14
O011582,P011,1,58.3
O011582,P021,1,65.72
O011582,P008,2,
O011582,P006,1,23.32
O011583,P013,1,33.92
O011584,P023,3,103.88
O011585,P003,1,94.34
O011586,P006,2,23.32
O011587,P003,1,94.34
O011588,P021,1,65.72
O011589,P002,1,179.14
O011590,P007,2,43.46
O011590,P002,3,179.14
O011590,P018,1,25.44
O011590,P005,1,50.88
O011591,P013,1,33.92
O011592,P001,1,136.74
O011593,P001,2,136.74
O011594,P009,2,37.1
O011594,P010,1,41.34
O011594,P001,1,136.74
O011595,P018,3,25.44
O011596,P017,1,61.48
O011596,P010,1,41.34
O011596,P007,1,43.46
O011597,P006,1,23.32
O011597,P008,1,76.32
O011598,P017,1,61.48
O011599,P019,1,20.14
O011600,P006,2,23.32
O011600,P001,1,136.74
O011601,P008,1,76.32
O011601,P010,1,41.34
O011602,P001,3,136.74
O011603,P015,1,80.56
O011603,P006,1,23.32
O011604,P021,1,65.72
O011604,P005,1,50.88
O011605,P007,2,43.46
O011605,P001,1,136.74
O011605,P004,1,67.84
O011605,P012,1,21.2
O011606,P014,1,125.08
O011607,P018,1,25.44
O011607,P020,2,29.68
O011608,P007,1,43.46
O011609,P012,1,21.2
O011609,P005,2,50.88
O011609,P001,1,136.74
O011610,P014,1,125.08
O011611,P004,1,67.84
O011611,P019,1,20.14
O011612,P001,2,136.74
O011612,P013,1,33.92
O011613,P019,1,20.14
O011613,P002,1,179.14
O011613,P015,1,80.56
O011614,P018,1,25.44
O011615,P002,1,179.14
O011616,P006,1,23.32
O011616,P001,1,136.74
O011617,P015,1,80.56
O011618,P018,1,25.44
O011619,P003,1,94.34
O011619,P001,1,136.74
O011620,P021,1,65.72
O011620,P013,2,33.92
O011621,P017,1,61.48
O011622,P004,1,67.84
O011622,P003,1,94.34
O011622,P017,1,61.48
O011623,P017,1,61.48
O011624,P012,1,21.2
O011624,P006,1,23.32
O011625,P004,1,67.84
O011625,P001,1,136.74
O011626,P023,1,103.88
O011626,P019,1,20.14
O011627,P013,1,33.92
O011627,P012,2,21.2
O011627,P001,1,136.74
O011627,P008,1,76.32
O011628,P019,1,20.14
O011629,P020,1,29.68
O011630,P012,1,21.2
O011631,P017,1,61.48
O011632,P013,1,33.92
O011632,P003,1,94.34
O011633,P004,2,67.84
O011634,P020,2,29.68
O011635,P017,1,61.48
O011636,P021,1,65.72
O011636,P004,1,67.84
O011636,P019,2,20.14
O011637,P006,1,23.32
O011637,P015,2,80.56
O011637,P010,1,41.34
O011638,P016,1,38.16
O011638,P018,1,25.44
O011639,P006,1,23.32
O011640,P004,1,67.84
O011641,P017,1,61.48
O011642,P009,1,37.1
O011643,P006,2,23.32
O011644,P002,2,179.14
O011644,P004,1,67.84
O011645,P012,2,21.2
O011646,P004,1,67.84
O011647,P012,1,21.2
O011648,P018,1,25.44
O011649,P003,2,94.34
O011649,P006,1,23.32
O011649,P013,1,33.92
O011649,P001,1,136.74
O011650,P017,1,61.48
O011650,P007,1,43.46
O011650,P015,1,80.56
O011650,P012,1,21.2
O011651,P006,1,23.32
O011651,P008,1,76.32
O011651,P001,1,136.74
O011652,P012,1,21.2
O011652,P023,1,103.88
O011653,P023,1,103.88
O011653,P002,2,179.14
O011654,P008,2,76.32
O011655,P010,2,41.34
O011656,P009,1,37.1
O011657,P004,1,67.84
O011657,P002,1,179.14
O011657,P013,1,33.92
O011658,P006,1,23.32
O011658,P012,1,21.2
O011659,P008,1,76.32
O011660,P014,1,125.08
O011660,P006,1,23.32
O011661,P013,1,33.92
O011662,P004,1,67.84
O011662,P011,1,58.3
O011662,P016,1,38.16
O011663,P004,1,67.84
O011664,P008,1,76.32
O011665,P019,2,20.14
O011666,P009,1,37.1
O011667,P016,1,38.16
O011668,P019,2,20.14
O011669,P010,1,41.34
O011669,P018,1,25.44
O011670,P002,2,179.14
O011670,P018,1,25.44
O011671,P023,1,103.88
O011672,P023,1,103.88
O011672,P012,1,21.2
O011673,P016,1,38.16
O011674,P012,1,21.2
O011674,P001,1,136.74
O011675,P014,3,125.08
O011675,P021,1,65.72
O011676,P012,1,21.2
O011677,P020,1,29.68
O011678,P007,1,43.46
O011679,P004,1,67.84
O011680,P021,1,65.72
O011680,P018,1,25.44
O011680,P004,1,67.84
O011681,P018,1,25.44
O011681,P013,1,33.92
O011682,P023,1,103.88
O011683,P009,1,37.1
O011684,P001,2,136.74
O011685,P019,1,20.14
O011685,P002,1,179.14
O011685,P001,1,136.74
O011686,P013,1,33.92
O011686,P001,1,136.74
O011686,P019,2,20.14
O011687,P017,2,61.48
O011687,P023,1,103.88
O011687,P002,1,179.14
O011687,P001,1,136.74
O011688,P006,1,23.32
O011688,P004,1,67.84
O011689,P016,1,38.16
O011689,P014,2,125.08
O011689,P013,1,33.92
O011690,P016,1,38.16
O011691,P008,1,76.32
O011692,P003,1,94.34
O011693,P019,-1,20.14
O011694,P021,2,65.72
O011694,P003,1,94.34
O011695,P009,1,37.1
O011695,P013,1,33.92
O011696,P006,1,23.32
O011697,P008,1,76.32
O011697,P018,1,25.44
O011697,P013,2,33.92
O011697,P001,1,136.74
O011698,P008,1,76.32
O011698,P021,2,65.72
O011698,P013,1,33.92
O011699,P019,1,20.14
O011700,P003,1,94.34
O011701,P021,1,65.72
O011701,P013,1,33.92
O011702,P008,1,76.32
O011703,P008,1,76.32
O011704,P023,2,103.88
O011704,P002,1,179.14
O011705,P016,2,38.16
O011705,P017,2,61.48
O011705,P012,1,21.2
O011706,P018,1,25.44
O011706,P017,1,61.48
O011706,P001,1,136.74
O011706,P004,1,67.84
O011707,P006,1,23.32
O011707,P012,1,21.2
O011708,P004,1,67.84
O011708,P017,1,61.48
O011709,P001,3,136.74
O011709,P006,1,23.32
O011710,P018,1,25.44
O011711,P013,1,33.92
O011712,P016,1,38.16
O011713,P002,1,179.14
O011713,P017,1,61.48
O011713,P019,1,20.14
O011714,P013,3,33.92
O011715,P003,1,94.34
O011716,P021,1,65.72
O011717,P021,1,65.72
O011718,P002,1,179.14
O011718,P015,2,80.56
O011719,P004,1,67.84
O011720,P002,1,179.14
O011721,P012,1,21.2
O011721,P013,2,33.92
O011721,P003,1,94.34
O011722,P021,1,65.72
O011722,P020,3,29.68
O011722,P004,1,67.84
O011723,P012,1,21.2
O011723,P016,1,38.16
O011723,P010,1,41.34
O011724,P003,1,94.34
O011724,P008,1,76.32
O011724,P004,2,67.84
O011725,P019,2,20.14
O011726,P021,1,65.72
O011727,P004,1,67.84
O011728,P019,1,20.14
O011728,P001,1,136.74
O011729,P012,1,21.2
O011730,P011,1,58.3
O011731,P009,3,37.1
O011732,P020,1,29.68
O011733,P004,1,67.84
O011734,P001,1,136.74
O011735,P008,1,76.32
O011735,P017,2,61.48
O011736,P017,1,61.48
O011736,P013,1,33.92
O011737,P001,1,136.74
O011738,P023,1,103.88
O011738,P006,1,23.32
O011738,P009,1,37.1
O011738,P004,1,67.84
O011739,P003,1,94.34
O011740,P022,1,57.24
O011740,P019,1,20.14
O011741,P003,1,94.34
O011742,P010,3,41.34
O011743,P018,1,25.44
O011744,P018,1,25.44
O011745,P017,1,61.48
O011745,P018,1,25.44
O011745,P003,1,94.34
O011745,P019,1,20.14
O011746,P013,3,33.92
O011747,P001,1,136.74
O011748,P012,2,21.2
O011749,P014,1,125.08
O011750,P015,2,80.56
O011750,P003,2,94.34
O011750,P018,1,25.44
O011751,P004,1,67.84
O011752,P001,1,136.74
O011752,P017,1,61.48
O011753,P012,2,21.2
O011753,P006,1,23.32
O011753,P002,2,179.14
O011754,P004,1,67.84
O011755,P020,2,29.68
O011756,P013,1,33.92
O011757,P004,1,67.84
O011758,P017,2,61.48
O011759,P007,1,43.46
O011760,P019,1,20.14
O011761,P020,1,29.68
O011762,P006,2,23.32
O011763,P003,1,94.34
O011764,P004,1,67.84
O011765,P021,1,65.72
O011765,P012,1,21.2
O011766,P022,1,57.24
O011767,P008,1,76.32
O011767,P006,1,23.32
O011768,P009,1,37.1
O011768,P018,1,25.44
O011768,P017,3,61.48
O011769,P017,1,61.48
O011770,P013,1,33.92
O011771,P013,1,33.92
O011772,P017,1,61.48
O011773,P001,1,136.74
O011773,P018,1,25.44
O011774,P021,1,65.72
O011775,P013,1,33.92
O011776,P006,1,23.32
O011777,P017,1,61.48
O011778,P007,1,43.46
O011779,P018,1,25.44
O011780,P022,-1,57.24
O011780,P006,1,23.32
O011780,P004,2,67.84
O011781,P016,1,38.16
O011782,P018,1,25.44
O011782,P013,1,33.92
O011783,P022,1,57.24
O011784,P018,1,25.44
O011785,P018,1,25.44
O011785,P012,1,21.2
O011786,P023,3,103.88
O011786,P006,1,23.32
O011787,P020,2,29.68
O011788,P008,1,76.32
O011789,P013,2,33.92
O011789,P018,3,25.44
O011789,P017,1,61.48
O011790,P014,1,125.08
O011791,P012,1,21.2
O011791,P022,1,57.24
O011792,P017,1,61.48
O011792,P001,1,136.74
O011792,P004,2,67.84
O011792,P013,1,33.92
O011793,P017,1,61.48
O011793,P001,1,136.74
O011793,P014,3,125.08
O011794,P020,1,29.68
O011794,P008,1,76.32
O011795,P016,1,38.16
O011796,P018,1,25.44
O011797,P013,1,33.92
O011798,P013,1,33.92
O011798,P008,1,76.32
O011798,P021,1,65.72
O011799,P021,1,65.72
O011799,P009,1,37.1
O011800,P015,1,80.56
O011801,P001,1,136.74
O011801,P007,1,43.46
O011801,P022,1,57.24
O011802,P019,1,20.14
O011802,P006,3,23.32
O011803,P019,1,20.14
O011804,P004,1,67.84
O011804,P019,1,20.14
O011804,P017,1,61.48
O011805,P018,1,25.44
O011806,P018,1,25.44
O011807,P003,3,94.34
O011807,P017,2,61.48
O011807,P001,2,136.74
O011808,P006,1,23.32
O011809,P018,1,25.44
O011810,P003,1,94.34
O011811,P008,1,76.32
O011811,P019,2,20.14
O011811,P023,1,103.88
O011812,P005,1,50.88
O011812,P016,2,38.16
O011812,P004,1,67.84
O011813,P005,1,50.88
O011813,P010,2,41.34
O011813,P017,2,61.48
O011814,P003,1,94.34
O011815,P023,1,103.88
O011815,P006,1,23.32
O011815,P003,1,94.34
O011815,P013,1,33.92
O011816,P023,2,103.88
O011816,P004,1,67.84
O011817,P003,1,94.34
O011817,P016,1,38.16
O011817,P004,1,67.84
O011818,P013,1,33.92
O011818,P021,1,65.72
O011819,P023,1,103.88
O011819,P019,1,20.14
O011819,P018,1,25.44
O011820,P021,1,65.72
O011821,P004,1,67.84
O011822,P012,1,21.2
O011823,P003,1,94.34
O011824,P004,1,67.84
O011825,P001,1,136.74
O011825,P002,1,179.14
O011826,P012,1,21.2
O011827,P003,2,94.34
O011827,P019,1,20.14
O011828,P023,1,103.88
O011828,P006,1,23.32
O011829,P002,1,179.14
O011829,P019,1,20.14
O011829,P006,1,23.32
O011830,P016,3,38.16
O011831,P013,1,33.92
O011832,P012,1,21.2
O011832,P017,1,61.48
O011833,P009,1,37.1
O011834,P006,3,23.32
O011835,P001,1,136.74
O011836,P008,1,76.32
O011836,P001,1,136.74
O011837,P020,1,29.68
O011837,P008,1,76.32
O011837,P006,2,23.32
O011838,P023,1,103.88
O011838,P004,1,67.84
O011839,P016,1,38.16
O011840,P012,1,21.2
O011840,P008,1,76.32
O011841,P012,1,21.2
O011842,P008,1,76.32
O011842,P022,1,57.24
O011842,P023,1,103.88
O011842,P001,1,136.74
O011843,P006,1,23.32
O011844,P019,1,20.14
O011845,P001,1,136.74
O011846,P003,1,94.34
O011846,P004,1,67.84
O011846,P001,1,136.74
O011847,P021,1,65.72
O011848,P001,1,136.74
O011848,P013,1,33.92
O011849,P022,1,57.24
O011850,P007,1,43.46
O011851,P014,1,125.08
O011852,P002,2,179.14
O011853,P002,1,179.14
O011854,P013,1,33.92
O011855,P003,1,94.34
O011856,P010,1,41.34
O011856,P014,1,125.08
O011857,P008,1,76.32
O011858,P008,1,76.32
O011858,P003,1,94.34
O011859,P013,3,33.92
O011860,P018,1,25.44
O011861,P011,1,58.3
O011862,P015,1,80.56
O011862,P019,1,20.14
O011863,P014,1,125.08
O011863,P004,1,67.84
O011864,P018,2,25.44
O011865,P009,2,37.1
O011866,P006,3,23.32
O011866,P017,1,61.48
O011867,P009,1,37.1
O011867,P015,1,80.56
O011868,P008,1,76.32
O011868,P017,1,61.48
O011868,P021,1,65.72
O011869,P007,1,43.46
O011870,P004,3,67.84
O011870,P013,1,33.92
O011870,P006,1,23.32
O011871,P004,1,67.84
O011872,P022,2,57.24
O011872,P003,1,94.34
O011873,P002,1,179.14
O011874,P004,1,67.84
O011875,P018,1,25.44
O011875,P012,1,21.2
O011876,P003,1,94.34
O011877,P006,1,23.32
O011878,P008,1,76.32
O011879,P010,2,41.34
O011879,P004,1,67.84
O011879,P023,3,103.88
O011880,P012,1,21.2
O011880,P011,2,58.3
O011881,P013,1,33.92
O011882,P010,1,41.34
O011882,P017,1,61.48
O011883,P005,1,50.88
O011884,P016,1,38.16
O011885,P019,1,20.14
O011886,P023,1,103.88
O011887,P023,1,103.88
O011888,P008,1,76.32
O011889,P012,1,21.2
O011890,P006,1,23.32
O011890,P017,1,61.48
O011891,P001,1,136.74
O011892,P010,1,41.34
O011893,P006,1,23.32
O011894,P007,2,43.46
O011895,P001,1,136.74
O011895,P012,1,21.2
O011896,P021,1,65.72
O011896,P006,2,23.32
O011897,P005,1,50.88
O011898,P021,3,65.72
O011899,P001,-1,136.74
O011899,P012,2,21.2
O011900,P018,1,25.44
O011900,P002,1,179.14
O011901,P020,1,29.68
O011901,P011,1,58.3
O011902,P006,1,23.32
O011903,P020,1,29.68
O011903,P016,1,38.16
O011903,P018,1,25.44
O011904,P001,1,136.74
O011904,P004,1,67.84
O011905,P004,1,67.84
O011905,P005,2,50.88
O011906,P002,1,179.14
O011907,P003,1,94.34
O011907,P001,1,136.74
O011907,P020,1,29.68
O011908,P017,1,61.48
O011908,P016,1,38.16
O011909,P017,1,61.48
O011909,P020,1,29.68
O011909,P005,1,50.88
O011910,P006,1,23.32
O011911,P008,1,76.32
O011912,P006,1,23.32
O011912,P005,1,50.88
O011913,P021,2,65.72
O011914,P022,1,57.24
O011914,P016,1,38.16
O011915,P021,1,65.72
O011916,P004,1,67.84
O011916,P018,1,25.44
O011917,P007,1,43.46
O011917,P019,1,20.14
O011918,P019,1,20.14
O011918,P014,1,125.08
O011918,P001,1,136.74
O011919,P023,1,103.88
O011920,P005,1,50.88
O011921,P001,1,136.74
O011922,P006,1,23.32
O011923,P016,1,38.16
O011924,P003,1,94.34
O011924,P019,2,20.14
O011924,P021,1,65.72
O011925,P015,1,80.56
O011926,P021,1,65.72
O011927,P005,1,50.88
O011928,P011,1,58.3
O011929,P014,1,125.08
O011930,P008,1,76.32
O011931,P013,1,33.92
O011932,P012,1,21.2
O011932,P020,1,29.68
O011932,P004,1,67.84
O011933,P001,1,136.74
O011934,P003,1,94.34
O011934,P016,1,38.16
O011934,P001,1,136.74
O011935,P005,1,50.88
O011936,P006,1,23.32
O011937,P005,1,50.88
O011938,P015,1,80.56
O011939,P004,2,67.84
O011940,P004,1,67.84
O011941,P020,1,29.68
O011941,P022,1,57.24
O011941,P001,1,136.74
O011942,P015,1,80.56
O011943,P010,1,41.34
O011943,P013,1,33.92
O011943,P016,2,38.16
O011943,P006,1,23.32
O011944,P013,1,33.92
O011945,P017,1,61.48
O011945,P013,1,33.92
O011946,P011,1,58.3
O011947,P009,1,37.1
O011947,P021,1,65.72
O011948,P022,2,57.24
O011948,P017,1,61.48
O011948,P023,1,103.88
O011949,P020,1,29.68
O011949,P021,1,65.72
O011950,P018,1,25.44
O011950,P012,1,21.2
O011951,P013,1,33.92
O011952,P023,3,103.88
O011952,P006,1,23.32
O011952,P007,1,43.46
O011953,P002,2,179.14
O011953,P021,1,65.72
O011954,P017,1,61.48
O011955,P006,1,23.32
O011955,P005,1,50.88
O011955,P018,2,25.44
O011956,P023,1,103.88
O011957,P015,1,80.56
O011958,P017,1,61.48
O011959,P005,1,50.88
O011960,P004,1,67.84
O011960,P014,1,125.08
O011960,P009,1,37.1
O011961,P005,1,50.88
O011961,P012,1,21.2
O011962,P004,1,67.84
O011962,P016,1,38.16
O011963,P021,1,65.72
O011964,P018,1,25.44
O011965,P013,1,33.92
O011965,P002,1,179.14
O011966,P006,1,23.32
O011966,P008,1,76.32
O011966,P023,1,103.88
O011967,P017,3,61.48
O011967,P021,1,65.72
O011967,P003,1,94.34
O011968,P006,2,23.32
O011969,P015,1,80.56
O011970,P002,1,179.14
O011971,P010,1,41.34
O011971,P001,1,136.74
O011972,P002,1,179.14
O011973,P005,1,50.88
O011974,P008,2,76.32
O011975,P020,1,29.68
O011975,P003,1,94.34
O011976,P007,1,43.46
O011977,P023,1,103.88
O011977,P013,2,33.92
O011978,P006,1,23.32
O011978,P016,1,38.16
O011978,P013,1,33.92
O011978,P003,2,94.34
O011979,P019,1,20.14
O011979,P016,1,38.16
O011979,P006,1,23.32
O011980,P008,1,76.32
O011981,P001,1,136.74
O011981,P012,1,21.2
O011982,P019,1,20.14
O011982,P018,1,25.44
O011982,P017,1,61.48
O011983,P008,1,76.32
O011983,P013,1,33.92
O011984,P004,1,67.84
O011985,P004,1,67.84
O011986,P019,1,20.14
O011986,P017,1,61.48
O011986,P001,1,136.74
O011987,P017,1,61.48
O011988,P023,1,103.88
O011988,P020,1,29.68
O011989,P010,1,41.34
O011990,P002,1,179.14
O011990,P019,1,20.14
O011990,P021,1,65.72
O011990,P004,3,67.84
O011991,P008,2,76.32
O011992,P020,1,29.68
O011992,P022,1,57.24
O011993,P017,2,61.48
O011993,P012,1,21.2
O011994,P014,1,125.08
O011994,P018,1,25.44
O011995,P017,1,61.48
O011995,P012,2,21.2
O011996,P019,1,20.14
O011996,P007,1,43.46
O011997,P007,2,43.46
O011998,P001,1,136.74
O011998,P004,1,67.84
O011999,P004,2,67.84
O011999,P013,1,33.92
O012000,P017,1,61.48
O012000,P012,1,21.2
O012001,P020,1,29.68
O012002,P007,1,43.46
O012003,P001,1,136.74
O012004,P022,3,57.24
O012004,P013,1,33.92
O012005,P004,1,67.84
O012005,P009,2,37.1
O012006,P018,1,25.44
O012006,P022,1,57.24
O012006,P004,1,67.84
O012006,P007,2,43.46
O012007,P023,1,103.88
O012008,P004,1,67.84
O012009,P006,1,23.32
O012009,P004,1,67.84
O012009,P020,1,29.68
O012009,P013,1,33.92
O012010,P001,1,136.74
O012011,P020,1,29.68
O012012,P017,1,61.48
O012013,P008,1,76.32
O012014,P006,1,23.32
O012014,P023,1,103.88
O012014,P001,1,136.74
O012015,P007,1,43.46
O012015,P008,2,76.32
O012016,P022,1,57.24
O012016,P020,1,29.68
O012017,P004,1,67.84
O012017,P002,1,179.14
O012018,P015,1,80.56
O012019,P004,1,67.84
O012020,P004,3,67.84
O012020,P006,1,23.32
O012021,P016,-1,38.16
O012021,P019,1,20.14
O012021,P023,1,103.88
O012021,P014,1,125.08
O012022,P006,2,23.32
O012022,P002,1,179.14
O012023,P021,2,65.72
O012023,P008,1,76.32
O012024,P001,1,136.74
O012025,P004,1,67.84
O012026,P004,1,67.84
O012026,P020,1,29.68
O012027,P019,1,20.14
O012027,P012,1,21.2
O012027,P021,1,65.72
O012027,P004,1,67.84
O012028,P004,1,67.84
O012029,P015,1,80.56
O012030,P008,1,76.32
O012030,P012,1,21.2
O012030,P019,1,20.14
O012031,P021,1,65.72
O012031,P008,1,76.32
O012031,P012,1,21.2
O012032,P013,1,33.92
O012033,P006,2,23.32
O012033,P018,1,25.44
O012034,P001,1,136.74
O012034,P002,1,179.14
O012034,P023,1,103.88
O012034,P013,1,33.92
O012035,P004,1,67.84
O012036,P001,1,136.74
O012036,P009,1,37.1
O012036,P017,1,61.48
O012037,P003,1,94.34
O012037,P008,1,76.32
O012038,P006,1,23.32
O012039,P016,1,38.16
O012039,P002,1,179.14
O012039,P013,1,33.92
O012039,P010,1,41.34
O012040,P003,1,94.34
O012041,P016,2,38.16
O012042,P006,1,23.32
O012042,P022,1,57.24
O012042,P004,2,67.84
O012043,P017,1,61.48
O012044,P021,1,65.72
O012044,P001,1,136.74
O012045,P021,1,65.72
O012045,P016,1,38.16
O012046,P007,1,43.46
O012047,P008,1,76.32
O012048,P020,1,29.68
O012049,P023,1,103.88
O012050,P001,1,136.74
O012051,P013,1,33.92
O012052,P002,1,179.14
O012053,P006,1,23.32
O012053,P009,1,37.1
O012054,P017,1,61.48
O012055,P015,3,80.56
O012055,P001,2,136.74
O012056,P011,1,58.3
O012057,P016,1,38.16
O012057,P003,1,94.34
O012058,P007,1,43.46
O012058,P011,1,58.3
O012059,P012,1,21.2
O012060,P004,1,67.84
O012060,P021,2,65.72
O012061,P003,1,94.34
O012062,P004,1,67.84
O012063,P012,1,21.2
O012064,P001,1,136.74
O012064,P010,1,41.34
O012065,P023,1,103.88
O012066,P004,1,67.84
O012066,P016,1,38.16
O012066,P002,1,179.14
O012067,P020,1,29.68
O012068,P013,1,33.92
O012069,P006,1,23.32
O012070,P004,1,67.84
O012070,P003,3,94.34
O012071,P020,1,29.68
O012072,P001,1,136.74
O012072,P003,1,94.34
O012073,P021,1,65.72
O012074,P004,1,67.84
O012074,P014,1,125.08
O012075,P022,1,57.24
O012075,P004,3,67.84
O012076,P008,1,76.32
O012077,P004,1,67.84
O012077,P023,1,103.88
O012077,P012,1,21.2
O012078,P018,1,25.44
O012079,P001,3,136.74
O012080,P003,1,94.34
O012081,P018,1,25.44
O012082,P019,1,20.14
O012083,P013,1,33.92
O012083,P021,1,65.72
O012083,P017,1,61.48
O012084,P008,1,76.32
O012084,P017,1,61.48
O012085,P005,1,50.88
O012086,P023,1,103.88
O012086,P019,1,20.14
O012086,P010,1,41.34
O012087,P002,1,179.14
O012087,P001,1,136.74
O012088,P008,1,76.32
O012088,P005,2,50.88
O012089,P001,1,136.74
O012089,P005,1,50.88
O012090,P010,1,41.34
O012090,P003,1,94.34
O012091,P010,1,41.34
O012091,P017,1,61.48
O012092,P006,1,23.32
O012092,P001,1,136.74
O012092,P013,1,33.92
O012092,P019,1,20.14
O012093,P003,2,94.34
O012093,P017,3,61.48
O012093,P013,1,33.92
O012094,P013,1,33.92
O012095,P010,1,41.34
O012096,P008,2,76.32
O012097,P012,1,21.2
O012098,P003,1,94.34
O012098,P007,1,43.46
O012098,P023,1,103.88
O012099,P005,2,50.88
O012100,P008,1,76.32
O012100,P006,2,23.32
O012101,P019,1,20.14
O012102,P018,1,25.44
O012103,P003,1,94.34
O012104,P006,1,23.32
O012104,P004,1,67.84
O012104,P003,1,94.34
O012105,P004,1,67.84
O012106,P012,1,21.2
O012107,P014,1,125.08
O012107,P009,1,37.1
O012107,P004,1,67.84
O012107,P003,1,94.34
O012108,P021,1,65.72
O012109,P002,1,179.14
O012109,P018,1,25.44
O012109,P023,1,103.88
O012110,P022,3,57.24
O012111,P023,2,103.88
O012111,P002,1,179.14
O012111,P014,1,125.08
O012112,P008,1,76.32
O012113,P010,2,41.34
O012114,P012,1,21.2
O012115,P023,1,103.88
O012115,P021,1,65.72
O012115,P019,1,20.14
O012116,P003,1,94.34
O012116,P007,1,43.46
O012117,P001,1,136.74
O012118,P011,1,58.3
O012119,P006,1,23.32
O012120,P003,1,94.34
O012121,P006,1,23.32
O012122,P008,1,76.32
O012123,P005,1,50.88
O012123,P003,1,94.34
O012124,P007,1,43.46
O012124,P008,1,76.32
O012125,P023,1,103.88
O012125,P012,1,21.2
O012126,P019,1,20.14
O012127,P020,2,29.68
O012128,P004,1,67.84
O012129,P005,1,50.88
O012129,P021,1,65.72
O012129,P003,1,94.34
O012129,P023,1,103.88
O012130,P004,1,67.84
O012131,P006,1,23.32
O012132,P008,1,76.32
O012133,P012,1,21.2
O012133,P007,1,43.46
O012133,P022,1,57.24
O012134,P003,1,94.34
O012134,P023,1,103.88
O012135,P006,1,23.32
O012136,P020,3,29.68
O012137,P012,1,21.2
O012138,P019,1,20.14
O012138,P003,1,94.34
O012138,P002,1,179.14
O012138,P004,3,67.84
O012139,P003,1,94.34
O012139,P023,1,103.88
O012140,P013,1,33.92
O012140,P004,1,67.84
O012140,P020,1,29.68
O012141,P007,1,43.46
O012142,P013,1,33.92
O012142,P021,3,65.72
O012143,P016,1,38.16
O012144,P023,1,103.88
O012144,P012,1,21.2
O012144,P006,1,23.32
O012144,P016,1,38.16
O012145,P004,1,67.84
O012145,P015,1,80.56
O012146,P002,1,179.14
O012147,P019,1,20.14
O012148,P005,1,50.88
O012149,P016,1,38.16
O012149,P002,1,179.14
O012150,P012,1,21.2
O012150,P014,1,125.08
O012150,P013,1,33.92
O012150,P001,1,136.74
O012151,P001,2,136.74
O012151,P016,2,38.16
O012152,P019,1,20.14
O012152,P006,1,23.32
O012153,P013,2,33.92
O012153,P011,1,58.3
O012154,P015,1,80.56
O012154,P017,1,61.48
O012155,P012,1,21.2
O012156,P008,1,76.32
O012157,P006,1,23.32
O012157,P007,1,43.46
O012158,P013,1,33.92
O012158,P019,2,20.14
O012158,P014,1,125.08
O012159,P017,2,61.48
O012159,P019,1,20.14
O012160,P019,1,20.14
O012161,P017,1,61.48
O012161,P007,1,43.46
O012162,P006,1,23.32
O012163,P002,1,179.14
O012164,P012,1,21.2
O012165,P021,1,65.72
O012165,P005,1,50.88
O012165,P013,1,33.92
O012166,P012,1,21.2
O012167,P008,2,76.32
O012167,P001,1,136.74
O012167,P021,1,65.72
O012168,P018,1,25.44
O012169,P016,1,38.16
O012169,P002,1,179.14
O012170,P005,1,50.88
O012170,P019,1,20.14
O012170,P001,1,136.74
O012171,P010,1,41.34
O012171,P004,2,67.84
O012172,P002,2,179.14
O012173,P012,1,21.2
O012174,P013,2,33.92
O012175,P013,1,33.92
O012175,P023,1,103.88
O012175,P003,1,94.34
O012175,P018,1,25.44
O012176,P022,1,57.24
O012177,P018,1,25.44
O012178,P023,1,103.88
O012178,P022,1,57.24
O012179,P004,1,67.84
O012180,P021,2,65.72
O012181,P007,1,43.46
O012182,P003,2,94.34
O012182,P002,2,179.14
O012183,P013,1,33.92
O012183,P018,1,25.44
O012184,P016,1,38.16
O012185,P017,1,61.48
O012185,P013,1,33.92
O012186,P012,1,21.2
O012187,P002,1,179.14
O012187,P016,1,38.16
O012188,P003,1,94.34
O012189,P016,3,38.16
O012190,P014,1,125.08
O012191,P006,1,23.32
O012191,P021,2,65.72
O012192,P018,1,25.44
O012193,P006,1,23.32
O012194,P018,1,25.44
O012195,P015,1,80.56
O012195,P006,1,23.32
O012196,P012,2,21.2
O012196,P019,1,20.14
O012197,P012,1,21.2
O012198,P009,1,37.1
O012199,P010,1,41.34
O012199,P016,1,38.16
O012200,P001,1,136.74
O012201,P006,1,23.32
O012201,P013,1,33.92
O012202,P003,2,94.34
O012203,P023,1,103.88
O012204,P003,1,94.34
O012204,P002,1,179.14
O012204,P001,1,136.74
O012204,P022,1,57.24
O012205,P014,1,125.08
O012205,P012,1,21.2
O012205,P009,1,37.1
O012206,P008,1,76.32
O012206,P014,1,125.08
O012206,P002,1,179.14
O012207,P013,1,33.92
O012207,P018,1,25.44
O012208,P004,1,67.84
O012208,P012,1,21.2
O012209,P006,3,23.32
O012210,P013,1,33.92
O012210,P010,1,41.34
O012210,P001,1,136.74
O012211,P003,1,94.34
O012212,P020,2,29.68
O012213,P008,1,76.32
O012214,P007,1,43.46
O012215,P021,1,65.72
O012216,P018,1,25.44
O012217,P008,1,76.32
O012217,P020,1,29.68
O012218,P015,1,80.56
O012218,P001,1,136.74
O012219,P006,1,23.32
O012219,P004,1,67.84
O012219,P023,1,103.88
O012219,P012,1,21.2
O012220,P016,1,38.16
O012220,P014,1,125.08
O012220,P003,1,94.34
O012221,P021,1,65.72
O012221,P005,1,50.88
O012222,P018,1,25.44
O012222,P006,1,23.32
O012222,P010,1,41.34
O012223,P018,1,25.44
O012223,P009,1,37.1
O012224,P004,1,67.84
O012224,P001,1,136.74
O012225,P023,1,103.88
O012226,P004,1,67.84
O012226,P003,1,94.34
O012227,P001,1,136.74
O012228,P007,1,43.46
O012229,P001,1,136.74
O012229,P009,1,37.1
O012230,P011,1,58.3
O012230,P001,1,136.74
O012231,P002,1,179.14
O012232,P005,1,50.88
O012233,P022,1,57.24
O012234,P021,3,65.72
O012234,P002,1,179.14
O012234,P006,1,23.32
O012234,P023,1,103.88
O012235,P008,1,76.32
O012235,P017,1,61.48
O012236,P016,1,38.16
O012237,P005,1,50.88
O012238,P002,3,179.14
O012239,P007,1,43.46
O012239,P010,2,41.34
O012239,P001,1,136.74
O012240,P016,1,38.16
O012241,P013,1,33.92
O012241,P001,1,136.74
O012241,P021,1,65.72
O012242,P013,1,33.92
O012243,P001,1,136.74
O012243,P010,2,41.34
O012244,P011,1,58.3
O012245,P007,1,43.46
O012246,P012,3,21.2
O012247,P003,1,94.34
O012248,P016,1,38.16
O012248,P021,1,65.72
O012248,P022,1,57.24
O012249,P012,1,21.2
O012250,P006,1,23.32
O012250,P015,1,80.56
O012251,P004,1,67.84
O012252,P019,1,20.14
O012253,P001,1,136.74
O012253,P023,1,103.88
O012254,P008,1,76.32
O012254,P022,1,57.24
O012255,P023,1,103.88
O012255,P007,1,43.46
O012256,P010,1,41.34
O012257,P023,1,103.88
O012258,P004,2,67.84
O012258,P014,2,125.08
O012259,P008,1,76.32
O012260,P006,1,23.32
O012260,P004,3,67.84
O012261,P018,1,25.44
O012261,P001,1,136.74
O012261,P004,1,67.84
O012262,P012,2,21.2
O012262,P006,1,23.32
O012263,P017,1,61.48
O012264,P008,1,76.32
O012265,P019,2,20.14
O012265,P006,1,23.32
O012266,P023,1,103.88
O012267,P017,3,61.48
O012268,P016,1,38.16
O012269,P013,1,33.92
O012270,P002,1,179.14
O012270,P001,1,136.74
O012270,P023,1,103.88
O012271,P019,1,20.14
O012271,P001,1,136.74
O012272,P003,1,94.34
O012273,P014,1,125.08
O012273,P003,1,94.34
O012274,P023,1,103.88
O012274,P015,2,80.56
O012274,P004,1,67.84
O012275,P020,3,29.68
O012275,P006,1,23.32
O012275,P021,1,65.72
O012275,P009,1,37.1
O012276,P019,1,20.14
O012276,P008,1,76.32
O012276,P017,1,61.48
O012277,P022,1,57.24
O012278,P013,1,33.92
O012278,P021,1,65.72
O012279,P004,1,67.84
O012279,P003,1,94.34
O012280,P006,1,23.32
O012280,P016,1,38.16
O012281,P001,1,136.74
O012281,P020,1,29.68
O012282,P017,1,61.48
O012282,P006,1,23.32
O012283,P006,1,23.32
O012284,P008,1,76.32
O012284,P007,1,43.46
O012284,P005,1,50.88
O012284,P004,3,67.84
O012285,P006,1,23.32
O012286,P008,1,76.32
O012286,P022,1,57.24
O012287,P012,1,21.2
O012288,P013,1,33.92
O012288,P012,2,21.2
O012289,P004,1,67.84
O012289,P014,1,125.08
O012290,P013,1,33.92
O012290,P012,2,21.2
O012291,P023,1,103.88
O012291,P006,1,23.32
O012292,P020,1,29.68
O012293,P019,3,20.14
O012294,P005,2,50.88
O012295,P005,1,50.88
O012295,P004,1,67.84
O012296,P019,1,20.14
O012297,P012,1,21.2
O012298,P021,1,65.72
O012298,P012,1,21.2
O012298,P018,1,25.44
O012298,P013,1,33.92
O012299,P001,1,136.74
O012300,P009,1,37.1
O012301,P006,2,23.32
O012301,P017,1,61.48
O012301,P012,1,21.2
O012301,P015,2,80.56
O012302,P002,1,179.14
O012302,P008,1,76.32
O012303,P009,1,37.1
O012303,P011,1,58.3
O012304,P010,1,41.34
O012304,P017,1,61.48
O012305,P015,1,80.56
O012305,P006,1,23.32
O012306,P001,3,136.74
O012307,P006,1,23.32
O012307,P015,1,80.56
O012308,P021,1,65.72
O012308,P019,1,20.14
O012309,P018,2,25.44
O012310,P017,1,61.48
O012310,P018,1,25.44
O012311,P007,1,43.46
O012312,P013,1,33.92
O012312,P012,1,21.2
O012313,P015,1,80.56
O012314,P023,1,103.88
O012314,P006,1,23.32
O012315,P001,1,136.74
O012316,P016,1,38.16
O012316,P012,1,21.2
O012317,P002,1,179.14
O012317,P010,2,41.34
O012318,P006,1,23.32
O012318,P015,1,80.56
O012319,P003,1,94.34
O012319,P001,1,136.74
O012320,P023,1,103.88
O012321,P018,1,25.44
O012322,P007,0,43.46
O012323,P005,1,50.88
O012324,P004,1,67.84
O012325,P005,1,50.88
O012326,P015,1,80.56
O012326,P016,1,38.16
O012326,P006,1,23.32
O012327,P015,1,80.56
O012328,P012,1,21.2
O012329,P014,1,125.08
O012329,P010,2,41.34
O012329,P012,3,21.2
O012330,P022,1,57.24
O012330,P018,1,25.44
O012331,P017,1,61.48
O012331,P001,1,136.74
O012332,P019,1,20.14
O012333,P003,2,94.34
O012334,P010,1,41.34
O012335,P008,1,76.32
O012336,P017,1,61.48
O012337,P021,1,65.72
O012337,P005,1,50.88
O012337,P006,1,23.32
O012338,P001,1,136.74
O012338,P006,1,23.32
O012339,P006,1,23.32
O012339,P005,1,50.88
O012340,P001,1,136.74
O012341,P012,1,21.2
O012342,P003,2,94.34
O012343,P007,1,43.46
O012343,P015,1,80.56
O012344,P012,1,21.2
O012345,P001,1,136.74
O012345,P012,1,21.2
O012346,P013,1,33.92
O012347,P008,1,76.32
O012347,P004,1,67.84
O012347,P017,1,61.48
O012347,P014,1,125.08
O012348,P018,1,25.44
O012348,P007,1,43.46
O012349,P013,1,33.92
O012350,P001,1,136.74
O012351,P019,1,20.14
O012352,P002,1,179.14
O012353,P017,1,61.48
O012354,P012,1,21.2
O012354,P019,1,20.14
O012354,P010,1,41.34
O012354,P008,1,76.32
O012355,P008,2,76.32
O012355,P005,1,50.88
O012356,P001,1,136.74
O012357,P018,1,25.44
O012358,P010,1,41.34
O012358,P007,1,43.46
O012358,P006,1,23.32
O012358,P008,1,76.32
O012359,P008,1,76.32
O012360,P013,1,33.92
O012360,P002,1,179.14
O012361,P013,2,33.92
O012362,P001,2,136.74
O012363,P008,1,76.32
O012364,P001,1,136.74
O012364,P013,1,33.92
O012364,P006,2,23.32
O012365,P005,1,50.88
O012366,P005,2,50.88
O012366,P017,1,61.48
O012366,P021,1,65.72
O012367,P006,1,23.32
O012368,P011,1,58.3
O012368,P016,1,38.16
O012369,P004,1,67.84
O012370,P007,1,43.46
O012370,P012,1,21.2
O012371,P002,2,179.14
O012372,P021,1,65.72
O012373,P016,2,38.16
O012373,P009,1,37.1
O012374,P017,1,61.48
O012374,P014,1,125.08
O012375,P021,1,65.72
O012376,P017,1,61.48
O012377,P006,1,23.32
O012377,P017,2,61.48
O012377,P018,1,25.44
O012377,P004,1,67.84
O012378,P017,1,61.48
O012379,P013,1,33.92
O012380,P017,1,61.48
O012380,P007,1,43.46
O012381,P016,1,38.16
O012382,P012,1,21.2
O012383,P004,1,67.84
O012383,P023,1,103.88
O012384,P021,1,65.72
O012385,P004,1,67.84
O012386,P017,2,61.48
O012386,P007,1,43.46
O012386,P019,1,20.14
O012386,P011,1,58.3
O012387,P007,2,43.46
O012388,P012,1,21.2
O012388,P004,2,67.84
O012388,P015,1,80.56
O012388,P018,1,25.44
O012389,P003,1,94.34
O012389,P013,1,33.92
O012390,P013,1,33.92
O012391,P005,1,50.88
O012392,P005,2,50.88
O012392,P008,1,76.32
O012392,P004,1,67.84
O012393,P017,2,61.48
O012394,P010,2,41.34
O012394,P016,1,38.16
O012394,P008,1,76.32
O012395,P016,1,38.16
O012396,P018,1,25.44
O012397,P004,1,67.84
O012398,P002,1,179.14
O012399,P012,1,21.2
O012399,P004,1,67.84
O012399,P009,1,37.1
O012400,P011,1,58.3
O012400,P008,1,76.32
O012400,P006,1,23.32
O012401,P023,1,103.88
O012402,P018,2,25.44
O012402,P014,1,125.08
O012403,P014,1,125.08
O012404,P014,1,125.08
O012404,P007,1,43.46
O012405,P012,1,21.2
O012406,P013,1,33.92
O012407,P019,1,20.14
O012407,P005,1,50.88
O012407,P001,1,136.74
O012408,P001,1,136.74
O012409,P008,1,76.32
O012410,P005,1,50.88
O012411,P008,1,76.32
O012412,P020,1,29.68
O012413,P006,1,23.32
O012414,P019,1,20.14
O012415,P017,1,61.48
O012416,P021,2,65.72
O012417,P018,1,25.44
O012417,P008,1,76.32
O012418,P017,2,61.48
O012418,P002,1,179.14
O012419,P001,1,136.74
O012420,P006,1,23.32
O012420,P017,2,61.48
O012420,P011,1,58.3
O012421,P019,1,20.14
O012422,P008,1,76.32
O012422,P004,3,67.84
O012423,P001,1,136.74
O012423,P015,1,80.56
O012424,P004,1,67.84
O012425,P017,1,61.48
O012426,P005,3,50.88
O012427,P014,2,125.08
O012428,P005,2,50.88
O012428,P009,1,37.1
O012429,P006,1,23.32
O012430,P002,1,179.14
O012431,P020,2,29.68
O012432,P010,1,41.34
O012432,P021,1,65.72
O012432,P004,1,67.84
O012433,P007,1,43.46
O012433,P004,1,67.84
O012433,P014,3,125.08
O012434,P012,2,21.2
O012435,P011,1,58.3
O012436,P021,1,65.72
O012437,P018,1,25.44
O012438,P013,1,33.92
O012438,P019,1,20.14
O012439,P001,2,136.74
O012439,P010,1,41.34
O012439,P013,1,33.92
O012439,P004,1,67.84
O012440,P006,1,23.32
O012441,P014,1,125.08
O012442,P009,1,37.1
O012442,P013,2,33.92
O012443,P006,1,23.32
O012444,P006,1,23.32
O012445,P008,-1,76.32
O012445,P012,1,21.2
O012445,P001,1,136.74
O012445,P014,1,125.08
O012446,P008,1,76.32
O012446,P012,2,21.2
O012447,P013,1,33.92
O012448,P005,2,50.88
O012448,P012,1,21.2
O012449,P013,1,33.92
O012449,P004,1,67.84
O012450,P023,1,103.88
O012451,P020,1,29.68
O012451,P008,1,76.32
O012452,P012,2,21.2
O012453,P019,1,20.14
O012454,P012,2,21.2
O012454,P013,1,33.92
O012454,P002,1,179.14
O012455,P021,1,65.72
O012456,P004,2,67.84
O012457,P005,1,50.88
O012457,P021,1,65.72
O012458,P006,1,23.32
O012459,P023,2,103.88
O012459,P014,1,125.08
O012459,P005,1,50.88
O012460,P004,1,67.84
O012461,P004,1,67.84
O012462,P019,-1,20.14
O012462,P022,1,57.24
O012462,P010,1,41.34
O012463,P008,1,76.32
O012464,P022,1,57.24
O012464,P013,1,33.92
O012465,P012,1,21.2
O012466,P007,1,43.46
O012467,P023,1,103.88
O012468,P013,1,33.92
O012469,P023,1,103.88
O012469,P004,1,67.84
O012470,P006,1,23.32
O012471,P003,2,94.34
O012472,P013,1,33.92
O012472,P019,1,20.14
O012473,P012,2,21.2
O012474,P023,1,103.88
O012474,P012,1,21.2
O012474,P017,2,61.48
O012475,P003,1,94.34
O012476,P014,1,125.08
O012476,P023,1,103.88
O012477,P004,1,67.84
O012477,P003,1,94.34
O012478,P022,2,57.24
O012479,P019,1,20.14
O012480,P013,1,33.92
O012481,P006,3,23.32
O012482,P011,1,58.3
O012483,P013,2,33.92
O012483,P004,1,67.84
O012484,P009,2,37.1
O012485,P016,2,38.16
O012485,P004,2,67.84
O012486,P016,1,38.16
O012487,P016,1,38.16
O012488,P023,1,103.88
O012488,P001,1,136.74
O012489,P007,1,43.46
O012490,P004,1,67.84
O012491,P009,1,37.1
O012491,P004,2,67.84
O012491,P017,1,61.48
O012492,P021,1,65.72
O012493,P002,1,179.14
O012494,P006,1,23.32
O012495,P004,1,67.84
O012496,P006,1,23.32
O012497,P001,1,136.74
O012498,P013,3,33.92
O012499,P006,1,23.32
O012500,P006,1,23.32
O012500,P023,1,103.88
O012501,P017,1,61.48
O012502,P003,1,94.34
O012503,P012,2,21.2
O012504,P008,1,76.32
O012504,P004,1,67.84
O012505,P001,1,136.74
O012506,P008,1,76.32
O012506,P020,1,29.68
O012507,P008,1,76.32
O012507,P007,1,43.46
O012507,P017,1,61.48
O012507,P004,2,67.84
O012508,P018,1,25.44
O012508,P007,1,43.46
O012509,P001,1,136.74
O012510,P021,2,65.72
O012511,P021,1,65.72
O012511,P005,1,50.88
O012511,P010,1,41.34
O012512,P009,1,37.1
O012512,P003,1,94.34
O012512,P013,1,33.92
O012512,P023,2,103.88
O012513,P007,1,43.46
O012514,P010,1,41.34
O012514,P022,2,57.24
O012515,P001,1,136.74
O012516,P003,2,94.34
O012517,P018,1,25.44
O012518,P003,1,94.34
O012518,P004,1,67.84
O012518,P012,1,21.2
O012519,P013,1,33.92
O012519,P004,1,67.84
O012520,P004,1,67.84
O012521,P014,1,125.08
O012522,P004,1,67.84
O012523,P022,1,57.24
O012524,P018,1,25.44
O012524,P012,1,21.2
O012524,P013,1,33.92
O012525,P006,1,23.32
O012526,P006,1,23.32
O012527,P006,1,23.32
O012528,P006,1,23.32
O012528,P005,1,50.88
O012529,P013,2,33.92
O012530,P013,1,33.92
O012531,P010,1,41.34
O012531,P002,1,179.14
O012532,P001,1,136.74
O012532,P003,2,94.34
O012532,P007,1,43.46
O012532,P002,1,179.14
O012533,P022,1,57.24
O012534,P019,1,20.14
O012534,P014,1,125.08
O012534,P012,1,21.2
O012535,P021,1,65.72
O012536,P011,2,58.3
O012536,P006,1,23.32
O012537,P009,1,37.1
O012537,P013,1,33.92
O012538,P012,2,21.2
O012539,P003,1,94.34
O012539,P005,1,50.88
O012540,P004,2,67.84
O012541,P007,2,43.46
O012542,P007,1,43.46
O012542,P006,1,23.32
O012543,P022,1,57.24
O012544,P004,1,67.84
O012545,P001,1,136.74
O012546,P003,1,94.34
O012547,P004,1,67.84
O012548,P003,1,94.34
O012548,P002,1,179.14
O012548,P019,-1,20.14
O012549,P017,1,61.48
O012550,P017,1,61.48
O012550,P006,2,23.32
O012551,P007,1,43.46
O012552,P004,1,67.84
O012552,P017,1,61.48
O012553,P001,1,136.74
O012553,P012,1,21.2
O012554,P017,1,61.48
O012554,P001,3,136.74
O012555,P012,2,21.2
O012556,P008,1,76.32
O012557,P015,1,80.56
O012558,P008,1,76.32
O012559,P021,1,65.72
O012560,P017,1,61.48
O012560,P006,1,23.32
O012561,P014,1,125.08
O012562,P008,1,76.32
O012563,P014,1,125.08
O012564,P018,1,25.44
O012565,P023,1,103.88
O012565,P004,2,67.84
O012566,P020,1,29.68
O012566,P003,1,94.34
O012567,P017,1,61.48
O012567,P014,1,125.08
O012567,P018,1,25.44
O012567,P012,1,21.2
O012568,P004,2,67.84
O012569,P008,2,76.32
O012569,P020,1,29.68
O012570,P007,1,43.46
O012570,P006,1,23.32
O012571,P006,1,23.32
O012572,P013,1,33.92
O012572,P002,1,179.14
O012573,P019,1,20.14
O012573,P007,1,43.46
O012574,P005,1,50.88
O012575,P013,1,33.92
O012576,P006,1,23.32
O012576,P007,1,43.46
O012576,P003,3,94.34
O012577,P007,1,43.46
O012578,P007,1,43.46
O012579,P022,1,57.24
O012579,P002,1,179.14
O012580,P022,1,57.24
O012581,P015,1,80.56
O012582,P005,1,50.88
O012583,P011,1,58.3
O012584,P008,1,76.32
O012584,P018,1,25.44
O012585,P001,1,136.74
O012585,P003,1,94.34
O012586,P003,1,94.34
O012587,P019,1,20.14
O012588,P005,1,50.88
O012589,P017,1,61.48
O012590,P013,2,33.92
O012591,P019,1,20.14
O012591,P005,1,50.88
O012592,P016,1,38.16
O012592,P014,1,125.08
O012593,P008,1,76.32
O012593,P005,1,50.88
O012594,P014,2,125.08
O012595,P013,1,33.92
O012596,P002,1,179.14
O012596,P019,1,20.14
O012596,P006,1,23.32
O012597,P001,1,
O012598,P013,3,33.92
O012599,P010,2,41.34
O012600,P011,1,58.3
O012601,P016,1,38.16
O012602,P005,1,50.88
O012603,P019,1,20.14
O012604,P005,1,
O012605,P008,1,76.32
O012606,P014,1,125.08
O012606,P006,1,23.32
O012606,P022,1,57.24
O012607,P013,2,33.92
O012608,P013,1,33.92
O012609,P007,1,43.46
O012610,P014,1,125.08
O012610,P023,1,103.88
O012611,P014,1,125.08
O012612,P011,1,58.3
O012612,P023,1,103.88
O012612,P010,1,41.34
O012613,P015,1,80.56
O012614,P013,1,33.92
O012615,P007,1,43.46
O012616,P021,1,65.72
O012617,P007,1,43.46
O012618,P003,2,94.34
O012619,P006,2,23.32
O012619,P018,1,25.44
O012620,P006,1,23.32
O012620,P001,1,136.74
O012620,P023,1,103.88
O012621,P001,1,136.74
O012622,P001,1,136.74
O012623,P014,1,125.08
O012624,P014,1,125.08
O012624,P003,1,94.34
O012625,P018,1,25.44
O012626,P005,1,50.88
O012626,P022,3,57.24
O012626,P006,1,23.32
O012627,P018,1,25.44
O012628,P023,1,103.88
O012629,P014,1,125.08
O012630,P011,2,58.3
O012631,P016,1,38.16
O012631,P011,1,58.3
O012631,P020,1,29.68
O012631,P005,2,50.88
O012632,P013,1,33.92
O012632,P006,1,23.32
O012632,P004,1,67.84
O012633,P023,1,103.88
O012633,P006,1,23.32
O012634,P012,1,21.2
O012635,P011,1,58.3
O012636,P019,1,20.14
O012637,P011,1,58.3
O012637,P019,2,20.14
O012638,P006,1,23.32
O012639,P007,1,43.46
O012640,P002,1,179.14
O012641,P019,2,20.14
O012642,P016,2,38.16
O012643,P005,2,50.88
O012643,P023,2,103.88
O012644,P001,1,136.74
O012645,P003,1,94.34
O012646,P007,1,43.46
O012647,P007,1,43.46
O012647,P003,2,94.34
O012648,P010,1,41.34
O012648,P023,1,103.88
O012648,P022,1,57.24
O012649,P021,1,65.72
O012650,P003,1,94.34
O012651,P006,1,23.32
O012651,P015,1,80.56
O012652,P006,1,
O012652,P004,2,67.84
O012653,P017,1,61.48
O012654,P019,1,20.14
O012655,P012,1,21.2
O012655,P018,1,25.44
O012655,P007,1,43.46
O012656,P019,1,20.14
O012656,P023,1,103.88
O012656,P013,1,33.92
O012657,P019,1,20.14
O012658,P005,1,50.88
O012659,P013,2,33.92
O012659,P005,1,50.88
O012659,P007,1,43.46
O012660,P013,1,33.92
O012660,P007,1,43.46
O012660,P023,2,103.88
O012661,P015,1,80.56
O012662,P005,1,50.88
O012663,P005,1,50.88
O012663,P023,1,103.88
O012664,P010,1,41.34
O012665,P013,1,33.92
O012665,P007,1,43.46
O012666,P007,1,43.46
O012667,P015,2,80.56
O012668,P008,1,76.32
O012669,P011,1,58.3
O012669,P017,1,61.48
O012669,P021,1,65.72
O012669,P006,1,23.32
O012670,P011,1,58.3
O012671,P007,1,43.46
O012672,P019,1,20.14
O012672,P020,1,29.68
O012672,P001,1,
O012672,P014,1,125.08
O012673,P007,1,43.46
O012674,P010,1,41.34
O012675,P006,2,23.32
O012675,P005,1,50.88
O012675,P013,2,33.92
O012676,P021,1,65.72
O012677,P013,1,33.92
O012677,P012,2,21.2
O012677,P006,1,23.32
O012678,P018,3,25.44
O012679,P009,2,37.1
O012679,P001,1,136.74
O012680,P023,1,103.88
O012681,P021,1,65.72
O012681,P020,1,29.68
O012682,P011,1,58.3
O012683,P003,1,94.34
O012683,P006,2,23.32
O012683,P013,1,33.92
O012684,P011,2,58.3
O012684,P015,1,80.56
O012685,P022,1,57.24
O012686,P007,1,43.46
O012687,P005,1,50.88
O012687,P008,1,76.32
O012687,P011,1,58.3
O012688,P011,1,58.3
O012689,P013,2,33.92
O012689,P005,1,50.88
O012690,P021,2,65.72
O012691,P006,1,23.32
O012692,P016,1,38.16
O012692,P015,1,80.56
O012692,P021,1,65.72
O012693,P022,1,57.24
O012693,P021,1,65.72
O012693,P005,1,50.88
O012694,P005,1,50.88
O012695,P015,1,80.56
O012696,P019,1,20.14
O012697,P006,1,23.32
O012697,P013,1,33.92
O012697,P021,1,65.72
O012698,P019,1,20.14
O012699,P022,1,57.24
O012700,P007,1,43.46
O012701,P001,1,136.74
O012702,P007,1,43.46
O012702,P005,2,50.88
O012702,P008,1,76.32
O012703,P007,1,43.46
O012704,P009,1,37.1
O012705,P009,1,37.1
O012705,P010,1,41.34
O012706,P016,1,38.16
O012706,P021,1,65.72
O012706,P002,1,179.14
O012707,P005,1,50.88
O012707,P003,1,94.34
O012707,P021,1,65.72
O012708,P012,1,21.2
O012709,P005,1,50.88
O012710,P011,1,58.3
O012710,P013,1,33.92
O012710,P007,1,43.46
O012711,P019,1,20.14
O012711,P021,1,65.72
O012711,P008,1,76.32
O012711,P006,1,23.32
O012712,P022,1,57.24
O012713,P010,1,41.34
O012714,P001,1,136.74
O012715,P013,1,33.92
O012715,P006,1,23.32
O012715,P017,1,61.48
O012716,P007,1,43.46
O012716,P010,0,41.34
O012717,P021,1,65.72
O012718,P013,1,33.92
O012718,P014,2,125.08
O012719,P011,2,58.3
O012719,P002,1,179.14
O012720,P014,1,125.08
O012721,P017,1,61.48
O012721,P002,-1,179.14
O012721,P020,1,29.68
O012722,P006,1,23.32
O012723,P008,1,76.32
O012724,P006,2,23.32
O012725,P007,1,43.46
O012725,P021,1,65.72
O012726,P006,2,23.32
O012727,P010,1,41.34
O012728,P023,1,103.88
O012729,P004,1,67.84
O012730,P016,1,38.16
O012730,P001,1,136.74
O012730,P020,2,29.68
O012731,P007,1,43.46
O012732,P013,2,33.92
O012733,P008,1,76.32
O012733,P011,1,58.3
O012734,P022,2,57.24
O012735,P019,1,20.14
O012736,P007,1,43.46
O012737,P009,2,37.1
O012738,P006,1,23.32
O012738,P005,1,50.88
O012738,P013,1,33.92
O012739,P015,1,80.56
O012739,P003,1,94.34
O012740,P005,1,50.88
O012741,P007,1,43.46
O012742,P012,1,21.2
O012742,P008,1,76.32
O012742,P020,1,29.68
O012743,P012,1,21.2
O012743,P021,1,65.72
O012744,P018,1,25.44
O012744,P012,1,21.2
O012745,P006,1,23.32
O012746,P011,2,58.3
O012747,P006,1,23.32
O012747,P005,1,50.88
O012747,P001,1,136.74
O012748,P006,2,
O012749,P022,1,57.24
O012749,P009,1,37.1
O012750,P018,1,25.44
O012750,P019,2,20.14
O012750,P010,1,41.34
O012750,P020,1,29.68
O012751,P007,1,43.46
O012752,P013,1,33.92
O012752,P010,1,41.34
O012753,P010,1,41.34
O012754,P018,1,25.44
O012755,P006,1,23.32
O012756,P019,2,20.14
O012757,P006,1,23.32
O012758,P006,1,23.32
O012759,P009,1,37.1
O012759,P010,1,41.34
O012760,P018,1,25.44
O012761,P005,1,50.88
O012762,P007,1,43.46
O012763,P008,2,76.32
O012764,P023,1,103.88
O012765,P012,1,21.2
O012765,P006,2,23.32
O012765,P022,2,57.24
O012765,P019,1,20.14
O012766,P012,1,21.2
O012767,P008,1,76.32
O012768,P001,1,136.74
O012769,P002,2,179.14
O012770,P018,1,25.44
O012770,P008,1,76.32
O012770,P022,2,57.24
O012771,P010,1,41.34
O012771,P006,2,23.32
O012772,P002,1,179.14
O012773,P021,1,65.72
O012773,P018,1,25.44
O012774,P009,1,37.1
O012774,P019,1,20.14
O012775,P005,1,50.88
O012776,P008,1,76.32
O012776,P006,1,23.32
O012776,P005,1,50.88
O012777,P008,1,76.32
O012777,P022,1,57.24
O012778,P022,1,57.24
O012778,P008,1,76.32
O012778,P004,1,67.84
O012779,P022,1,57.24
O012779,P005,1,50.88
O012779,P011,2,58.3
O012780,P019,1,20.14
O012781,P006,1,23.32
O012782,P018,1,25.44
O012783,P001,1,136.74
O012784,P007,1,43.46
O012785,P011,1,58.3
O012786,P016,1,38.16
O012786,P005,1,50.88
O012786,P010,1,41.34
O012786,P007,1,43.46
O012787,P017,2,61.48
O012788,P015,1,80.56
O012788,P006,1,23.32
O012789,P022,2,57.24
O012789,P006,1,23.32
O012790,P004,1,67.84
O012791,P009,1,37.1
O012791,P006,1,23.32
O012791,P004,1,67.84
O012792,P007,2,43.46
O012792,P001,1,136.74
O012793,P001,1,136.74
O012793,P018,1,25.44
O012794,P006,1,23.32
O012795,P020,1,29.68
O012795,P005,1,50.88
O012796,P010,1,41.34
O012796,P006,1,23.32
O012797,P018,1,25.44
O012798,P006,1,23.32
O012799,P006,1,23.32
O012800,P005,1,50.88
O012800,P007,1,43.46
O012800,P023,1,103.88
O012801,P022,1,57.24
O012802,P003,1,94.34
O012802,P022,1,57.24
O012803,P006,1,23.32
O012803,P004,1,67.84
O012803,P014,2,125.08
O012804,P005,1,50.88
O012804,P006,1,23.32
O012805,P004,1,67.84
O012805,P011,1,58.3
O012806,P004,1,67.84
O012806,P008,1,76.32
O012806,P016,1,38.16
O012807,P006,2,23.32
O012808,P017,1,61.48
O012809,P009,1,37.1
O012809,P007,1,43.46
O012809,P006,2,23.32
O012810,P011,1,58.3
O012811,P021,1,65.72
O012812,P011,1,58.3
O012812,P016,1,38.16
O012813,P019,2,20.14
O012813,P013,2,33.92
O012813,P004,1,67.84
O012814,P012,1,21.2
O012815,P007,2,43.46
O012816,P021,1,65.72
O012817,P004,1,67.84
O012817,P016,1,38.16
O012818,P006,2,23.32
O012819,P006,1,23.32
O012820,P006,1,23.32
O012820,P003,1,94.34
O012821,P005,1,50.88
O012821,P004,1,67.84
O012822,P009,1,37.1
O012823,P012,1,21.2
O012824,P007,2,43.46
O012824,P022,1,57.24
O012824,P021,1,65.72
O012824,P017,1,61.48
O012825,P011,1,58.3
O012826,P018,1,25.44
O012826,P004,2,67.84
O012826,P017,3,61.48
O012827,P008,1,76.32
O012827,P018,1,25.44
O012828,P018,2,25.44
O012828,P002,2,179.14
O012829,P013,2,33.92
O012829,P023,2,103.88
O012830,P009,2,37.1
O012830,P022,1,57.24
O012831,P005,1,50.88
O012831,P006,1,23.32
O012832,P013,1,33.92
O012832,P004,1,67.84
O012833,P023,1,103.88
O012833,P019,1,20.14
O012833,P018,1,25.44
O012834,P001,1,136.74
O012835,P006,1,23.32
O012836,P007,1,43.46
O012837,P011,1,58.3
O012837,P023,1,103.88
O012838,P020,1,29.68
O012838,P013,2,33.92
O012839,P013,1,33.92
O012840,P001,1,136.74
O012840,P008,1,76.32
O012840,P004,1,67.84
O012841,P019,1,20.14
O012842,P008,1,76.32
O012843,P019,1,20.14
O012844,P019,1,20.14
O012845,P009,1,37.1
O012845,P006,1,23.32
O012845,P017,1,61.48
O012846,P007,2,43.46
O012846,P005,1,50.88
O012847,P006,1,23.32
O012848,P007,1,43.46
O012848,P020,1,29.68
O012848,P021,1,65.72
O012849,P017,1,61.48
O012849,P006,1,23.32
O012850,P010,1,41.34
O012851,P010,1,41.34
O012851,P021,1,65.72
O012852,P013,1,33.92
O012853,P016,2,38.16
O012854,P020,1,29.68
O012855,P007,1,43.46
O012856,P004,1,67.84
O012857,P004,2,67.84
O012858,P013,1,33.92
O012859,P020,1,29.68
O012860,P021,1,65.72
O012861,P012,1,21.2
O012861,P004,1,67.84
O012862,P019,1,20.14
O012863,P004,3,67.84
O012864,P013,1,33.92
O012864,P012,1,21.2
O012865,P005,1,50.88
O012866,P022,1,57.24
O012866,P005,1,50.88
O012866,P013,1,33.92
O012867,P012,1,21.2
O012868,P005,1,50.88
O012869,P013,1,33.92
O012870,P009,2,37.1
O012870,P001,3,136.74
O012870,P013,1,33.92
O012871,P006,1,23.32
O012872,P007,1,43.46
O012872,P018,1,25.44
O012873,P022,1,57.24
O012874,P011,1,58.3
O012874,P018,1,25.44
O012875,P005,1,50.88
O012876,P010,1,41.34
O012876,P020,1,29.68
O012876,P019,1,20.14
O012876,P012,1,21.2
O012877,P013,1,33.92
O012878,P011,3,58.3
O012879,P015,1,80.56
O012880,P022,1,57.24
O012881,P013,1,33.92
O012882,P023,1,103.88
O012883,P010,1,41.34
O012884,P005,3,50.88
O012885,P019,1,20.14
O012886,P022,1,57.24
O012887,P004,1,67.84
O012888,P005,1,50.88
O012889,P005,1,50.88
O012890,P001,2,136.74
O012891,P013,1,33.92
O012891,P021,1,65.72
O012891,P001,1,136.74
O012892,P011,1,58.3
O012893,P006,1,23.32
O012894,P022,1,57.24
O012895,P018,1,25.44
O012896,P021,1,65.72
O012897,P002,2,179.14
O012898,P020,1,29.68
O012898,P023,1,103.88
O012898,P022,1,57.24
O012898,P010,2,41.34
O012899,P018,1,25.44
O012900,P022,1,57.24
O012900,P009,1,37.1
O012900,P011,1,58.3
O012901,P016,1,38.16
O012902,P001,1,136.74
O012903,P021,1,65.72
O012903,P005,1,50.88
O012904,P012,1,21.2
O012904,P007,1,43.46
O012904,P022,2,57.24
O012905,P021,1,65.72
O012905,P007,1,43.46
O012906,P005,1,50.88
O012907,P020,3,29.68
O012907,P008,1,76.32
O012907,P006,1,23.32
O012908,P004,1,67.84
O012909,P017,1,61.48
O012909,P002,1,179.14
O012910,P006,1,23.32
O012910,P019,2,20.14
O012910,P021,1,65.72
O012911,P018,1,25.44
O012912,P022,1,57.24
O012913,P001,1,136.74
O012914,P006,1,23.32
O012914,P012,1,21.2
O012914,P015,1,80.56
O012915,P013,1,33.92
O012916,P017,1,61.48
O012917,P004,2,67.84
O012917,P017,1,61.48
O012918,P006,1,23.32
O012919,P021,2,65.72
O012919,P013,1,33.92
O012919,P012,1,21.2
O012920,P014,1,125.08
O012920,P009,1,37.1
O012921,P021,1,65.72
O012921,P016,1,38.16
O012922,P021,1,65.72
O012922,P006,1,23.32
O012922,P003,1,94.34
O012923,P020,1,29.68
O012924,P018,3,25.44
O012925,P006,1,23.32
O012925,P020,1,29.68
O012926,P006,2,23.32
O012927,P008,1,76.32
O012927,P021,1,65.72
O012928,P004,2,67.84
O012928,P023,1,103.88
O012928,P016,1,38.16
O012928,P012,1,21.2
O012929,P019,1,20.14
O012930,P023,1,103.88
O012931,P022,1,57.24
O012932,P007,1,43.46
O012933,P022,1,57.24
O012934,P010,1,41.34
O012934,P018,-1,25.44
O012935,P018,1,25.44
O012935,P004,1,67.84
O012936,P013,1,33.92
O012937,P005,1,50.88
O012938,P008,1,76.32
O012939,P003,1,94.34
O012939,P010,1,41.34
O012939,P012,1,21.2
O012939,P006,1,23.32
O012940,P004,1,67.84
O012940,P019,1,20.14
O012941,P007,1,43.46
O012942,P019,1,20.14
O012942,P007,1,43.46
O012943,P022,2,57.24
O012943,P017,2,61.48
O012944,P021,2,65.72
O012945,P013,1,33.92
O012945,P006,1,23.32
O012946,P010,1,41.34
O012946,P020,1,29.68
O012947,P008,1,76.32
O012948,P018,1,25.44
O012949,P006,1,23.32
O012950,P015,2,80.56
O012951,P022,1,57.24
O012952,P007,1,43.46
O012952,P021,1,65.72
O012953,P021,1,65.72
O012953,P013,1,33.92
O012953,P005,1,50.88
O012954,P021,1,65.72
O012955,P011,1,58.3
O012956,P012,2,21.2
O012956,P005,2,50.88
O012956,P007,2,43.46
O012957,P020,1,29.68
O012958,P016,1,38.16
O012958,P001,1,136.74
O012959,P023,3,103.88
O012959,P010,2,41.34
O012960,P006,1,23.32
O012961,P005,1,50.88
O012962,P023,1,103.88
O012962,P012,2,21.2
O012963,P011,1,58.3
O012963,P015,1,80.56
O012963,P005,1,50.88
O012964,P001,1,136.74
O012964,P007,1,43.46
O012965,P008,2,76.32
O012965,P005,1,50.88
O012965,P007,1,43.46
O012966,P003,1,94.34
O012967,P010,1,41.34
O012968,P003,2,94.34
O012969,P019,2,20.14
O012969,P003,1,94.34
O012970,P014,2,125.08
O012971,P014,1,125.08
O012971,P022,3,57.24
O012972,P011,1,58.3
O012972,P022,1,57.24
O012973,P020,3,29.68
O012973,P021,1,65.72
O012973,P010,1,41.34
O012974,P015,1,80.56
O012975,P014,1,125.08
O012976,P009,1,37.1
O012977,P003,1,94.34
O012977,P014,1,125.08
O012977,P012,1,21.2
O012978,P017,1,61.48
O012978,P007,1,43.46
O012979,P005,1,50.88
O012980,P007,1,43.46
O012980,P013,2,33.92
O012981,P010,2,41.34
O012981,P021,1,65.72
O012981,P008,1,76.32
O012982,P013,1,33.92
O012983,P013,1,33.92
O012983,P014,1,125.08
O012983,P008,1,76.32
O012984,P017,1,61.48
O012985,P021,2,65.72
O012985,P013,1,33.92
O012986,P008,1,76.32
O012987,P005,1,50.88
O012988,P017,1,61.48
O012988,P012,1,
O012988,P006,1,23.32
O012989,P010,2,41.34
O012990,P005,1,50.88
O012991,P016,1,38.16
O012992,P006,1,23.32
O012992,P011,1,58.3
O012992,P012,2,21.2
O012993,P002,1,179.14
O012994,P013,1,33.92
O012995,P020,1,29.68
O012995,P002,1,179.14
O012996,P019,2,20.14
O012997,P018,1,25.44
O012997,P006,1,23.32
O012997,P013,2,33.92
O012998,P008,1,76.32
O012999,P005,1,50.88
O013000,P022,1,57.24
O013000,P017,1,61.48
O013000,P011,2,58.3
O013001,P018,1,25.44
O013001,P003,1,94.34
O013001,P005,1,50.88
O013002,P012,1,21.2
O013003,P010,2,41.34
O013003,P011,1,58.3
O013003,P013,1,33.92
O013004,P005,1,50.88
O013005,P006,2,23.32
O013005,P003,1,94.34
O013006,P007,1,43.46
O013007,P012,1,21.2
O013007,P017,1,61.48
O013007,P016,1,38.16
O013008,P018,1,25.44
O013009,P021,2,65.72
O013010,P013,1,33.92
O013010,P017,1,61.48
O013011,P005,1,50.88
O013011,P013,1,33.92
O013011,P022,1,57.24
O013012,P021,1,65.72
O013013,P006,1,23.32
O013013,P002,1,179.14
O013014,P005,1,50.88
O013015,P022,1,57.24
O013016,P008,1,76.32
O013017,P005,1,50.88
O013018,P018,1,
O013019,P006,1,23.32
O013020,P009,1,37.1
O013021,P017,1,61.48
O013021,P005,1,50.88
O013022,P021,1,65.72
O013023,P007,1,43.46
O013024,P017,1,61.48
O013025,P002,3,
O013025,P006,1,23.32
O013026,P012,2,21.2
O013027,P011,1,58.3
O013028,P007,2,43.46
O013029,P007,1,43.46
O013029,P006,2,23.32
O013030,P019,1,20.14
O013031,P004,1,67.84
O013031,P021,1,65.72
O013032,P018,2,25.44
O013033,P017,1,61.48
O013034,P019,1,20.14
O013034,P004,1,67.84
O013035,P012,1,21.2
O013036,P004,1,67.84
O013037,P003,1,94.34
O013037,P016,1,38.16
O013038,P006,1,23.32
O013039,P019,1,20.14
O013039,P014,2,125.08
O013040,P009,1,37.1
O013041,P011,2,58.3
O013041,P022,1,57.24
O013042,P007,1,43.46
O013043,P012,1,21.2
O013043,P003,1,94.34
O013044,P006,1,23.32
O013044,P007,1,43.46
O013045,P017,1,61.48
O013046,P023,1,103.88
O013047,P020,1,29.68
O013048,P019,1,20.14
O013048,P021,1,65.72
O013048,P005,1,50.88
O013049,P006,1,23.32
O013050,P002,1,179.14
O013051,P016,1,38.16
O013052,P001,1,136.74
O013052,P012,1,21.2
O013052,P007,1,43.46
O013053,P004,2,67.84
O013053,P017,1,61.48
O013054,P021,1,65.72
O013055,P017,1,61.48
O013055,P021,1,65.72
O013056,P001,1,136.74
O013056,P017,1,61.48
O013057,P018,1,25.44
O013058,P019,1,20.14
O013059,P005,1,50.88
O013059,P006,1,23.32
O013059,P012,2,21.2
O013060,P011,1,58.3
O013060,P019,1,20.14
O013061,P007,1,43.46
O013061,P019,1,20.14
O013061,P022,2,57.24
O013062,P011,1,58.3
O013063,P011,1,58.3
O013064,P011,2,58.3
O013065,P011,1,58.3
O013066,P023,1,103.88
O013066,P006,1,23.32
O013066,P022,1,57.24
O013066,P015,1,80.56
O013067,P022,1,57.24
O013067,P006,1,23.32
O013068,P021,1,65.72
O013068,P018,2,25.44
O013068,P022,1,57.24
O013069,P004,1,67.84
O013069,P005,2,50.88
O013069,P016,1,38.16
O013070,P007,1,43.46
O013070,P005,2,50.88
O013071,P008,1,76.32
O013071,P018,1,25.44
O013072,P006,1,23.32
O013073,P005,2,50.88
O013073,P015,1,80.56
O013074,P012,1,21.2
O013074,P002,1,179.14
O013074,P010,1,41.34
O013075,P017,1,61.48
O013076,P012,1,21.2
O013077,P023,1,103.88
O013078,P016,1,38.16
O013079,P010,1,41.34
O013080,P007,1,43.46
O013080,P022,1,57.24
O013080,P014,1,125.08
O013081,P013,1,33.92
O013082,P019,2,20.14
O013083,P019,1,20.14
O013084,P011,1,58.3
O013085,P007,2,43.46
O013086,P014,1,125.08
O013087,P004,1,67.84
O013088,P007,2,43.46
O013088,P006,2,23.32
O013088,P018,1,25.44
O013089,P012,1,21.2
O013090,P015,1,80.56
O013091,P006,1,23.32
O013092,P007,2,43.46
O013093,P005,1,50.88
O013093,P022,1,57.24
O013094,P002,1,179.14
O013094,P016,1,38.16
O013095,P009,2,37.1
O013096,P021,1,65.72
O013097,P006,1,23.32
O013098,P011,1,58.3
O013099,P019,1,20.14
O013099,P005,2,50.88
O013100,P021,1,65.72
O013100,P004,1,67.84
O013100,P013,2,33.92
O013101,P004,2,67.84
O013102,P019,1,20.14
O013103,P019,1,20.14
O013104,P017,1,61.48
O013105,P019,1,20.14
O013105,P015,1,80.56
O013105,P012,1,21.2
O013106,P011,1,58.3
O013107,P013,1,33.92
O013108,P007,1,43.46
O013108,P012,1,21.2
O013109,P001,1,136.74
O013110,P005,1,50.88
O013110,P022,1,57.24
O013110,P011,1,58.3
O013111,P018,1,25.44
O013111,P019,1,20.14
O013112,P004,2,67.84
O013112,P008,1,76.32
O013113,P010,1,41.34
O013113,P011,1,58.3
O013114,P011,1,58.3
O013114,P018,1,25.44
O013114,P008,1,76.32
O013114,P022,1,57.24
O013115,P013,2,33.92
O013115,P015,1,80.56
O013116,P007,1,43.46
O013116,P022,2,57.24
O013117,P016,1,38.16
O013118,P012,1,21.2
O013118,P022,1,57.24
O013119,P017,1,61.48
O013120,P014,1,125.08
O013121,P006,1,23.32
O013122,P005,1,50.88
O013123,P018,1,25.44
O013124,P007,2,43.46
O013125,P012,1,21.2
O013125,P013,1,33.92
O013125,P011,1,58.3
O013125,P007,1,43.46
O013126,P002,1,179.14
O013127,P016,1,38.16
O013128,P007,1,43.46
O013128,P003,1,94.34
O013129,P006,2,23.32
O013130,P006,1,23.32
O013131,P019,2,20.14
O013132,P008,2,76.32
O013132,P014,1,125.08
O013132,P021,1,65.72
O013133,P013,1,33.92
O013134,P016,2,38.16
O013134,P019,2,20.14
O013135,P009,1,37.1
O013135,P003,2,94.34
O013136,P013,2,33.92
O013136,P021,1,65.72
O013137,P006,1,23.32
O013138,P013,1,33.92
O013139,P013,1,33.92
O013140,P005,1,50.88
O013141,P004,1,67.84
O013141,P008,1,76.32
O013142,P014,1,125.08
O013142,P021,1,65.72
O013143,P020,1,29.68
O013143,P003,1,94.34
O013144,P006,1,23.32
O013145,P007,1,43.46
O013145,P018,1,25.44
O013146,P001,1,136.74
O013146,P005,1,50.88
O013146,P013,1,33.92
O013147,P006,1,23.32
O013148,P020,1,29.68
O013148,P003,1,94.34
O013148,P002,1,179.14
O013149,P005,1,50.88
O013150,P007,1,43.46
O013151,P001,1,136.74
O013152,P001,1,136.74
O013152,P006,1,23.32
O013152,P007,1,43.46
O013153,P017,1,61.48
O013154,P006,1,23.32
O013155,P021,1,65.72
O013155,P007,3,43.46
O013155,P005,1,50.88
O013156,P005,1,50.88
O013156,P021,1,65.72
O013156,P018,1,25.44
O013156,P007,1,43.46
O013157,P003,1,94.34
O013158,P006,2,23.32
O013159,P002,2,179.14
O013160,P006,1,23.32
O013160,P017,2,61.48
O013161,P005,1,50.88
O013161,P007,1,43.46
O013162,P010,2,41.34
O013162,P023,1,103.88
O013162,P004,1,67.84
O013163,P019,1,20.14
O013164,P009,1,37.1
O013165,P015,1,80.56
O013165,P013,1,33.92
O013166,P007,1,43.46
O013167,P013,1,33.92
O013167,P007,1,43.46
O013167,P022,1,57.24
O013168,P018,1,25.44
O013168,P016,1,38.16
O013169,P012,1,21.2
O013170,P017,1,61.48
O013170,P005,1,50.88
O013171,P019,1,20.14
O013171,P012,1,21.2
O013171,P009,1,37.1
O013172,P013,1,33.92
O013173,P005,1,50.88
O013174,P005,1,50.88
O013174,P014,1,125.08
O013174,P007,1,43.46
O013175,P014,1,125.08
O013175,P011,1,58.3
O013176,P001,1,136.74
O013176,P023,1,103.88
O013176,P010,1,41.34
O013177,P014,1,125.08
O013178,P007,1,43.46
O013178,P022,1,57.24
O013179,P023,1,103.88
O013179,P007,1,43.46
O013180,P014,1,125.08
O013181,P022,1,57.24
O013181,P005,1,50.88
O013181,P017,1,61.48
O013182,P017,1,61.48
O013182,P022,1,57.24
O013183,P002,1,179.14
O013183,P001,1,136.74
O013184,P021,1,65.72
O013185,P015,1,80.56
O013186,P010,1,41.34
O013187,P018,1,25.44
O013187,P008,1,76.32
O013187,P016,1,38.16
O013188,P018,2,25.44
O013188,P007,1,43.46
O013189,P001,1,136.74
O013190,P018,1,25.44
O013190,P001,2,136.74
O013191,P005,1,50.88
O013192,P019,1,20.14
O013192,P021,1,65.72
O013193,P005,1,50.88
O013194,P007,1,43.46
O013194,P022,1,57.24
O013195,P019,1,20.14
O013196,P001,1,136.74
O013196,P006,1,23.32
O013197,P021,1,65.72
O013198,P019,1,20.14
O013198,P006,1,23.32
O013199,P011,1,58.3
O013200,P010,1,41.34
O013201,P020,1,29.68
O013201,P004,1,67.84
O013202,P002,1,179.14
O013203,P019,1,20.14
O013203,P007,1,43.46
O013203,P006,1,23.32
O013204,P005,2,50.88
O013205,P019,2,20.14
O013205,P021,1,65.72
O013206,P008,1,
O013207,P023,3,103.88
O013208,P006,1,23.32
O013209,P015,1,80.56
O013210,P005,1,50.88
O013211,P014,1,125.08
O013212,P018,1,25.44
O013213,P019,1,20.14
O013214,P007,1,43.46
O013214,P009,2,37.1
O013214,P021,1,65.72
O013215,P009,3,37.1
O013216,P009,1,37.1
O013216,P022,1,57.24
O013217,P007,1,43.46
O013217,P016,1,38.16
O013217,P006,1,23.32
O013218,P006,1,23.32
O013218,P019,1,20.14
O013219,P006,1,23.32
O013220,P006,1,23.32
O013220,P021,1,65.72
O013221,P012,1,21.2
O013221,P005,1,50.88
O013221,P023,1,103.88
O013222,P023,1,103.88
O013223,P006,1,23.32
O013224,P011,1,58.3
O013224,P012,1,21.2
O013224,P003,1,94.34
O013225,P021,1,65.72
O013226,P006,1,23.32
O013227,P007,1,43.46
O013227,P019,1,20.14
O013228,P009,1,37.1
O013229,P018,1,25.44
O013229,P011,1,58.3
O013230,P018,1,25.44
O013230,P007,1,43.46
O013231,P001,1,136.74
O013232,P019,1,20.14
O013233,P008,1,76.32
O013233,P021,1,65.72
O013234,P010,1,41.34
O013235,P012,1,21.2
O013236,P018,2,25.44
O013237,P012,3,21.2
O013237,P005,3,50.88
O013238,P013,3,33.92
O013239,P006,1,23.32
O013240,P005,3,50.88
O013241,P004,1,67.84
O013242,P022,2,57.24
O013242,P007,1,43.46
O013243,P011,1,58.3
O013244,P011,1,58.3
O013245,P015,1,80.56
O013246,P009,1,37.1
O013247,P021,1,65.72
O013248,P018,1,25.44
O013249,P019,1,20.14
O013250,P004,1,67.84
O013250,P001,1,136.74
O013251,P011,2,58.3
O013252,P006,1,23.32
O013253,P006,1,23.32
O013253,P019,3,20.14
O013254,P002,1,179.14
O013255,P006,1,23.32
O013256,P011,1,58.3
O013257,P005,1,50.88
O013257,P010,1,41.34
O013258,P010,1,41.34
O013258,P009,1,37.1
O013258,P005,1,50.88
O013258,P004,1,67.84
O013259,P004,1,67.84
O013259,P006,1,23.32
O013259,P018,1,25.44
O013260,P008,1,76.32
O013260,P003,2,94.34
O013261,P002,1,179.14
O013261,P009,1,37.1
O013261,P005,1,50.88
O013262,P023,1,103.88
O013263,P012,1,21.2
O013264,P021,1,65.72
O013265,P003,1,94.34
O013265,P013,1,33.92
O013266,P010,1,41.34
O013267,P018,1,25.44
O013268,P013,1,33.92
O013268,P016,1,38.16
O013269,P016,1,38.16
O013270,P013,1,33.92
O013271,P006,1,23.32
O013272,P013,1,33.92
O013273,P022,1,57.24
O013274,P003,1,94.34
O013275,P023,2,103.88
O013275,P016,1,38.16
O013276,P017,1,61.48
O013277,P009,2,37.1
O013277,P013,1,33.92
O013278,P004,1,67.84
O013278,P011,1,58.3
O013278,P021,1,65.72
O013278,P018,1,25.44
O013279,P021,1,65.72
O013280,P019,1,20.14
O013281,P006,1,23.32
O013282,P006,1,23.32
O013282,P008,1,76.32
O013282,P010,2,41.34
O013283,P001,1,136.74
O013283,P014,1,125.08
O013284,P011,2,58.3
O013284,P012,1,21.2
O013285,P013,3,33.92
O013286,P013,1,33.92
O013287,P002,1,179.14
O013288,P010,1,41.34
O013289,P018,1,25.44
O013289,P017,1,61.48
O013290,P018,1,25.44
O013290,P004,1,67.84
O013291,P006,1,23.32
O013292,P016,1,38.16
O013293,P022,1,57.24
O013294,P016,1,38.16
O013294,P006,3,23.32
O013295,P013,1,33.92
O013295,P006,1,23.32
O013296,P021,1,65.72
O013296,P005,1,50.88
O013297,P023,2,103.88
O013298,P013,1,33.92
O013298,P005,1,50.88
O013298,P003,1,94.34
O013298,P012,2,21.2
O013299,P021,1,65.72
O013300,P006,1,23.32
O013301,P001,1,136.74
O013301,P015,1,80.56
O013302,P022,2,57.24
O013302,P019,2,20.14
O013302,P006,3,23.32
O013303,P010,1,41.34
O013303,P001,1,136.74
O013303,P005,1,50.88
O013304,P006,1,23.32
O013304,P002,1,179.14
O013305,P004,1,67.84
O013306,P007,3,43.46
O013306,P013,3,33.92
O013307,P002,1,179.14
O013307,P013,3,33.92
O013307,P004,1,67.84
O013307,P006,3,23.32
O013308,P007,1,43.46
O013309,P019,1,20.14
O013310,P004,1,67.84
O013311,P021,1,65.72
O013312,P011,1,58.3
O013313,P021,1,65.72
O013314,P012,1,21.2
O013315,P013,1,33.92
O013315,P008,1,76.32
O013316,P010,1,41.34
O013317,P003,1,94.34
O013317,P013,1,33.92
O013318,P009,1,37.1
O013318,P021,1,65.72
O013318,P008,1,76.32
O013319,P008,1,76.32
O013320,P008,1,76.32
O013320,P006,1,23.32
O013320,P007,1,43.46
O013321,P021,1,65.72
O013322,P001,1,136.74
O013323,P012,1,21.2
O013324,P006,1,23.32
O013324,P021,1,65.72
O013325,P003,1,94.34
O013326,P019,2,20.14
O013327,P018,1,25.44
O013328,P009,1,37.1
O013329,P023,1,103.88
O013329,P010,1,41.34
O013329,P005,1,50.88
O013330,P007,1,43.46
O013330,P013,1,33.92
O013331,P010,1,41.34
O013331,P020,2,29.68
O013332,P019,1,20.14
O013333,P004,1,67.84
O013334,P012,1,21.2
O013335,P021,1,65.72
O013335,P005,1,50.88
O013336,P016,1,38.16
O013336,P005,1,50.88
O013336,P020,1,29.68
O013337,P013,1,33.92
O013337,P014,1,125.08
O013337,P011,1,58.3
O013337,P015,1,80.56
O013338,P013,2,33.92
O013339,P022,1,57.24
O013340,P013,1,33.92
O013341,P019,1,20.14
O013341,P011,1,58.3
O013342,P012,1,21.2
O013343,P004,1,67.84
O013344,P014,1,125.08
O013345,P006,1,23.32
O013345,P016,1,38.16
O013345,P013,1,33.92
O013345,P010,1,41.34
O013346,P007,1,43.46
O013346,P001,1,136.74
O013346,P015,1,80.56
O013347,P019,1,20.14
O013348,P018,1,25.44
O013348,P009,1,37.1
O013348,P020,2,29.68
O013349,P013,2,33.92
O013349,P022,2,57.24
O013349,P006,3,23.32
O013350,P010,1,41.34
O013350,P023,1,103.88
O013350,P005,1,50.88
O013351,P017,1,61.48
O013352,P023,2,103.88
O013352,P002,1,179.14
O013352,P012,1,21.2
O013353,P019,1,20.14
O013353,P004,1,67.84
O013354,P016,1,38.16
O013354,P011,1,58.3
O013355,P015,1,80.56
O013356,P022,1,57.24
O013357,P018,2,25.44
O013358,P008,3,76.32
O013358,P009,1,37.1
O013359,P022,1,57.24
O013359,P019,2,20.14
O013360,P013,1,33.92
O013361,P002,1,179.14
O013362,P005,1,50.88
O013362,P013,1,33.92
O013362,P020,1,29.68
O013362,P018,1,25.44
O013363,P021,3,65.72
O013363,P011,1,58.3
O013364,P004,2,67.84
O013365,P004,1,67.84
O013366,P007,1,43.46
O013367,P006,1,23.32
O013367,P007,1,43.46
O013368,P010,1,41.34
O013369,P016,1,38.16
O013369,P006,1,23.32
O013370,P010,1,41.34
O013371,P005,1,50.88
O013372,P011,2,58.3
O013373,P022,1,57.24
O013373,P011,2,58.3
O013373,P023,1,103.88
O013374,P018,1,25.44
O013374,P008,1,76.32
O013374,P019,1,20.14
O013374,P007,1,43.46
O013375,P016,2,38.16
O013375,P021,1,65.72
O013376,P005,1,50.88
O013377,P019,1,20.14
O013378,P011,1,58.3
O013378,P018,1,25.44
O013378,P015,1,80.56
O013378,P022,1,57.24
O013379,P018,1,25.44
O013379,P011,1,58.3
O013380,P006,1,23.32
O013381,P019,2,20.14
O013382,P019,1,20.14
O013383,P007,1,43.46
O013383,P019,1,20.14
O013383,P006,1,23.32
O013384,P007,1,43.46
O013384,P023,1,103.88
O013384,P012,1,21.2
O013385,P008,1,76.32
O013386,P005,2,50.88
O013386,P021,1,65.72
O013386,P019,1,20.14
O013387,P006,1,23.32
O013388,P009,1,37.1
O013389,P010,1,41.34
O013390,P002,1,179.14
O013390,P022,1,57.24
O013390,P007,1,43.46
O013391,P022,1,57.24
O013391,P011,1,58.3
O013392,P007,1,43.46
O013393,P022,1,57.24
O013393,P003,1,94.34
O013393,P007,1,43.46
O013394,P011,1,58.3
O013395,P011,1,58.3
O013396,P008,1,76.32
O013397,P011,1,58.3
O013398,P013,1,33.92
O013398,P007,1,43.46
O013398,P021,1,65.72
O013399,P005,1,50.88
O013400,P001,3,136.74
O013400,P013,1,33.92
O013400,P006,1,23.32
O013401,P021,1,65.72
O013401,P018,3,25.44
O013401,P007,1,43.46
O013402,P004,1,67.84
O013403,P009,1,37.1
O013404,P008,1,76.32
O013405,P006,1,23.32
O013406,P021,1,65.72
O013406,P006,1,23.32
O013407,P017,1,61.48
O013407,P010,1,41.34
O013408,P018,1,25.44
O013409,P011,3,58.3
O013410,P019,1,20.14
O013410,P014,1,125.08
O013410,P013,1,33.92
O013410,P021,1,65.72
O013411,P005,2,50.88
O013411,P006,1,23.32
O013412,P022,1,57.24
O013412,P005,1,50.88
O013413,P011,1,58.3
O013414,P006,2,23.32
O013415,P016,1,38.16
O013415,P017,1,61.48
O013415,P004,1,67.84
O013416,P018,1,25.44
O013416,P013,1,33.92
O013417,P006,1,23.32
O013417,P016,2,38.16
O013418,P019,1,20.14
O013418,P003,1,94.34
O013418,P022,1,57.24
O013419,P006,1,23.32
O013419,P001,1,136.74
O013420,P019,1,20.14
O013421,P007,1,43.46
O013422,P023,2,103.88
O013423,P006,-1,23.32
O013423,P016,1,38.16
O013424,P007,2,43.46
O013424,P018,1,25.44
O013424,P013,1,33.92
O013425,P007,1,43.46
O013425,P022,3,57.24
O013426,P006,1,23.32
O013426,P019,1,20.14
O013427,P005,1,50.88
O013428,P008,1,76.32
O013429,P021,1,65.72
O013429,P001,1,136.74
O013430,P014,3,125.08
O013430,P018,1,25.44
O013431,P005,1,50.88
O013432,P003,1,94.34
O013433,P005,2,50.88
O013434,P006,1,23.32
O013435,P023,1,103.88
O013436,P019,1,20.14
O013437,P009,1,37.1
O013437,P012,2,21.2
O013438,P020,1,29.68
O013438,P007,1,43.46
O013439,P006,1,23.32
O013440,P007,1,43.46
O013440,P005,2,50.88
O013441,P016,1,38.16
O013442,P007,1,43.46
O013442,P005,1,50.88
O013442,P006,1,23.32
O013442,P011,1,58.3
O013443,P005,1,50.88
O013443,P022,1,57.24
O013444,P019,1,20.14
O013445,P022,1,57.24
O013446,P006,1,23.32
O013446,P005,1,50.88
O013446,P018,1,25.44
O013447,P005,3,50.88
O013448,P006,1,23.32
O013449,P005,1,50.88
O013449,P010,1,41.34
O013450,P015,1,80.56
O013450,P006,1,23.32
O013451,P022,1,57.24
O013451,P005,1,50.88
O013452,P020,1,29.68
O013452,P008,1,76.32
O013453,P021,1,65.72
O013454,P011,1,58.3
O013455,P005,3,50.88
O013456,P020,2,29.68
O013457,P013,2,33.92
O013458,P007,1,43.46
O013458,P013,1,33.92
O013459,P018,3,25.44
O013459,P014,2,125.08
O013459,P012,2,21.2
O013460,P007,3,43.46
O013461,P014,1,125.08
O013462,P007,1,43.46
O013463,P007,1,43.46
O013463,P018,1,25.44
O013463,P010,1,41.34
O013464,P005,1,50.88
O013465,P007,1,43.46
O013465,P004,1,67.84
O013465,P013,1,33.92
O013466,P010,1,41.34
O013466,P005,2,50.88
O013467,P013,1,33.92
O013467,P011,1,58.3
O013468,P006,1,23.32
O013469,P017,1,61.48
O013470,P003,1,94.34
O013471,P008,1,76.32
O013471,P001,1,136.74
O013471,P022,1,57.24
O013472,P012,1,21.2
O013473,P009,1,37.1
O013473,P011,1,58.3
O013473,P016,1,38.16
O013474,P019,1,20.14
O013475,P022,1,57.24
O013475,P016,2,38.16
O013476,P016,1,38.16
O013477,P021,1,65.72
O013477,P013,2,33.92
O013477,P007,1,43.46
O013478,P018,1,25.44
O013479,P005,1,50.88
O013480,P004,1,67.84
O013480,P011,1,58.3
O013480,P016,1,38.16
O013481,P011,1,58.3
O013482,P014,1,125.08
O013483,P007,1,43.46
O013484,P009,1,37.1
O013484,P010,1,41.34
O013485,P020,1,29.68
O013485,P019,2,20.14
O013486,P017,1,61.48
O013487,P015,2,80.56
O013488,P005,1,50.88
O013488,P001,1,136.74
O013489,P016,1,38.16
O013490,P007,1,43.46
O013490,P011,1,58.3
O013491,P013,1,33.92
O013492,P005,1,50.88
O013492,P018,1,25.44
O013493,P022,1,57.24
O013493,P021,1,65.72
O013494,P005,1,50.88
O013494,P011,1,58.3
O013494,P012,1,21.2
O013494,P009,1,37.1
O013495,P011,1,58.3
O013495,P021,1,65.72
O013496,P016,2,38.16
O013497,P001,1,136.74
O013497,P019,1,20.14
O013498,P022,1,57.24
O013498,P011,1,58.3
O013499,P023,1,103.88
O013499,P010,1,41.34
O013500,P011,1,58.3
O013500,P021,1,65.72
O013500,P016,1,38.16
O013500,P003,1,94.34
O013501,P013,1,33.92
O013501,P021,1,65.72
O013501,P006,1,23.32
O013502,P005,1,50.88
O013502,P010,2,41.34
O013502,P012,1,21.2
O013502,P008,3,76.32
O013503,P020,1,29.68
O013504,P018,1,25.44
O013504,P011,1,58.3
O013505,P013,1,33.92
O013506,P004,1,67.84
O013507,P007,1,43.46
O013507,P010,1,41.34
O013507,P021,1,65.72
O013507,P022,1,57.24
O013508,P001,1,136.74
O013508,P009,2,37.1
O013508,P010,1,41.34
O013509,P004,1,67.84
O013510,P013,1,33.92
O013511,P011,1,58.3
O013512,P007,1,43.46
O013513,P009,1,37.1
O013514,P001,2,136.74
O013514,P011,1,58.3
O013514,P022,1,57.24
O013515,P022,1,57.24
O013516,P011,1,58.3
O013517,P019,1,20.14
O013517,P007,1,43.46
O013518,P005,1,50.88
O013519,P007,1,43.46
O013519,P022,1,57.24
O013520,P021,1,65.72
O013521,P001,1,136.74
O013522,P022,1,57.24
O013522,P023,1,103.88
O013522,P013,1,33.92
O013523,P001,1,136.74
O013524,P016,1,38.16
O013524,P007,1,43.46
O013525,P007,1,43.46
O013526,P014,1,125.08
O013526,P011,1,58.3
O013527,P015,1,80.56
O013528,P019,1,20.14
O013529,P009,1,37.1
O013529,P012,2,21.2
O013530,P021,2,65.72
O013531,P007,1,43.46
O013532,P022,1,57.24
O013533,P007,1,43.46
O013534,P006,1,23.32
O013535,P008,1,76.32
O013535,P021,1,65.72
O013536,P008,2,76.32
O013537,P007,1,43.46
O013537,P021,1,65.72
O013538,P006,1,23.32
O013539,P018,1,25.44
O013540,P004,3,67.84
O013541,P007,1,43.46
O013542,P006,1,23.32
O013543,P019,1,20.14
O013543,P012,1,21.2
O013543,P007,1,43.46
O013544,P018,1,25.44
O013545,P007,1,43.46
O013546,P017,1,61.48
O013547,P017,1,61.48
O013548,P010,1,41.34
O013548,P006,1,23.32
O013549,P022,1,57.24
O013549,P017,1,61.48
O013549,P014,3,125.08
O013550,P008,1,76.32
O013551,P011,1,58.3
O013552,P009,1,37.1
O013552,P015,1,80.56
O013553,P009,1,37.1
O013554,P009,1,37.1
O013554,P016,1,38.16
O013555,P005,1,50.88
O013556,P018,1,25.44
O013556,P006,1,23.32
O013557,P006,2,23.32
O013558,P011,1,58.3
O013558,P019,1,20.14
O013558,P003,1,94.34
O013559,P013,1,33.92
O013559,P005,1,50.88
O013559,P006,1,23.32
O013560,P001,1,136.74
O013560,P019,1,20.14
O013561,P010,2,41.34
O013562,P007,1,43.46
O013563,P004,1,67.84
O013564,P006,0,23.32
O013565,P016,1,38.16
O013566,P011,1,58.3
O013566,P010,2,41.34
O013567,P007,1,43.46
O013568,P018,1,25.44
O013569,P007,2,43.46
O013569,P020,1,29.68
O013570,P006,2,23.32
O013570,P011,1,58.3
O013571,P013,1,33.92
O013572,P007,1,43.46
O013572,P022,1,57.24
O013573,P005,1,50.88
O013574,P011,1,58.3
O013574,P007,1,43.46
O013575,P011,1,58.3
O013576,P023,2,103.88
O013577,P006,1,23.32
O013578,P007,1,43.46
O013578,P010,1,41.34
O013579,P016,1,38.16
O013580,P005,1,50.88
O013581,P007,1,43.46
O013582,P023,1,103.88
O013583,P002,1,179.14
O013584,P005,1,50.88
O013585,P014,1,125.08
O013585,P005,1,50.88
O013586,P006,1,23.32
O013587,P016,1,38.16
O013588,P016,1,38.16
O013588,P014,1,125.08
O013589,P007,1,43.46
O013590,P007,1,43.46
O013590,P009,1,37.1
O013591,P005,1,50.88
O013591,P015,1,80.56
O013592,P001,1,136.74
O013593,P006,1,23.32
O013594,P004,1,67.84
O013595,P005,2,50.88
O013595,P011,1,58.3
O013595,P004,1,67.84
O013596,P018,1,25.44
O013597,P013,1,33.92
O013598,P006,1,23.32
O013599,P019,1,20.14
O013599,P003,1,94.34
O013600,P005,1,50.88
O013601,P015,1,80.56
O013602,P012,1,21.2
O013603,P005,1,50.88
O013603,P022,1,57.24
O013603,P006,1,23.32
O013603,P018,1,25.44
O013604,P018,1,25.44
O013604,P005,1,50.88
O013604,P009,1,37.1
O013605,P005,1,50.88
O013605,P006,1,23.32
O013606,P012,1,21.2
O013606,P018,1,25.44
O013606,P007,2,43.46
O013607,P018,1,25.44
O013607,P021,1,65.72
O013608,P015,1,80.56
O013609,P015,1,80.56
O013609,P013,1,33.92
O013610,P005,-1,50.88
O013611,P006,1,23.32
O013611,P017,1,61.48
O013611,P007,2,43.46
O013612,P004,1,67.84
O013612,P005,1,50.88
O013613,P006,1,23.32
O013613,P012,1,21.2
O013614,P016,1,38.16
O013615,P022,1,57.24
O013615,P013,1,33.92
O013615,P019,2,20.14
O013615,P005,1,50.88
O013616,P005,1,50.88
O013616,P007,1,43.46
O013617,P009,1,37.1
O013617,P005,2,50.88
O013618,P011,1,58.3
O013619,P011,1,58.3
O013620,P020,1,29.68
O013621,P018,1,25.44
O013621,P011,1,58.3
O013621,P012,1,21.2
O013622,P021,1,65.72
O013622,P005,1,50.88
O013622,P017,2,61.48
O013623,P018,1,25.44
O013624,P023,1,103.88
O013625,P007,1,43.46
O013626,P022,1,57.24
O013627,P021,1,65.72
O013627,P005,1,50.88
O013628,P013,2,33.92
O013629,P012,1,21.2
O013629,P004,1,67.84
O013629,P018,3,25.44
O013630,P018,1,25.44
O013631,P013,1,33.92
O013631,P010,1,41.34
O013632,P013,1,33.92
O013633,P009,1,37.1
O013633,P022,1,57.24
O013634,P011,1,58.3
O013634,P006,1,23.32
O013634,P009,1,37.1
O013635,P022,1,57.24
O013636,P016,1,38.16
O013636,P021,1,65.72
O013637,P007,1,43.46
O013637,P003,1,94.34
O013637,P022,1,57.24
O013637,P013,1,33.92
O013638,P006,1,23.32
O013638,P004,1,67.84
O013639,P006,1,23.32
O013639,P013,1,33.92
O013639,P005,1,50.88
O013640,P009,1,37.1
O013641,P007,1,43.46
O013642,P007,1,43.46
O013643,P011,1,58.3
O013643,P013,1,33.92
O013643,P019,1,20.14
O013644,P011,1,58.3
O013645,P014,2,125.08
O013646,P011,1,58.3
O013646,P010,1,41.34
O013646,P016,1,38.16
O013647,P019,1,20.14
O013647,P007,2,43.46
O013648,P007,1,43.46
O013648,P016,1,38.16
O013649,P003,1,94.34
O013650,P013,1,33.92
O013650,P006,1,23.32
O013650,P008,1,76.32
O013650,P016,1,38.16
O013651,P009,1,37.1
O013652,P011,1,58.3
O013653,P020,1,29.68
O013653,P005,2,50.88
O013654,P016,1,38.16
O013655,P002,1,179.14
O013656,P007,1,43.46
O013656,P002,1,179.14
O013657,P013,1,33.92
O013658,P006,1,23.32
O013658,P007,2,43.46
O013659,P007,1,43.46
O013660,P005,1,50.88
O013661,P020,1,29.68
O013662,P005,1,50.88
O013663,P003,1,94.34
O013663,P013,1,33.92
O013664,P006,1,23.32
O013665,P022,1,57.24
O013665,P010,1,41.34
O013666,P018,1,25.44
O013666,P014,1,125.08
O013667,P004,1,67.84
O013668,P007,1,43.46
O013669,P006,2,23.32
O013670,P001,1,136.74
O013671,P006,1,23.32
O013672,P021,2,65.72
O013673,P017,1,61.48
O013673,P006,2,23.32
O013674,P018,1,25.44
O013675,P007,1,43.46
O013676,P018,1,25.44
O013676,P014,1,125.08
O013677,P013,1,33.92
O013677,P018,1,25.44
O013677,P019,1,20.14
O013678,P005,1,50.88
O013678,P020,1,29.68
O013679,P004,1,67.84
O013680,P013,1,33.92
O013680,P012,1,21.2
O013680,P014,1,125.08
O013681,P020,1,29.68
O013682,P009,1,37.1
O013682,P005,1,50.88
O013683,P011,1,58.3
O013683,P018,2,25.44
O013684,P005,1,50.88
O013684,P006,1,23.32
O013684,P019,1,20.14
O013685,P019,1,20.14
O013686,P010,1,41.34
O013687,P004,1,67.84
O013688,P005,3,50.88
O013688,P011,1,58.3
O013689,P022,1,57.24
O013690,P007,1,43.46
O013690,P006,1,23.32
O013691,P019,1,20.14
O013692,P019,2,20.14
O013693,P013,1,33.92
O013693,P011,1,58.3
O013694,P017,1,61.48
O013695,P005,2,50.88
O013696,P003,1,94.34
O013697,P010,1,41.34
O013698,P011,1,58.3
O013699,P015,1,80.56
O013700,P004,1,67.84
O013700,P008,1,76.32
O013701,P021,1,65.72
O013702,P018,1,25.44
O013703,P019,1,20.14
O013703,P020,1,29.68
O013703,P005,1,50.88
O013704,P005,1,50.88
O013704,P006,1,23.32
O013704,P011,1,58.3
O013705,P021,1,65.72
O013706,P007,1,43.46
O013707,P016,1,38.16
O013708,P016,2,38.16
O013708,P013,1,33.92
O013708,P011,1,58.3
O013709,P011,1,58.3
O013710,P006,1,23.32
O013711,P011,1,58.3
O013711,P005,1,50.88
O013711,P012,1,21.2
O013712,P018,1,25.44
O013713,P007,1,43.46
O013713,P003,1,94.34
O013714,P005,1,50.88
O013715,P019,1,20.14
O013716,P005,1,50.88
O013717,P013,1,33.92
O013717,P005,1,50.88
O013717,P021,1,65.72
O013718,P011,2,58.3
O013718,P013,1,33.92
O013718,P005,2,50.88
O013719,P014,1,125.08
O013720,P022,1,57.24
O013720,P008,3,76.32
O013721,P012,1,21.2
O013722,P018,2,25.44
O013723,P015,2,80.56
O013723,P013,1,33.92
O013723,P018,1,25.44
O013723,P020,1,29.68
O013724,P015,1,80.56
O013725,P022,1,57.24
O013726,P019,1,20.14
O013727,P006,1,23.32
O013727,P010,1,41.34
O013728,P022,3,57.24
O013729,P005,1,50.88
O013730,P019,1,20.14
O013731,P021,1,65.72
O013732,P014,1,125.08
O013732,P007,1,43.46
O013733,P015,1,80.56
O013734,P005,2,50.88
O013735,P007,2,43.46
O013736,P018,1,25.44
O013737,P011,1,58.3
O013738,P009,1,37.1
O013739,P010,1,41.34
O013739,P013,1,33.92
O013740,P018,1,25.44
O013741,P011,1,58.3
O013741,P014,1,125.08
O013741,P017,2,61.48
O013742,P020,2,29.68
O013743,P017,1,61.48
O013743,P005,1,50.88
O013743,P011,1,58.3
O013744,P007,2,43.46
O013745,P001,1,136.74
O013746,P005,1,50.88
O013746,P006,1,23.32
O013747,P010,1,41.34
O013748,P011,2,58.3
O013749,P007,1,43.46
O013750,P005,1,50.88
O013751,P019,1,20.14
O013752,P011,1,58.3
O013753,P005,1,50.88
O013753,P009,1,37.1
O013754,P007,1,43.46
O013755,P006,1,23.32
O013755,P011,1,58.3
O013755,P018,2,25.44
O013756,P019,1,20.14
O013756,P011,1,58.3
O013757,P005,1,50.88
O013757,P012,1,21.2
O013758,P006,1,23.32
O013759,P013,1,33.92
O013760,P004,1,67.84
O013760,P022,3,57.24
O013761,P007,1,43.46
O013762,P007,1,43.46
O013763,P005,1,50.88
O013764,P004,2,67.84
O013764,P013,1,33.92
O013764,P020,1,29.68
O013765,P010,1,41.34
O013766,P006,1,23.32
O013767,P005,1,50.88
O013768,P007,1,43.46
O013768,P008,1,76.32
O013769,P008,1,76.32
O013769,P016,1,38.16
O013770,P011,3,58.3
O013770,P013,1,33.92
O013770,P004,1,67.84
O013771,P009,1,37.1
O013772,P022,1,57.24
O013773,P006,1,23.32
O013774,P009,1,37.1
O013774,P018,1,25.44
O013774,P015,1,80.56
O013775,P003,2,94.34
O013775,P018,1,25.44
O013775,P013,1,33.92
O013775,P015,1,80.56
O013776,P006,1,23.32
O013777,P017,1,61.48
O013777,P011,1,58.3
O013778,P005,3,50.88
O013779,P013,1,33.92
O013779,P009,1,37.1
O013779,P005,1,50.88
O013780,P006,1,23.32
O013781,P006,1,23.32
O013781,P009,1,37.1
O013781,P023,1,103.88
O013782,P006,1,23.32
O013783,P009,2,37.1
O013783,P022,1,57.24
O013783,P021,1,65.72
O013784,P021,1,65.72
O013785,P007,1,43.46
O013786,P019,1,20.14
O013787,P008,1,76.32
O013788,P022,1,57.24
O013789,P013,1,33.92
O013789,P005,2,50.88
O013790,P007,1,
O013790,P013,1,33.92
O013791,P022,1,57.24
O013791,P018,1,25.44
O013792,P008,1,76.32
O013792,P020,1,29.68
O013792,P006,1,23.32
O013793,P013,1,33.92
O013794,P005,2,50.88
O013795,P011,1,58.3
O013796,P005,1,50.88
O013797,P011,1,58.3
O013797,P019,1,20.14
O013798,P005,1,50.88
O013798,P008,2,76.32
O013799,P006,1,23.32
O013800,P011,1,58.3
O013800,P023,1,103.88
O013800,P022,1,57.24
O013801,P017,1,61.48
O013802,P022,1,57.24
O013803,P013,1,33.92
O013804,P013,1,33.92
O013805,P013,1,33.92
O013806,P008,1,76.32
O013807,P014,1,125.08
O013807,P003,1,94.34
O013808,P003,1,94.34
O013808,P004,1,67.84
O013809,P020,1,29.68
O013810,P009,1,37.1
O013811,P006,1,23.32
O013812,P009,1,37.1
O013812,P005,3,50.88
O013813,P011,1,58.3
O013814,P006,1,23.32
O013814,P016,1,38.16
O013815,P005,1,50.88
O013816,P018,1,25.44
O013817,P016,2,38.16
O013817,P006,1,23.32
O013818,P011,1,58.3
O013819,P013,1,33.92
O013820,P019,1,20.14
O013820,P007,1,43.46
O013821,P004,1,67.84
O013821,P011,1,58.3
O013822,P002,1,179.14
O013823,P001,1,136.74
O013824,P007,1,43.46
O013825,P022,1,57.24
O013825,P001,1,136.74
O013826,P023,1,103.88
O013827,P023,1,103.88
O013827,P016,1,38.16
O013828,P003,1,94.34
O013829,P022,1,57.24
O013830,P005,1,50.88
O013831,P018,1,25.44
O013831,P011,1,58.3
O013831,P007,2,43.46
O013832,P011,1,58.3
O013833,P015,1,80.56
O013834,P019,1,20.14
O013835,P021,1,65.72
O013836,P013,2,33.92
O013836,P005,1,50.88
O013837,P017,1,61.48
O013838,P018,1,25.44
O013839,P002,1,179.14
O013840,P007,1,43.46
O013840,P005,1,50.88
O013840,P008,1,76.32
O013840,P021,1,65.72
O013841,P023,1,103.88
O013841,P022,1,57.24
O013841,P005,1,50.88
O013842,P006,1,23.32
O013843,P010,1,41.34
O013843,P007,2,43.46
O013844,P017,1,61.48
O013845,P015,1,80.56
O013846,P003,1,94.34
O013846,P004,3,67.84
O013846,P006,1,23.32
O013846,P023,2,103.88
O013847,P007,1,43.46
O013848,P011,1,58.3
O013849,P010,1,41.34
O013850,P022,2,57.24
O013851,P013,1,33.92
O013852,P003,1,94.34
O013853,P016,1,38.16
O013853,P011,1,58.3
O013853,P010,1,41.34
O013853,P013,1,33.92
O013854,P006,1,23.32
O013855,P001,2,136.74
O013856,P019,2,20.14
O013856,P011,1,58.3
O013856,P016,1,38.16
O013857,P021,1,65.72
O013857,P004,1,67.84
O013857,P018,1,25.44
O013858,P018,1,25.44
O013859,P006,1,23.32
O013859,P010,1,41.34
O013860,P009,1,37.1
O013861,P003,1,94.34
O013862,P022,1,57.24
O013863,P018,1,25.44
O013864,P006,1,23.32
O013864,P009,2,37.1
O013865,P006,1,23.32
O013865,P022,1,57.24
O013866,P002,1,179.14
O013867,P006,1,23.32
O013867,P016,1,38.16
O013868,P006,2,23.32
O013868,P012,1,21.2
O013869,P009,1,37.1
O013870,P006,1,23.32
O013871,P019,1,20.14
O013871,P021,1,65.72
O013871,P023,1,103.88
O013872,P013,1,33.92
O013873,P018,1,25.44
O013873,P019,1,20.14
O013873,P005,1,50.88
O013874,P005,1,50.88
O013874,P007,3,43.46
O013875,P007,1,43.46
O013875,P021,1,65.72
O013876,P016,2,38.16
O013876,P018,1,25.44
O013877,P005,1,50.88
O013877,P019,1,20.14
O013878,P006,1,23.32
O013879,P005,1,50.88
O013880,P019,1,20.14
O013881,P006,2,23.32
O013881,P016,1,38.16
O013881,P005,1,50.88
O013881,P007,1,43.46
O013882,P018,1,25.44
O013882,P003,1,94.34
O013883,P021,1,65.72
O013883,P014,1,125.08
O013883,P012,1,21.2
O013884,P022,2,57.24
O013884,P021,1,65.72
O013885,P017,1,61.48
O013886,P006,1,23.32
O013887,P017,1,61.48
O013887,P005,1,50.88
O013888,P019,1,20.14
O013889,P013,1,33.92
O013890,P007,3,43.46
O013890,P009,1,37.1
O013890,P013,1,33.92
O013891,P005,1,50.88
O013891,P013,1,33.92
O013892,P018,2,25.44
O013893,P006,1,23.32
O013893,P013,1,33.92
O013894,P020,1,29.68
O013895,P006,1,23.32
O013895,P019,0,20.14
O013896,P002,1,179.14
O013897,P010,1,41.34
O013897,P004,1,67.84
O013897,P007,3,43.46
O013898,P013,1,33.92
O013899,P015,1,80.56
O013900,P001,1,136.74
O013901,P014,1,125.08
O013902,P003,1,94.34
O013902,P001,1,136.74
O013902,P013,1,33.92
O013902,P021,1,65.72
O013903,P013,1,33.92
O013903,P015,2,80.56
O013904,P012,1,21.2
O013904,P015,1,80.56
O013905,P023,1,103.88
O013905,P004,1,67.84
O013905,P013,1,33.92
O013906,P019,1,20.14
O013906,P014,1,125.08
O013907,P022,1,57.24
O013907,P003,2,94.34
O013908,P020,1,29.68
O013909,P021,1,65.72
O013910,P019,1,20.14
O013911,P007,1,43.46
O013911,P013,2,33.92
O013912,P010,3,41.34
O013913,P013,1,33.92
O013914,P023,1,103.88
O013915,P004,3,67.84
O013916,P013,1,33.92
O013916,P005,1,50.88
O013916,P011,1,58.3
O013916,P010,1,41.34
O013917,P017,1,61.48
O013918,P009,1,37.1
O013919,P013,2,33.92
O013920,P005,1,50.88
O013920,P012,1,21.2
O013921,P004,1,67.84
O013922,P006,1,23.32
O013922,P005,1,50.88
O013923,P013,1,33.92
O013923,P022,1,57.24
O013924,P011,1,58.3
O013924,P009,2,37.1
O013924,P021,1,65.72
O013925,P005,1,50.88
O013925,P007,2,43.46
O013925,P022,1,57.24
O013926,P012,1,21.2
O013927,P007,2,43.46
O013927,P018,1,25.44
O013928,P023,1,103.88
O013928,P006,2,23.32
O013929,P021,1,65.72
O013930,P002,1,179.14
O013931,P005,2,50.88
O013932,P005,1,50.88
O013932,P011,1,58.3
O013932,P008,1,76.32
O013933,P007,3,43.46
O013933,P010,1,41.34
O013933,P022,1,57.24
O013934,P013,1,33.92
O013934,P022,1,57.24
O013934,P018,1,25.44
O013935,P005,1,50.88
O013936,P011,2,58.3
O013936,P021,1,65.72
O013936,P005,1,50.88
O013937,P005,1,50.88
O013938,P005,1,50.88
O013939,P004,1,67.84
O013940,P022,1,57.24
O013940,P016,1,38.16
O013941,P013,1,33.92
O013941,P007,1,43.46
O013942,P011,1,58.3
O013943,P017,1,61.48
O013944,P001,1,136.74
O013945,P002,1,179.14
O013946,P010,1,41.34
O013946,P014,2,125.08
O013947,P018,1,25.44
O013948,P016,1,38.16
O013948,P013,1,33.92
O013949,P007,1,43.46
O013950,P022,1,57.24
O013950,P009,1,37.1
O013951,P019,1,20.14
O013951,P013,1,33.92
O013951,P007,1,43.46
O013952,P007,1,43.46
O013953,P007,1,43.46
O013954,P022,1,57.24
O013955,P005,1,50.88
O013956,P021,2,65.72
O013957,P015,1,80.56
O013958,P014,1,125.08
O013959,P006,1,23.32
O013959,P010,2,41.34
O013959,P019,1,20.14
O013960,P007,1,43.46
O013960,P006,1,23.32
O013961,P010,1,41.34
O013962,P011,1,58.3
O013963,P013,2,33.92
O013964,P009,3,37.1
O013965,P005,1,50.88
O013965,P016,1,38.16
O013965,P020,1,29.68
O013966,P005,1,50.88
O013966,P004,1,67.84
O013967,P005,1,50.88
O013967,P018,2,25.44
O013967,P007,1,43.46
O013967,P011,1,58.3
O013968,P014,1,125.08
O013969,P022,1,57.24
O013970,P001,1,136.74
O013971,P013,1,33.92
O013972,P017,1,61.48
O013972,P008,1,76.32
O013972,P005,1,50.88
O013973,P017,1,61.48
O013974,P006,1,23.32
O013975,P015,2,80.56
O013975,P022,1,57.24
O013976,P014,1,125.08
O013977,P006,1,23.32
O013978,P005,2,50.88
O013979,P021,1,65.72
O013979,P005,1,50.88
O013980,P008,1,76.32
O013980,P020,2,29.68
O013980,P007,1,43.46
O013981,P014,2,125.08
O013982,P022,1,57.24
O013982,P003,2,94.34
O013982,P006,1,23.32
O013982,P014,1,125.08
O013983,P013,1,33.92
O013984,P017,1,61.48
O013985,P016,1,38.16
O013985,P013,1,33.92
O013985,P019,2,20.14
O013986,P007,1,43.46
O013987,P005,1,50.88
O013988,P007,1,43.46
O013989,P004,1,67.84
O013990,P007,1,43.46
O013991,P022,1,57.24
O013991,P005,1,50.88
O013991,P006,1,23.32
O013992,P007,1,43.46
O013992,P002,1,179.14
O013992,P017,1,61.48
O013993,P004,1,67.84
O013994,P015,1,80.56
O013994,P013,1,33.92
O013994,P004,1,67.84
O013994,P022,1,57.24
O013995,P002,3,179.14
O013996,P015,2,80.56
O013996,P019,1,20.14
O013997,P005,1,50.88
O013997,P016,1,38.16
O013998,P023,1,103.88
O013998,P006,1,23.32
O013998,P011,1,58.3
O013999,P008,1,76.32
O014000,P009,1,37.1
O014001,P019,1,20.14
O014001,P007,1,43.46
O014002,P016,1,38.16
O014003,P021,1,65.72
O014003,P003,1,94.34
O014003,P006,1,23.32
O014004,P007,1,43.46
O014004,P016,1,38.16
O014005,P010,1,41.34
O014006,P001,1,136.74
O014006,P014,1,125.08
O014007,P011,1,58.3
O014007,P014,1,125.08
O014007,P006,1,23.32
O014008,P005,1,50.88
O014009,P019,1,20.14
O014009,P003,1,94.34
O014010,P012,1,21.2
O014011,P016,1,38.16
O014012,P020,1,29.68
O014012,P007,1,43.46
O014012,P014,1,125.08
O014013,P005,1,50.88
O014013,P011,1,58.3
O014014,P014,1,125.08
O014015,P016,1,38.16
O014016,P019,1,20.14
O014016,P004,1,67.84
O014017,P018,1,25.44
O014017,P004,1,67.84
O014017,P007,1,43.46
O014018,P006,2,23.32
O014019,P007,1,43.46
O014020,P006,1,23.32
O014020,P021,1,65.72
O014020,P016,1,38.16
O014021,P021,1,65.72
O014022,P014,1,125.08
O014023,P007,1,43.46
O014024,P022,1,57.24
O014025,P005,3,50.88
O014025,P022,1,57.24
O014026,P021,2,65.72
O014027,P005,1,50.88
O014028,P019,1,20.14
O014028,P023,1,103.88
O014029,P011,1,58.3
O014029,P005,1,50.88
O014030,P006,1,23.32
O014031,P019,1,20.14
O014032,P020,1,29.68
O014033,P007,1,43.46
O014034,P013,1,33.92
O014034,P007,2,43.46
O014035,P011,1,58.3
O014036,P021,1,65.72
O014037,P011,1,58.3
O014038,P013,1,33.92
O014039,P021,1,65.72
O014040,P021,1,65.72
O014041,P013,1,33.92
O014042,P015,1,80.56
O014043,P003,1,94.34
O014043,P010,2,41.34
O014043,P016,1,38.16
O014044,P005,1,50.88
O014045,P006,1,23.32
O014046,P006,2,23.32
O014046,P010,1,41.34
O014047,P015,1,80.56
O014048,P005,1,50.88
O014048,P016,2,38.16
O014049,P001,1,136.74
O014049,P017,1,61.48
O014050,P015,1,80.56
O014051,P018,1,25.44
O014052,P005,3,50.88
O014052,P007,2,43.46
O014053,P019,1,20.14
O014054,P022,1,57.24
O014055,P016,2,38.16
O014056,P009,1,37.1
O014057,P008,1,76.32
O014057,P006,1,23.32
O014057,P005,1,50.88
O014058,P003,2,94.34
O014059,P006,1,23.32
O014059,P018,1,25.44
O014060,P013,2,33.92
O014060,P019,1,20.14
O014061,P006,1,23.32
O014062,P017,2,61.48
O014062,P020,1,29.68
O014063,P016,1,38.16
O014063,P013,1,33.92
O014064,P005,2,50.88
O014065,P014,1,125.08
O014066,P014,1,125.08
O014066,P007,1,43.46
O014067,P016,1,38.16
O014068,P007,1,43.46
O014069,P019,2,20.14
O014069,P010,2,41.34
O014070,P006,1,23.32
O014071,P015,1,80.56
O014071,P001,1,136.74
O014072,P021,1,65.72
O014073,P013,2,33.92
O014073,P002,1,179.14
O014074,P005,2,50.88
O014074,P018,1,25.44
O014075,P007,2,43.46
O014076,P018,2,25.44
O014077,P015,2,80.56
O014077,P007,1,43.46
O014077,P018,1,25.44
O014077,P001,1,136.74
O014078,P002,1,179.14
O014079,P006,2,23.32
O014079,P020,1,29.68
O014080,P009,1,37.1
O014081,P005,1,50.88
O014082,P006,1,23.32
O014082,P011,1,58.3
O014083,P020,1,29.68
O014084,P016,1,38.16
O014085,P020,1,29.68
O014086,P021,1,65.72
O014086,P015,1,80.56
O014087,P007,1,43.46
O014087,P006,1,23.32
O014088,P002,1,179.14
O014088,P013,1,33.92
O014089,P005,1,50.88
O014090,P015,1,80.56
O014091,P011,1,58.3
O014092,P013,1,33.92
O014092,P005,1,50.88
O014093,P019,1,20.14
O014094,P018,1,25.44
O014094,P013,1,33.92
O014094,P009,1,37.1
O014095,P011,1,58.3
O014095,P005,1,50.88
O014096,P005,1,50.88
O014097,P008,1,76.32
O014098,P005,1,50.88
O014099,P021,1,65.72
O014100,P019,1,20.14
O014100,P011,2,58.3
O014101,P013,1,33.92
O014102,P009,1,37.1
O014103,P005,1,50.88
O014103,P004,1,67.84
O014103,P017,1,61.48
O014103,P007,1,43.46
O014104,P016,1,38.16
O014105,P013,1,33.92
O014105,P005,1,50.88
O014106,P019,1,20.14
O014107,P007,1,43.46
O014107,P005,2,50.88
O014108,P005,1,50.88
O014109,P011,1,58.3
O014110,P010,2,41.34
O014110,P007,1,43.46
O014111,P023,1,103.88
O014112,P006,1,23.32
O014112,P023,1,103.88
O014113,P007,2,43.46
O014114,P021,1,65.72
O014115,P022,1,57.24
O014115,P017,1,61.48
O014116,P010,1,41.34
O014117,P007,1,43.46
O014117,P012,1,21.2
O014118,P022,1,57.24
O014119,P011,1,58.3
O014120,P005,1,50.88
O014121,P020,1,29.68
O014122,P018,1,25.44
O014123,P013,3,33.92
O014124,P014,1,125.08
O014124,P005,1,50.88
O014125,P010,1,41.34
O014125,P015,1,80.56
O014126,P006,2,23.32
O014126,P007,1,43.46
O014127,P003,1,94.34
O014128,P005,1,50.88
O014129,P004,1,67.84
O014129,P006,1,23.32
O014130,P005,1,50.88
O014130,P001,1,136.74
O014131,P012,2,21.2
O014132,P014,1,125.08
O014133,P008,1,76.32
O014134,P017,1,61.48
O014135,P018,1,25.44
O014135,P013,1,33.92
O014135,P006,1,23.32
O014136,P021,1,65.72
O014137,P006,1,23.32
O014138,P014,1,125.08
O014139,P011,1,58.3
O014140,P013,1,33.92
O014140,P007,1,43.46
O014141,P007,1,43.46
O014142,P011,1,58.3
O014142,P023,2,103.88
O014143,P019,1,20.14
O014144,P014,2,125.08
O014145,P009,1,37.1
O014146,P018,1,25.44
O014147,P014,1,125.08
O014147,P005,1,50.88
O014148,P011,1,58.3
O014148,P005,1,50.88
O014149,P020,1,29.68
O014149,P023,2,103.88
O014150,P016,1,38.16
O014151,P007,1,43.46
O014152,P021,1,65.72
O014153,P005,1,50.88
O014154,P022,2,57.24
O014154,P021,1,65.72
O014154,P020,1,29.68
O014155,P006,1,23.32
O014156,P019,2,20.14
O014157,P018,2,25.44
O014158,P016,1,38.16
O014158,P010,1,41.34
O014159,P007,2,43.46
O014159,P011,1,58.3
O014159,P002,2,179.14
O014160,P020,3,29.68
O014161,P010,1,41.34
O014162,P006,1,23.32
O014163,P016,1,38.16
O014164,P022,1,57.24
O014165,P022,1,57.24
O014166,P020,1,29.68
O014166,P006,1,23.32
O014166,P005,1,50.88
O014167,P020,1,29.68
O014167,P016,1,38.16
O014168,P007,1,43.46
O014168,P006,1,23.32
O014168,P018,1,25.44
O014169,P009,1,37.1
O014170,P015,1,80.56
O014171,P016,3,38.16
O014172,P005,1,50.88
O014173,P005,1,50.88
O014173,P021,1,65.72
O014174,P016,1,38.16
O014174,P020,1,29.68
O014175,P013,1,33.92
O014176,P009,1,37.1
O014177,P015,1,80.56
O014177,P005,1,50.88
O014178,P018,1,25.44
O014178,P007,1,43.46
O014179,P014,1,125.08
O014180,P005,1,50.88
O014180,P007,3,43.46
O014181,P022,1,57.24
O014182,P007,1,43.46
O014182,P011,1,58.3
O014183,P012,1,21.2
O014184,P022,1,57.24
O014185,P019,1,20.14
O014186,P014,1,125.08
O014187,P021,1,65.72
O014188,P021,1,65.72
O014189,P018,2,25.44
O014189,P011,2,58.3
O014190,P022,1,57.24
O014191,P007,1,43.46
O014191,P019,1,20.14
O014192,P023,1,103.88
O014193,P007,1,43.46
O014193,P011,1,58.3
O014194,P020,1,29.68
O014195,P011,1,58.3
O014196,P005,1,50.88
O014197,P009,1,37.1
O014197,P006,1,23.32
O014198,P006,1,23.32
O014199,P016,2,38.16
O014199,P015,1,80.56
O014199,P011,1,58.3
O014200,P005,1,50.88
O014201,P007,1,43.46
O014201,P021,1,65.72
O014201,P015,1,80.56
O014202,P015,1,80.56
O014203,P003,1,94.34
O014204,P017,1,61.48
O014204,P022,2,57.24
O014204,P016,2,38.16
O014205,P007,1,43.46
O014205,P010,1,41.34
O014205,P014,2,125.08
O014205,P005,1,50.88
O014206,P022,2,57.24
O014207,P011,1,58.3
O014207,P005,1,50.88
O014207,P006,1,23.32
O014208,P001,1,136.74
O014208,P020,1,29.68
O014209,P019,1,20.14
O014210,P001,1,136.74
O014211,P005,1,50.88
O014211,P013,1,33.92
O014212,P013,1,33.92
O014212,P009,2,37.1
O014212,P017,1,61.48
O014213,P016,1,38.16
O014214,P023,1,103.88
O014215,P005,1,50.88
O014216,P001,1,136.74
O014217,P005,1,50.88
O014217,P018,2,25.44
O014218,P007,2,43.46
O014219,P020,1,29.68
O014220,P005,1,50.88
O014221,P011,1,58.3
O014222,P012,1,21.2
O014222,P007,1,43.46
O014223,P018,1,25.44
O014224,P004,1,67.84
O014224,P011,1,58.3
O014225,P005,1,50.88
O014226,P023,1,103.88
O014226,P011,1,58.3
O014226,P008,1,76.32
O014226,P005,1,50.88
O014227,P021,2,65.72
O014227,P018,1,25.44
O014228,P013,1,33.92
O014228,P023,1,103.88
O014228,P007,1,43.46
O014229,P009,1,37.1
O014229,P007,1,43.46
O014230,P006,1,23.32
O014231,P018,1,25.44
O014231,P019,1,20.14
O014231,P012,1,21.2
O014232,P020,1,29.68
O014233,P009,1,37.1
O014234,P006,1,23.32
O014235,P005,1,50.88
O014235,P011,3,58.3
O014236,P019,3,20.14
O014237,P007,1,43.46
O014238,P014,2,125.08
O014238,P012,1,21.2
O014239,P005,1,50.88
O014240,P009,1,37.1
O014240,P012,1,21.2
O014241,P015,1,80.56
O014241,P007,2,43.46
O014242,P018,1,25.44
O014243,P023,3,103.88
O014244,P006,1,23.32
O014245,P013,1,33.92
O014246,P021,2,65.72
O014246,P019,1,20.14
O014247,P010,1,41.34
O014248,P018,1,25.44
O014249,P022,1,57.24
O014249,P013,1,33.92
O014250,P016,1,38.16
O014250,P005,1,50.88
O014250,P011,1,58.3
O014251,P011,2,58.3
O014252,P021,1,65.72
O014253,P015,1,80.56
O014253,P001,1,136.74
O014254,P002,1,179.14
O014254,P016,2,38.16
O014254,P019,1,20.14
O014254,P023,3,103.88
O014255,P011,1,58.3
O014256,P011,1,58.3
O014257,P018,1,25.44
O014258,P005,1,50.88
O014259,P005,1,50.88
O014259,P020,1,29.68
O014259,P016,1,38.16
O014260,P005,1,50.88
O014261,P007,1,43.46
O014261,P011,1,58.3
O014262,P005,1,50.88
O014263,P013,1,33.92
O014264,P007,1,43.46
O014265,P016,1,38.16
O014265,P018,1,25.44
O014265,P022,1,57.24
O014266,P017,1,61.48
O014267,P010,1,41.34
O014268,P005,1,50.88
O014269,P022,1,57.24
O014270,P011,1,58.3
O014270,P016,1,38.16
O014271,P016,2,38.16
O014271,P008,1,76.32
O014272,P013,1,33.92
O014272,P009,1,37.1
O014273,P013,1,33.92
O014274,P009,1,37.1
O014275,P011,2,58.3
O014276,P005,1,50.88
O014276,P013,1,33.92
O014277,P017,1,61.48
O014277,P018,1,25.44
O014277,P005,1,
O014277,P007,1,43.46
O014278,P007,1,43.46
O014279,P010,2,41.34
O014280,P021,1,65.72
O014280,P018,1,25.44
O014281,P011,1,58.3
O014281,P006,1,23.32
O014281,P010,1,41.34
O014282,P006,1,23.32
O014282,P022,1,57.24
O014282,P005,1,50.88
O014282,P004,1,67.84
O014283,P004,1,67.84
O014283,P007,1,43.46
O014284,P013,1,33.92
O014285,P022,1,57.24
O014285,P016,1,38.16
O014285,P019,1,20.14
O014286,P018,1,25.44
O014287,P015,1,80.56
O014287,P005,1,50.88
O014288,P009,1,37.1
O014289,P005,1,50.88
O014290,P022,1,57.24
O014291,P013,1,33.92
O014291,P005,1,50.88
O014292,P013,1,33.92
O014292,P005,1,50.88
O014292,P011,2,58.3
O014292,P010,1,41.34
O014293,P017,1,61.48
O014293,P018,1,25.44
O014294,P018,1,25.44
O014294,P005,1,50.88
O014295,P006,1,23.32
O014296,P007,1,43.46
O014296,P013,1,33.92
O014297,P021,1,65.72
O014298,P008,1,76.32
O014298,P006,1,23.32
O014298,P013,2,33.92
O014299,P011,1,58.3
O014300,P005,1,50.88
O014300,P015,2,80.56
O014300,P018,2,25.44
O014301,P022,1,57.24
O014302,P013,1,33.92
O014303,P006,1,23.32
O014304,P002,1,179.14
O014305,P014,1,125.08
O014306,P017,1,61.48
O014307,P001,1,136.74
O014307,P003,1,94.34
O014308,P007,1,43.46
O014309,P005,1,50.88
O014310,P013,1,33.92
O014310,P005,1,50.88
O014311,P003,1,94.34
O014311,P011,1,58.3
O014312,P005,1,50.88
O014313,P006,1,23.32
O014313,P017,1,61.48
O014314,P017,3,61.48
O014315,P016,1,38.16
O014316,P006,2,23.32
O014316,P019,2,20.14
O014316,P005,1,50.88
O014317,P009,1,37.1
O014317,P018,1,25.44
O014318,P005,1,50.88
O014318,P007,3,43.46
O014319,P005,1,50.88
O014319,P003,1,94.34
O014320,P019,1,20.14
O014321,P007,1,43.46
O014322,P019,3,20.14
O014323,P019,3,20.14
O014324,P005,1,50.88
O014325,P006,2,23.32
O014326,P006,1,23.32
O014327,P006,1,23.32
O014327,P001,1,136.74
O014328,P022,1,57.24
O014329,P006,1,23.32
O014330,P006,1,23.32
O014330,P022,1,57.24
O014331,P016,1,38.16
O014332,P001,1,136.74
O014332,P013,1,33.92
O014333,P005,1,50.88
O014333,P008,1,76.32
O014334,P009,1,37.1
O014335,P007,1,43.46
O014336,P013,1,33.92
O014337,P005,1,50.88
O014337,P021,1,65.72
O014338,P011,1,58.3
O014339,P017,1,61.48
O014340,P005,1,50.88
O014341,P005,1,50.88
O014341,P004,1,67.84
O014342,P021,1,65.72
O014343,P014,1,125.08
O014343,P011,1,58.3
O014344,P020,1,29.68
O014345,P007,1,43.46
O014346,P015,1,80.56
O014347,P005,1,50.88
O014347,P019,1,20.14
O014348,P007,1,43.46
O014348,P016,1,38.16
O014349,P021,1,65.72
O014349,P016,1,38.16
O014350,P020,2,29.68
O014351,P011,1,58.3
O014352,P005,1,50.88
O014353,P013,1,33.92
O014354,P001,1,136.74
O014355,P013,1,33.92
O014355,P011,2,58.3
O014356,P018,1,25.44
O014356,P022,2,57.24
O014356,P011,1,58.3
O014357,P007,1,43.46
O014357,P016,1,38.16
O014358,P018,1,25.44
O014358,P022,1,57.24
O014359,P006,1,23.32
O014359,P010,1,41.34
O014359,P009,1,37.1
O014360,P006,1,23.32
O014361,P013,1,33.92
O014362,P007,1,43.46
O014363,P007,3,43.46
O014364,P005,1,50.88
O014365,P018,1,25.44
O014366,P021,1,65.72
O014366,P005,1,50.88
O014366,P009,1,37.1
O014367,P013,1,33.92
O014367,P021,1,65.72
O014367,P022,1,57.24
O014368,P007,1,43.46
O014368,P016,2,38.16
O014368,P012,1,21.2
O014369,P006,2,23.32
O014370,P012,3,21.2
O014371,P020,1,29.68
O014371,P013,1,33.92
O014371,P006,1,23.32
O014372,P022,1,57.24
O014372,P020,1,29.68
O014372,P019,1,20.14
O014372,P015,-1,80.56
O014373,P019,1,20.14
O014373,P005,1,50.88
O014374,P005,1,50.88
O014375,P002,1,179.14
O014375,P006,1,23.32
O014375,P011,1,58.3
O014376,P016,1,38.16
O014376,P023,1,103.88
O014376,P011,1,58.3
O014377,P006,1,23.32
O014377,P022,1,57.24
O014378,P010,2,41.34
O014379,P011,1,58.3
O014380,P015,1,80.56
O014380,P006,2,23.32
O014380,P016,2,38.16
O014380,P007,1,43.46
O014381,P020,1,29.68
O014382,P016,1,38.16
O014383,P020,1,29.68
O014383,P007,1,43.46
O014383,P013,1,33.92
O014384,P005,1,50.88
O014385,P011,1,58.3
O014386,P016,1,38.16
O014386,P011,1,58.3
O014387,P022,1,57.24
O014388,P022,1,57.24
O014388,P014,2,125.08
O014388,P003,1,94.34
O014389,P011,1,58.3
O014389,P020,2,29.68
O014390,P001,1,136.74
O014390,P005,1,50.88
O014391,P011,1,58.3
O014391,P007,1,43.46
O014391,P015,1,80.56
O014391,P017,1,61.48
O014392,P003,2,94.34
O014393,P022,1,57.24
O014393,P018,1,25.44
O014393,P013,1,33.92
O014394,P016,1,38.16
O014395,P015,1,80.56
O014395,P018,1,25.44
O014396,P005,2,50.88
O014397,P014,1,125.08
O014397,P007,1,43.46
O014397,P021,1,65.72
O014397,P019,1,20.14
O014398,P011,1,58.3
O014399,P012,1,21.2
O014399,P006,1,23.32
O014399,P008,1,76.32
O014400,P022,1,57.24
O014400,P005,2,50.88
O014401,P013,1,33.92
O014402,P011,1,58.3
O014402,P006,1,23.32
O014403,P005,1,50.88
O014404,P023,2,103.88
O014404,P010,1,41.34
O014405,P013,1,33.92
O014406,P007,1,43.46
O014406,P018,1,25.44
O014407,P018,1,25.44
O014407,P007,1,43.46
O014407,P015,1,80.56
O014408,P006,1,23.32
O014409,P006,1,23.32
O014409,P005,1,50.88
O014409,P015,2,80.56
O014409,P022,1,57.24
O014410,P019,1,20.14
O014411,P019,1,20.14
O014412,P013,2,33.92
O014413,P005,2,50.88
O014414,P019,1,20.14
O014414,P002,1,179.14
O014415,P014,1,125.08
O014416,P005,1,50.88
O014417,P016,1,38.16
O014417,P018,1,25.44
O014418,P005,1,50.88
O014418,P006,1,23.32
O014419,P018,1,25.44
O014420,P004,1,67.84
O014421,P022,0,57.24
O014421,P019,1,20.14
O014421,P005,1,50.88
O014422,P011,1,58.3
O014422,P007,1,43.46
O014422,P008,1,76.32
O014423,P018,2,25.44
O014424,P022,1,57.24
O014424,P006,2,23.32
O014425,P011,1,58.3
O014426,P011,2,58.3
O014426,P016,1,38.16
O014427,P019,1,20.14
O014428,P020,2,29.68
O014428,P019,2,20.14
O014429,P011,2,58.3
O014429,P018,2,25.44
O014430,P005,1,50.88
O014430,P019,2,20.14
O014431,P019,1,20.14
O014432,P018,1,25.44
O014433,P013,1,33.92
O014433,P018,1,25.44
O014433,P005,1,50.88
O014434,P022,2,57.24
O014434,P005,1,50.88
O014435,P009,1,37.1
O014435,P018,2,25.44
O014436,P005,1,50.88
O014436,P002,1,179.14
O014436,P014,1,125.08
O014436,P008,1,76.32
O014437,P007,1,43.46
O014437,P005,1,50.88
O014437,P018,1,25.44
O014438,P007,1,43.46
O014439,P007,2,43.46
O014440,P005,1,50.88
O014440,P010,1,41.34
O014440,P017,3,61.48
O014440,P004,1,67.84
O014441,P008,1,76.32
O014442,P020,2,29.68
O014442,P009,1,37.1
O014442,P021,1,65.72
O014443,P013,1,33.92
O014443,P016,3,38.16
O014444,P013,1,33.92
O014445,P004,1,67.84
O014445,P021,3,65.72
O014446,P013,1,33.92
O014447,P005,1,50.88
O014448,P005,1,50.88
O014448,P011,1,58.3
O014449,P011,1,58.3
O014450,P005,1,50.88
O014451,P017,1,61.48
O014451,P022,1,57.24
O014452,P014,1,125.08
O014452,P001,1,136.74
O014452,P010,1,41.34
O014453,P007,1,43.46
O014454,P007,1,43.46
O014454,P021,1,65.72
O014455,P011,1,58.3
O014456,P008,1,76.32
O014457,P011,2,58.3
O014457,P022,1,57.24
O014458,P019,1,20.14
O014459,P006,1,23.32
O014459,P007,1,43.46
O014459,P013,1,33.92
O014460,P003,1,94.34
O014461,P006,1,23.32
O014461,P018,3,25.44
O014462,P016,2,38.16
O014463,P012,1,21.2
O014464,P021,1,65.72
O014465,P021,1,65.72
O014466,P014,1,125.08
O014466,P008,1,76.32
O014466,P018,1,25.44
O014467,P013,1,33.92
O014468,P011,1,58.3
O014469,P012,1,21.2
O014470,P001,1,136.74
O014471,P013,1,33.92
O014472,P010,1,41.34
O014473,P001,1,136.74
O014473,P016,1,38.16
O014473,P011,1,58.3
O014474,P016,1,38.16
O014474,P022,1,57.24
O014474,P006,1,23.32
O014475,P021,1,65.72
O014476,P009,1,37.1
O014476,P005,1,50.88
O014476,P022,1,57.24
O014476,P011,1,58.3
O014477,P003,1,94.34
O014477,P006,1,23.32
O014478,P007,1,43.46
O014479,P004,1,67.84
O014479,P010,1,41.34
O014480,P012,1,21.2
O014481,P007,1,43.46
O014482,P015,2,80.56
O014483,P015,1,80.56
O014484,P010,1,41.34
O014484,P020,1,29.68
O014484,P006,1,23.32
O014485,P009,1,37.1
O014486,P018,1,25.44
O014486,P006,1,23.32
O014487,P022,1,57.24
O014487,P006,1,23.32
O014488,P006,2,23.32
O014488,P021,1,65.72
O014489,P022,1,57.24
O014489,P007,1,43.46
O014490,P011,1,58.3
O014491,P021,1,65.72
O014491,P020,1,29.68
O014492,P015,1,80.56
O014492,P005,1,50.88
O014492,P007,1,43.46
O014492,P006,1,23.32
O014493,P013,1,33.92
O014494,P018,1,25.44
O014494,P019,1,20.14
O014494,P022,2,57.24
O014495,P002,1,179.14
O014496,P018,2,25.44
O014497,P005,1,50.88
O014498,P021,2,65.72
O014498,P019,1,20.14
O014499,P018,2,25.44
O014499,P010,1,41.34
O014500,P018,2,25.44
O014501,P018,2,25.44
O014502,P015,3,80.56
O014502,P019,1,20.14
O014503,P005,1,50.88
O014504,P022,3,57.24
O014504,P021,1,65.72
O014505,P022,1,57.24
O014506,P001,1,136.74
O014506,P023,1,103.88
O014507,P021,1,65.72
O014507,P020,1,29.68
O014507,P005,1,50.88
O014507,P019,1,20.14
O014508,P005,1,50.88
O014508,P019,2,20.14
O014509,P001,1,136.74
O014509,P022,1,57.24
O014509,P017,1,61.48
O014510,P005,1,50.88
O014511,P011,1,58.3
O014512,P010,1,41.34
O014513,P019,2,20.14
O014514,P005,1,50.88
O014515,P013,1,33.92
O014515,P011,1,58.3
O014516,P013,3,33.92
O014516,P021,1,65.72
O014517,P010,1,41.34
O014518,P002,1,179.14
O014519,P004,1,67.84
O014519,P019,3,20.14
O014520,P019,1,20.14
O014521,P019,1,20.14
O014521,P013,1,33.92
O014522,P018,1,25.44
O014523,P009,1,37.1
O014524,P013,1,33.92
O014524,P011,1,58.3
O014525,P015,1,80.56
O014525,P022,1,57.24
O014525,P013,1,33.92
O014526,P018,1,25.44
O014526,P019,1,20.14
O014527,P005,1,50.88
O014527,P019,1,20.14
O014528,P018,1,25.44
O014528,P005,1,50.88
O014529,P016,1,38.16
O014529,P018,1,25.44
O014530,P022,3,57.24
O014530,P014,2,125.08
O014531,P006,1,23.32
O014532,P011,1,58.3
O014533,P002,1,179.14
O014534,P018,1,25.44
O014534,P022,3,57.24
O014535,P012,1,21.2
O014535,P004,1,67.84
O014536,P013,1,33.92
O014536,P006,1,23.32
O014537,P016,1,38.16
O014538,P021,1,65.72
O014539,P018,2,25.44
O014539,P010,1,41.34
O014539,P007,1,43.46
O014540,P009,1,37.1
O014541,P021,1,65.72
O014541,P018,1,25.44
O014542,P007,1,43.46
O014542,P005,2,50.88
O014543,P019,1,20.14
O014544,P011,1,58.3
O014544,P006,1,23.32
O014544,P022,1,57.24
O014545,P005,1,50.88
O014545,P006,1,23.32
O014546,P017,1,61.48
O014547,P014,2,125.08
O014547,P020,1,29.68
O014548,P007,1,43.46
O014549,P011,1,58.3
O014550,P018,1,25.44
O014550,P020,1,29.68
O014551,P011,1,58.3
O014551,P016,1,38.16
O014552,P018,1,25.44
O014553,P011,1,58.3
O014554,P012,1,21.2
O014555,P006,1,23.32
O014556,P004,1,67.84
O014556,P009,1,37.1
O014557,P010,1,41.34
O014558,P019,1,20.14
O014559,P006,1,23.32
O014559,P005,1,50.88
O014559,P019,2,20.14
O014559,P011,1,58.3
O014560,P015,1,80.56
O014561,P006,1,23.32
O014562,P011,1,58.3
O014563,P007,1,43.46
O014564,P005,1,50.88
O014564,P015,1,80.56
O014564,P011,1,58.3
O014565,P010,1,41.34
O014565,P005,1,50.88
O014565,P007,2,43.46
O014565,P009,1,37.1
O014566,P019,1,20.14
O014567,P003,1,94.34
O014568,P010,1,41.34
O014569,P017,1,61.48
O014570,P022,1,57.24
O014571,P013,1,33.92
O014571,P015,1,80.56
O014572,P010,1,41.34
O014572,P018,1,25.44
O014573,P022,1,57.24
O014574,P006,1,23.32
O014575,P021,1,65.72
O014575,P010,1,41.34
O014576,P017,2,61.48
O014576,P022,1,57.24
O014576,P016,1,38.16
O014577,P018,1,25.44
O014578,P018,2,25.44
O014579,P011,1,58.3
O014580,P011,1,58.3
O014581,P004,1,67.84
O014582,P022,1,57.24
O014583,P010,2,41.34
O014583,P021,1,65.72
O014584,P006,1,23.32
O014585,P007,1,43.46
O014586,P007,2,43.46
O014587,P022,1,57.24
O014587,P018,1,25.44
O014588,P016,1,38.16
O014588,P017,1,61.48
O014588,P010,1,41.34
O014589,P006,1,23.32
O014589,P005,1,50.88
O014590,P011,1,58.3
O014591,P016,1,38.16
O014591,P006,1,23.32
O014592,P018,1,25.44
O014592,P023,1,103.88
O014593,P023,2,103.88
O014594,P023,1,103.88
O014594,P016,1,38.16
O014595,P007,2,43.46
O014596,P021,1,65.72
O014597,P018,2,25.44
O014598,P018,1,25.44
O014599,P006,1,23.32
O014600,P011,1,58.3
O014601,P022,1,57.24
O014602,P011,1,58.3
O014603,P023,1,103.88
O014604,P018,1,25.44
O014605,P010,1,41.34
O014605,P005,1,50.88
O014606,P007,2,43.46
O014606,P015,2,80.56
O014607,P007,2,43.46
O014607,P008,1,76.32
O014608,P018,1,25.44
O014609,P005,1,50.88
O014610,P011,-1,58.3
O014611,P011,1,58.3
O014611,P013,1,33.92
O014612,P015,1,80.56
O014613,P019,1,20.14
O014613,P006,1,23.32
O014613,P020,1,29.68
O014614,P014,1,125.08
O014615,P015,1,80.56
O014616,P022,2,57.24
O014617,P018,1,25.44
O014617,P007,1,43.46
O014617,P008,1,76.32
O014618,P019,1,20.14
O014619,P019,1,20.14
O014620,P012,1,21.2
O014621,P022,1,57.24
O014621,P001,1,136.74
O014621,P021,2,65.72
O014622,P011,1,58.3
O014623,P005,1,50.88
O014623,P008,1,76.32
O014624,P009,2,37.1
O014625,P006,1,23.32
O014625,P016,1,38.16
O014625,P010,1,41.34
O014625,P013,1,33.92
O014626,P012,1,21.2
O014627,P012,2,21.2
O014628,P022,1,57.24
O014628,P009,1,37.1
O014629,P020,1,29.68
O014630,P015,1,80.56
O014630,P009,3,37.1
O014630,P022,2,57.24
O014631,P005,1,50.88
O014631,P009,1,37.1
O014631,P015,1,80.56
O014632,P014,1,125.08
O014632,P021,2,65.72
O014632,P020,1,29.68
O014632,P013,1,33.92
O014633,P022,1,57.24
O014634,P006,1,23.32
O014635,P007,1,43.46
O014636,P015,1,80.56
O014637,P013,1,33.92
O014637,P021,1,65.72
O014638,P014,1,125.08
O014639,P019,1,20.14
O014640,P016,1,38.16
O014641,P006,1,23.32
O014642,P011,1,58.3
O014643,P006,1,23.32
O014644,P010,1,41.34
O014645,P007,1,43.46
O014646,P022,2,57.24
O014647,P022,2,57.24
O014647,P021,1,65.72
O014648,P014,1,125.08
O014649,P007,2,43.46
O014650,P010,1,41.34
O014650,P011,1,58.3
O014651,P005,1,50.88
O014651,P011,2,58.3
O014652,P018,1,25.44
O014652,P020,1,29.68
O014652,P015,1,80.56
O014653,P005,1,50.88
O014654,P006,1,23.32
O014655,P007,1,43.46
O014655,P016,1,38.16
O014656,P018,1,25.44
O014657,P011,1,58.3
O014657,P005,1,50.88
O014658,P012,1,21.2
O014658,P015,3,80.56
O014659,P022,1,57.24
O014659,P011,1,58.3
O014660,P019,1,20.14
O014661,P020,1,29.68
O014661,P015,1,80.56
O014662,P016,1,38.16
O014663,P005,1,50.88
O014664,P019,1,20.14
O014665,P016,1,38.16
O014666,P014,1,125.08
O014666,P020,1,29.68
O014667,P016,1,38.16
O014668,P003,2,94.34
O014669,P022,2,57.24
O014670,P007,1,43.46
O014671,P023,1,103.88
O014672,P011,1,58.3
O014673,P022,3,57.24
O014674,P005,1,50.88
O014675,P006,1,23.32
O014675,P007,1,43.46
O014676,P017,1,61.48
O014676,P021,1,65.72
O014677,P005,1,50.88
O014678,P003,1,94.34
O014679,P022,1,57.24
O014679,P003,1,94.34
O014680,P002,1,179.14
O014680,P018,1,25.44
O014681,P005,1,50.88
O014681,P009,1,37.1
O014682,P020,1,29.68
O014682,P019,1,20.14
O014683,P023,1,103.88
O014683,P009,1,37.1
O014684,P021,1,65.72
O014685,P007,1,43.46
O014685,P006,1,23.32
O014686,P005,1,50.88
O014687,P015,1,80.56
O014688,P014,1,125.08
O014689,P001,1,136.74
O014689,P006,1,23.32
O014690,P005,2,50.88
O014690,P022,2,57.24
O014691,P020,2,29.68
O014692,P021,1,65.72
O014693,P015,1,80.56
O014694,P015,1,80.56
O014694,P013,1,33.92
O014695,P007,1,43.46
O014696,P009,1,37.1
O014696,P006,1,23.32
O014696,P015,1,80.56
O014697,P013,1,33.92
O014698,P002,1,179.14
O014699,P019,1,20.14
O014700,P019,1,20.14
O014700,P011,2,58.3
O014701,P010,1,41.34
O014701,P011,1,58.3
O014702,P006,1,23.32
O014703,P007,1,43.46
O014704,P010,2,41.34
O014704,P014,1,125.08
O014705,P018,1,25.44
O014705,P002,1,179.14
O014705,P019,1,20.14
O014706,P007,1,43.46
O014707,P022,1,57.24
O014708,P019,1,20.14
O014709,P005,1,50.88
O014710,P009,1,37.1
O014710,P022,1,57.24
O014711,P020,1,29.68
O014712,P009,1,37.1
O014713,P009,1,37.1
O014714,P004,1,67.84
O014714,P001,1,136.74
O014715,P011,1,58.3
O014716,P022,1,57.24
O014716,P005,1,50.88
O014716,P007,1,43.46
O014716,P009,1,37.1
O014717,P022,1,57.24
O014718,P013,1,33.92
O014719,P001,2,136.74
O014720,P012,3,21.2
O014720,P011,1,58.3
O014720,P014,1,125.08
O014720,P022,1,57.24
O014721,P007,1,43.46
O014721,P005,2,50.88
O014722,P022,1,57.24
O014722,P010,2,41.34
O014722,P006,1,23.32
O014723,P006,2,23.32
O014723,P009,1,37.1
O014724,P003,1,94.34
O014725,P016,1,38.16
O014726,P011,1,58.3
O014727,P020,1,29.68
O014728,P006,2,23.32
O014729,P007,1,43.46
O014730,P008,1,76.32
O014731,P007,1,43.46
O014732,P005,1,50.88
O014733,P022,1,57.24
O014733,P005,1,50.88
O014734,P015,1,80.56
O014735,P008,1,76.32
O014736,P022,1,57.24
O014737,P007,2,43.46
O014738,P009,1,37.1
O014739,P023,1,103.88
O014739,P021,1,65.72
O014739,P005,1,50.88
O014740,P022,1,57.24
O014740,P006,1,23.32
O014740,P005,1,50.88
O014741,P007,1,43.46
O014742,P015,1,80.56
O014742,P020,1,29.68
O014743,P004,1,67.84
O014743,P006,1,23.32
O014744,P009,1,37.1
O014744,P005,1,50.88
O014745,P022,1,57.24
O014746,P019,1,20.14
O014747,P015,2,80.56
O014747,P007,1,43.46
O014747,P020,1,29.68
O014748,P011,1,58.3
O014748,P010,1,41.34
O014749,P007,1,43.46
O014749,P011,1,58.3
O014749,P001,2,136.74
O014749,P014,1,125.08
O014750,P005,2,50.88
O014750,P009,1,37.1
O014750,P022,1,57.24
O014750,P016,1,38.16
O014751,P011,2,58.3
O014752,P019,2,20.14
O014753,P016,1,38.16
O014754,P006,1,23.32
O014755,P019,1,20.14
O014756,P004,1,67.84
O014757,P022,1,57.24
O014757,P005,2,50.88
O014757,P014,1,125.08
O014758,P005,1,50.88
O014758,P014,1,125.08
O014758,P007,1,43.46
O014758,P020,1,29.68
O014759,P023,1,103.88
O014759,P011,1,58.3
O014759,P007,1,43.46
O014760,P016,1,38.16
O014761,P022,2,57.24
O014761,P006,1,23.32
O014762,P022,2,57.24
O014763,P007,1,43.46
O014764,P007,2,43.46
O014765,P010,1,41.34
O014765,P012,1,21.2
O014766,P015,1,80.56
O014767,P022,1,57.24
O014768,P013,1,33.92
O014768,P005,3,50.88
O014769,P006,1,23.32
O014769,P019,1,20.14
O014770,P007,1,43.46
O014771,P019,1,20.14
O014771,P020,1,29.68
O014772,P007,1,43.46
O014772,P019,1,20.14
O014773,P013,2,33.92
O014773,P005,1,50.88
O014773,P022,1,57.24
O014774,P011,1,58.3
O014775,P015,1,80.56
O014776,P005,1,50.88
O014776,P013,2,33.92
O014777,P015,1,80.56
O014778,P003,1,94.34
O014778,P006,1,23.32
O014779,P013,1,33.92
O014779,P021,1,65.72
O014780,P018,1,
O014781,P018,1,25.44
O014782,P021,1,65.72
O014782,P010,1,41.34
O014782,P003,1,94.34
O014783,P006,1,23.32
O014784,P020,2,29.68
O014784,P019,1,20.14
O014784,P009,1,37.1
O014784,P008,1,76.32
O014785,P007,1,43.46
O014785,P005,1,50.88
O014785,P020,1,29.68
O014785,P011,1,58.3
O014786,P005,1,50.88
O014787,P006,1,23.32
O014787,P005,1,50.88
O014787,P007,1,43.46
O014788,P007,1,43.46
O014788,P002,1,179.14
O014789,P013,1,33.92
O014789,P018,1,25.44
O014790,P007,2,43.46
O014790,P004,1,67.84
O014791,P013,3,33.92
O014791,P021,1,65.72
O014792,P003,1,94.34
O014793,P018,1,25.44
O014793,P006,1,23.32
O014794,P008,1,76.32
O014795,P005,1,50.88
O014795,P007,1,43.46
O014795,P018,1,25.44
O014796,P014,3,125.08
O014797,P008,1,76.32
O014798,P006,1,23.32
O014799,P019,1,20.14
O014799,P013,1,33.92
O014799,P006,1,23.32
O014800,P022,1,57.24
O014801,P019,1,20.14
O014801,P007,1,43.46
O014801,P010,1,41.34
O014802,P023,1,103.88
O014802,P006,1,23.32
O014802,P009,1,37.1
O014802,P007,1,43.46
O014803,P013,1,33.92
O014804,P022,1,57.24
O014804,P016,1,38.16
O014805,P021,1,65.72
O014806,P021,1,65.72
O014806,P005,1,50.88
O014807,P021,1,65.72
O014807,P001,1,136.74
O014808,P011,1,58.3
O014809,P006,1,23.32
O014809,P001,1,136.74
O014810,P012,1,21.2
O014811,P005,1,50.88
O014811,P014,1,125.08
O014812,P007,1,43.46
O014813,P011,1,58.3
O014814,P010,1,41.34
O014815,P010,1,41.34
O014816,P005,1,50.88
O014816,P007,1,43.46
O014817,P018,1,25.44
O014818,P005,1,50.88
O014818,P009,1,37.1
O014818,P008,1,76.32
O014819,P016,1,38.16
O014819,P013,1,33.92
O014819,P004,1,67.84
O014820,P007,1,43.46
O014821,P018,1,25.44
O014822,P005,2,50.88
O014822,P006,1,23.32
O014823,P022,1,57.24
O014824,P018,2,25.44
O014825,P001,1,136.74
O014826,P014,1,125.08
O014827,P016,1,38.16
O014827,P007,1,43.46
O014827,P003,1,94.34
O014828,P020,1,29.68
O014829,P018,1,25.44
O014830,P007,1,43.46
O014830,P006,1,23.32
O014831,P013,1,33.92
O014832,P009,2,37.1
O014832,P015,1,80.56
O014833,P006,1,23.32
O014833,P008,1,76.32
O014834,P011,1,58.3
O014835,P022,1,57.24
O014835,P023,1,103.88
O014836,P021,1,65.72
O014836,P003,1,94.34
O014836,P017,1,61.48
O014836,P013,1,33.92
O014837,P007,1,43.46
O014838,P019,1,20.14
O014839,P020,1,29.68
O014840,P013,1,33.92
O014841,P007,1,43.46
O014842,P005,2,50.88
O014843,P022,1,57.24
O014843,P004,1,67.84
O014844,P009,1,37.1
O014844,P002,1,179.14
O014845,P021,1,65.72
O014845,P006,1,23.32
O014846,P019,1,20.14
O014846,P013,1,33.92
O014847,P007,1,43.46
O014848,P005,1,50.88
O014848,P006,2,23.32
O014848,P007,1,43.46
O014848,P021,1,65.72
O014849,P015,1,80.56
O014849,P022,1,57.24
O014850,P014,1,125.08
O014851,P007,2,43.46
O014852,P011,1,58.3
O014853,P015,2,80.56
O014854,P007,1,43.46
O014855,P009,2,37.1
O014856,P007,1,43.46
O014856,P006,3,23.32
O014857,P011,1,58.3
O014857,P006,1,23.32
O014858,P009,1,37.1
O014858,P005,1,50.88
O014859,P021,1,65.72
O014860,P006,1,23.32
O014860,P007,1,43.46
O014860,P018,1,25.44
O014861,P005,2,50.88
O014862,P005,1,50.88
O014862,P007,2,43.46
O014862,P015,1,80.56
O014863,P018,1,25.44
O014864,P007,1,43.46
O014865,P011,1,58.3
O014866,P001,1,136.74
O014867,P006,1,23.32
O014868,P019,1,20.14
O014869,P014,3,125.08
O014870,P005,1,50.88
O014871,P015,1,80.56
O014871,P002,1,179.14
O014872,P021,1,65.72
O014872,P006,1,23.32
O014872,P002,1,179.14
O014873,P006,1,23.32
O014873,P022,1,57.24
O014874,P013,1,33.92
O014874,P005,1,50.88
O014875,P013,1,33.92
O014875,P018,1,25.44
O014876,P009,1,37.1
O014877,P015,1,80.56
O014877,P005,1,50.88
O014878,P016,1,38.16
O014879,P006,1,23.32
O014880,P011,1,58.3
O014880,P021,1,65.72
O014881,P014,1,125.08
O014882,P007,1,43.46
O014882,P006,1,23.32
O014882,P016,1,38.16
O014882,P010,1,41.34
O014883,P016,1,38.16
O014883,P006,1,23.32
O014884,P016,1,38.16
O014884,P013,1,33.92
O014885,P013,1,33.92
O014886,P009,1,37.1
O014887,P011,2,58.3
O014887,P021,1,65.72
O014888,P015,1,80.56
O014889,P007,1,43.46
O014889,P021,1,65.72
O014890,P005,3,50.88
O014891,P022,1,57.24
O014891,P010,1,41.34
O014891,P011,1,58.3
O014892,P018,1,25.44
O014893,P015,1,80.56
O014893,P018,1,25.44
O014894,P019,2,20.14
O014895,P019,1,20.14
O014895,P013,1,33.92
O014895,P005,1,50.88
O014895,P010,1,41.34
O014896,P022,1,57.24
O014896,P010,1,41.34
O014897,P019,1,20.14
O014898,P011,1,58.3
O014899,P021,2,65.72
O014900,P005,1,50.88
O014901,P015,1,80.56
O014902,P019,1,20.14
O014902,P022,1,57.24
O014903,P006,2,23.32
O014904,P018,3,25.44
O014904,P020,1,29.68
O014904,P010,1,41.34
O014904,P007,1,43.46
O014905,P018,1,25.44
O014905,P005,2,50.88
O014905,P015,1,80.56
O014906,P018,1,25.44
O014907,P014,1,125.08
O014907,P007,2,43.46
O014907,P006,1,23.32
O014908,P021,1,65.72
O014909,P022,1,57.24
O014910,P006,1,23.32
O014910,P015,1,80.56
O014910,P018,1,25.44
O014910,P009,1,37.1
O014911,P001,3,136.74
O014912,P009,1,37.1
O014912,P022,1,57.24
O014912,P010,1,41.34
O014913,P005,1,50.88
O014913,P011,1,58.3
O014914,P014,2,125.08
O014914,P016,1,38.16
O014915,P018,1,25.44
O014915,P011,1,58.3
O014916,P004,1,67.84
O014916,P014,1,125.08
O014916,P005,1,50.88
O014917,P022,1,57.24
O014917,P015,1,80.56
O014918,P015,3,80.56
O014918,P005,1,50.88
O014918,P013,1,33.92
O014919,P006,1,23.32
O014920,P018,1,25.44
O014921,P011,1,58.3
O014922,P005,2,50.88
O014923,P005,1,50.88
O014923,P013,1,33.92
O014924,P013,1,33.92
O014924,P022,1,57.24
O014924,P005,1,50.88
O014925,P011,2,58.3
O014925,P016,1,38.16
O014926,P005,1,50.88
O014927,P012,1,21.2
O014927,P005,2,50.88
O014928,P007,1,43.46
O014929,P001,1,136.74
O014930,P008,2,76.32
O014931,P005,1,50.88
O014932,P020,1,29.68
O014932,P021,1,65.72
O014932,P016,3,38.16
O014932,P018,1,25.44
O014933,P018,1,25.44
O014933,P007,1,43.46
O014934,P005,1,50.88
O014934,P013,1,33.92
O014934,P010,1,41.34
O014935,P013,1,33.92
O014935,P014,1,125.08
O014935,P017,1,61.48
O014936,P013,1,33.92
O014937,P022,1,57.24
O014938,P003,1,94.34
O014939,P007,3,43.46
O014939,P005,1,50.88
O014939,P018,1,25.44
O014939,P010,1,41.34
O014940,P011,1,58.3
O014941,P006,1,23.32
O014942,P007,2,43.46
O014943,P007,2,43.46
O014943,P020,1,29.68
O014944,P005,1,50.88
O014945,P005,1,50.88
O014946,P013,1,33.92
O014947,P019,1,20.14
O014947,P011,1,58.3
O014947,P005,1,50.88
O014948,P022,1,57.24
O014949,P005,2,50.88
O014950,P005,1,50.88
O014950,P011,1,58.3
O014951,P006,1,23.32
O014951,P005,1,50.88
O014951,P009,1,37.1
O014952,P014,1,125.08
O014952,P011,1,58.3
O014952,P018,2,25.44
O014952,P009,1,37.1
O014953,P005,1,50.88
O014953,P018,1,25.44
O014953,P015,1,80.56
O014954,P016,1,38.16
O014954,P005,1,50.88
O014955,P018,1,25.44
O014955,P005,1,50.88
O014956,P006,1,23.32
O014956,P012,1,21.2
O014956,P007,1,43.46
O014957,P005,1,50.88
O014958,P005,2,50.88
O014958,P019,1,20.14
O014958,P006,1,23.32
O014959,P006,1,23.32
O014960,P001,1,136.74
O014961,P005,1,50.88
O014961,P003,1,94.34
O014961,P019,1,20.14
O014962,P022,1,57.24
O014963,P015,2,80.56
O014964,P019,1,20.14
O014965,P006,1,23.32
O014965,P018,1,25.44
O014966,P010,1,41.34
O014967,P006,1,23.32
O014967,P014,1,125.08
O014968,P015,2,80.56
O014968,P022,3,57.24
O014969,P018,1,25.44
O014970,P018,2,25.44
O014970,P022,1,57.24
O014971,P006,1,23.32
O014971,P018,2,25.44
O014971,P005,1,50.88
O014971,P001,1,
O014972,P019,1,20.14
O014973,P022,1,57.24
O014973,P006,1,23.32
O014974,P018,1,25.44
O014974,P011,1,58.3
O014975,P019,1,20.14
O014975,P007,1,43.46
O014976,P012,1,21.2
O014977,P011,1,58.3
O014978,P007,1,43.46
O014979,P006,1,23.32
O014979,P019,1,20.14
O014980,P011,1,58.3
O014981,P013,1,33.92
O014981,P007,1,43.46
O014982,P011,1,58.3
O014982,P006,1,23.32
O014983,P011,1,58.3
O014984,P015,2,80.56
O014985,P007,1,43.46
O014985,P021,1,65.72
O014986,P006,1,23.32
O014987,P021,1,65.72
O014988,P021,1,65.72
O014988,P019,1,20.14
O014988,P022,1,57.24
O014989,P014,1,125.08
O014990,P019,1,
O014991,P022,1,57.24
O014992,P019,1,20.14
O014992,P009,1,37.1
O014993,P013,1,33.92
O014993,P003,1,94.34
O014994,P021,1,65.72
O014995,P005,2,50.88
O014996,P005,1,50.88
O014997,P022,2,57.24
O014998,P005,1,50.88
O014998,P006,1,23.32
O014999,P011,1,58.3
O015000,P010,1,41.34
O015001,P010,1,41.34
O015001,P014,1,125.08
O015002,P012,1,21.2
O015003,P006,1,23.32
O015003,P020,1,29.68
O015003,P021,1,65.72
O015004,P005,1,50.88
O015005,P011,1,58.3
O015006,P011,1,58.3
O015007,P021,1,65.72
O015008,P005,2,50.88
O015008,P022,1,57.24
O015009,P018,2,25.44
O015009,P004,1,67.84
O015010,P009,1,37.1
O015011,P011,1,58.3
O015012,P006,2,23.32
O015012,P021,2,65.72
O015012,P019,2,20.14
O015013,P010,2,41.34
O015014,P006,1,23.32
O015015,P002,2,179.14
O015016,P005,1,50.88
O015017,P007,1,43.46
O015017,P011,2,58.3
O015018,P008,2,76.32
O015018,P005,1,50.88
O015019,P013,2,33.92
O015020,P013,1,33.92
O015020,P011,1,58.3
O015021,P016,-1,38.16
O015021,P006,1,23.32
O015022,P006,1,23.32
O015023,P007,1,43.46
O015023,P018,1,25.44
O015023,P004,1,67.84
O015024,P007,1,43.46
O015024,P018,1,25.44
O015024,P022,1,57.24
O015025,P022,1,57.24
O015025,P005,1,50.88
O015025,P001,1,136.74
O015026,P005,2,50.88
O015027,P004,1,67.84
O015027,P010,1,41.34
O015028,P010,1,41.34
O015028,P007,1,43.46
O015028,P006,2,23.32
O015029,P011,1,58.3
O015030,P001,1,136.74
O015030,P020,1,29.68
O015030,P013,1,33.92
O015031,P022,1,57.24
O015031,P013,1,33.92
O015032,P011,1,58.3
O015033,P005,1,50.88
O015034,P011,1,58.3
O015035,P007,1,43.46
O015035,P022,1,57.24
O015036,P011,1,58.3
O015037,P013,2,33.92
O015037,P001,1,136.74
O015037,P018,2,25.44
O015037,P004,1,67.84
O015038,P005,1,50.88
O015039,P006,2,23.32
O015040,P006,1,23.32
O015041,P014,1,125.08
O015042,P005,1,50.88
O015042,P013,1,33.92
O015043,P005,1,50.88
O015044,P011,2,58.3
O015044,P014,1,125.08
O015045,P012,1,21.2
O015045,P010,1,41.34
O015046,P011,1,58.3
O015047,P011,1,58.3
O015047,P006,2,23.32
O015048,P014,1,125.08
O015049,P011,2,58.3
O015049,P009,1,37.1
O015050,P023,1,103.88
O015050,P019,1,20.14
O015051,P010,1,41.34
O015051,P007,1,43.46
O015051,P022,-1,57.24
O015052,P009,1,37.1
O015053,P016,1,38.16
O015054,P011,2,58.3
O015054,P018,1,25.44
O015055,P015,1,80.56
O015056,P013,1,33.92
O015057,P011,1,58.3
O015058,P005,1,50.88
O015059,P005,1,50.88
O015060,P013,1,33.92
O015061,P019,1,20.14
O015061,P014,1,125.08
O015062,P014,1,125.08
O015063,P019,1,20.14
O015064,P005,3,50.88
O015065,P016,1,38.16
O015066,P019,1,20.14
O015067,P014,3,125.08
O015067,P010,1,41.34
O015068,P020,1,29.68
O015069,P006,1,23.32
O015069,P005,1,50.88
O015070,P010,1,41.34
O015071,P013,1,33.92
O015072,P014,1,125.08
O015073,P019,1,20.14
O015073,P020,1,29.68
O015074,P011,1,58.3
O015075,P022,1,57.24
O015075,P007,1,43.46
O015076,P005,1,50.88
O015077,P011,2,58.3
O015077,P005,1,50.88
O015078,P005,3,50.88
O015079,P017,1,61.48
O015080,P016,1,38.16
O015081,P011,1,58.3
O015081,P003,1,94.34
O015082,P005,1,50.88
O015082,P019,1,20.14
O015083,P006,1,23.32
O015083,P022,1,57.24
O015084,P004,1,67.84
O015084,P021,1,65.72
O015085,P007,1,43.46
O015085,P008,1,76.32
O015085,P018,1,25.44
O015086,P013,2,33.92
O015086,P002,1,179.14
O015087,P006,2,23.32
O015087,P019,0,20.14
O015087,P011,3,58.3
O015087,P010,1,41.34
O015088,P011,2,58.3
O015089,P018,1,25.44
O015089,P016,1,38.16
O015090,P019,1,20.14
O015091,P007,3,43.46
O015091,P019,1,20.14
O015091,P014,2,125.08
O015092,P011,1,58.3
O015093,P007,1,43.46
O015093,P022,1,57.24
O015094,P022,1,57.24
O015094,P005,1,50.88
O015095,P006,2,23.32
O015095,P005,1,50.88
O015095,P003,2,94.34
O015096,P002,1,179.14
O015097,P007,1,43.46
O015098,P006,1,23.32
O015099,P010,1,41.34
O015100,P007,2,43.46
O015101,P014,1,125.08
O015101,P006,1,23.32
O015102,P013,1,33.92
O015103,P021,1,65.72
O015104,P011,1,58.3
O015105,P001,1,136.74
O015106,P011,1,58.3
O015106,P013,1,33.92
O015107,P019,1,20.14
O015107,P007,2,43.46
O015108,P011,1,58.3
O015109,P001,1,136.74
O015109,P019,1,20.14
O015109,P005,1,50.88
O015110,P020,1,29.68
O015111,P001,2,136.74
O015111,P011,2,58.3
O015112,P021,1,65.72
O015113,P018,1,25.44
O015114,P005,1,50.88
O015115,P010,1,41.34
O015115,P009,1,37.1
O015116,P013,2,33.92
O015116,P010,1,41.34
O015117,P013,1,33.92
O015117,P021,1,65.72
O015117,P022,1,57.24
O015117,P014,1,125.08
O015118,P007,1,43.46
O015118,P015,1,80.56
O015119,P004,1,67.84
O015120,P012,2,21.2
O015120,P009,1,37.1
O015121,P011,2,58.3
O015122,P007,1,43.46
O015122,P006,1,23.32
O015123,P007,1,43.46
O015123,P021,1,65.72
O015124,P007,1,43.46
O015125,P011,1,58.3
O015125,P019,1,20.14
O015125,P010,2,41.34
O015126,P019,1,20.14
O015127,P022,1,57.24
O015128,P011,1,58.3
O015129,P009,1,37.1
O015130,P020,1,29.68
O015130,P006,1,23.32
O015130,P014,1,125.08
O015131,P003,1,94.34
O015131,P005,1,50.88
O015131,P018,1,25.44
O015132,P022,1,57.24
O015133,P005,1,50.88
O015134,P022,1,57.24
O015135,P015,1,80.56
O015136,P019,1,20.14
O015136,P015,2,80.56
O015137,P006,1,23.32
O015137,P007,1,43.46
O015138,P005,1,50.88
O015139,P011,1,58.3
O015140,P007,1,43.46
O015141,P005,1,50.88
O015141,P011,2,58.3
O015141,P012,1,21.2
O015142,P013,1,33.92
O015143,P006,2,23.32
O015144,P018,1,25.44
O015144,P007,1,43.46
O015144,P019,1,20.14
O015144,P006,2,23.32
O015145,P018,1,25.44
O015146,P006,1,23.32
O015147,P006,1,23.32
O015148,P016,1,38.16
O015148,P018,1,25.44
O015149,P019,1,20.14
O015149,P013,1,33.92
O015149,P021,1,65.72
O015150,P019,1,20.14
O015151,P022,1,57.24
O015151,P001,1,136.74
O015152,P006,1,23.32
O015152,P001,1,136.74
O015153,P005,2,50.88
O015153,P007,1,43.46
O015153,P016,1,38.16
O015154,P021,1,65.72
O015155,P011,1,58.3
O015155,P002,1,179.14
O015156,P019,1,20.14
O015157,P006,1,23.32
O015158,P010,1,41.34
O015158,P016,1,38.16
O015159,P006,1,23.32
O015160,P009,3,37.1
O015160,P019,1,20.14
O015161,P011,1,58.3
O015162,P023,1,103.88
O015163,P022,2,57.24
O015163,P005,1,50.88
O015164,P011,1,58.3
O015165,P003,1,94.34
O015165,P009,1,37.1
O015166,P018,1,25.44
O015166,P019,1,20.14
O015166,P011,1,58.3
O015167,P019,1,20.14
O015168,P011,1,58.3
O015169,P011,1,58.3
O015170,P014,1,125.08
O015170,P006,1,23.32
O015170,P011,1,58.3
O015171,P013,1,33.92
O015172,P015,1,80.56
O015172,P005,1,50.88
O015173,P014,1,125.08
O015174,P011,1,58.3
O015174,P021,1,65.72
O015174,P005,1,50.88
O015175,P019,1,20.14
O015176,P011,1,58.3
O015176,P007,1,43.46
O015177,P019,1,20.14
O015178,P005,1,50.88
O015178,P022,1,57.24
O015178,P006,2,23.32
O015178,P021,1,65.72
O015179,P014,2,125.08
O015180,P015,1,80.56
O015181,P021,1,65.72
O015181,P008,1,76.32
O015182,P012,1,21.2
O015183,P021,3,65.72
O015184,P013,1,33.92
O015185,P022,1,57.24
O015186,P015,1,80.56
O015186,P016,1,38.16
O015187,P016,1,38.16
O015187,P020,1,29.68
O015188,P008,1,76.32
O015189,P022,1,57.24
O015189,P014,1,125.08
O015190,P013,1,33.92
O015190,P006,1,
O015191,P018,1,25.44
O015192,P004,1,67.84
O015193,P008,1,76.32
O015194,P002,3,179.14
O015195,P004,1,67.84
O015196,P010,1,41.34
O015197,P020,1,29.68
O015197,P013,2,33.92
O015198,P005,1,50.88
O015199,P020,1,29.68
O015200,P013,1,33.92
O015201,P014,2,125.08
O015202,P009,1,37.1
O015203,P023,1,103.88
O015204,P014,1,125.08
O015204,P007,1,43.46
O015205,P005,1,50.88
O015205,P018,2,25.44
O015205,P015,1,80.56
O015205,P021,2,65.72
O015206,P019,1,20.14
O015206,P020,2,29.68
O015207,P015,1,80.56
O015208,P005,1,50.88
O015208,P011,1,58.3
O015208,P007,1,43.46
O015209,P011,1,58.3
O015209,P013,1,33.92
O015210,P021,1,65.72
O015210,P002,1,179.14
O015210,P008,1,76.32
O015211,P019,1,20.14
O015211,P021,1,65.72
O015211,P005,1,50.88
O015211,P013,1,33.92
O015212,P011,1,58.3
O015212,P005,2,50.88
O015213,P020,1,29.68
O015214,P022,2,57.24
O015215,P019,1,20.14
O015215,P005,1,50.88
O015215,P022,1,57.24
O015215,P016,1,38.16
O015216,P015,1,80.56
O015217,P021,2,65.72
O015217,P006,1,23.32
O015217,P003,1,94.34
O015218,P018,1,25.44
O015219,P011,2,58.3
O015219,P013,1,33.92
O015219,P018,2,25.44
O015220,P006,1,23.32
O015221,P022,1,57.24
O015222,P013,1,33.92
O015222,P005,1,50.88
O015223,P007,1,43.46
O015224,P013,1,33.92
O015224,P016,2,38.16
O015225,P018,1,25.44
O015225,P017,1,61.48
O015226,P005,1,50.88
O015227,P010,1,41.34
O015228,P014,1,125.08
O015229,P004,1,67.84
O015230,P018,1,25.44
O015231,P008,1,76.32
O015231,P011,1,58.3
O015232,P014,1,125.08
O015232,P006,1,23.32
O015232,P020,1,29.68
O015233,P006,1,23.32
O015233,P022,1,57.24
O015233,P015,1,80.56
O015233,P007,1,43.46
O015234,P019,1,20.14
O015235,P005,1,50.88
O015236,P012,1,21.2
O015236,P013,1,33.92
O015237,P011,3,58.3
O015238,P005,1,50.88
O015238,P019,1,20.14
O015239,P012,1,21.2
O015240,P005,1,50.88
O015240,P018,1,25.44
O015241,P015,1,80.56
O015241,P005,1,50.88
O015242,P022,1,57.24
O015242,P004,1,67.84
O015242,P009,1,37.1
O015243,P013,1,33.92
O015243,P019,1,20.14
O015244,P019,1,20.14
O015245,P009,1,37.1
O015245,P015,1,80.56
O015245,P020,1,29.68
O015246,P008,1,76.32
O015246,P011,1,58.3
O015247,P016,1,38.16
O015248,P014,2,125.08
O015249,P006,1,23.32
O015250,P006,1,23.32
O015250,P019,2,20.14
O015251,P021,1,65.72
O015252,P007,1,43.46
O015252,P002,1,179.14
O015253,P005,1,50.88
O015254,P006,1,23.32
O015255,P011,1,58.3
O015256,P022,1,57.24
O015257,P022,1,57.24
O015257,P001,1,136.74
O015257,P020,3,29.68
O015257,P015,1,80.56
O015258,P019,1,20.14
O015259,P011,1,58.3
O015260,P015,1,80.56
O015260,P009,1,37.1
O015260,P001,1,136.74
O015260,P007,2,43.46
O015261,P005,1,50.88
O015261,P016,1,38.16
O015261,P018,1,25.44
O015262,P017,2,61.48
O015263,P013,1,33.92
O015263,P019,1,20.14
O015264,P005,1,50.88
O015265,P019,1,20.14
O015266,P016,1,38.16
O015266,P019,1,20.14
O015266,P011,1,58.3
O015266,P010,1,41.34
O015267,P014,1,125.08
O015267,P005,1,50.88
O015268,P010,1,41.34
O015268,P023,1,103.88
O015269,P006,1,23.32
O015270,P005,1,50.88
O015270,P009,1,37.1
O015271,P019,1,20.14
O015272,P018,1,25.44
O015272,P007,1,43.46
O015273,P007,1,43.46
O015274,P006,1,23.32
O015274,P018,1,25.44
O015274,P011,1,58.3
O015275,P016,1,38.16
O015276,P013,2,33.92
O015276,P021,1,65.72
O015276,P005,1,50.88
O015276,P007,1,43.46
O015277,P007,1,43.46
O015277,P022,1,57.24
O015278,P007,1,43.46
O015279,P020,1,29.68
O015280,P023,1,103.88
O015281,P005,3,50.88
O015282,P004,1,67.84
O015283,P015,2,80.56
O015284,P019,1,20.14
O015284,P005,1,50.88
O015285,P011,1,58.3
O015286,P006,1,23.32
O015286,P020,1,29.68
O015287,P022,1,57.24
O015288,P006,1,23.32
O015288,P007,1,43.46
O015289,P007,1,43.46
O015289,P015,1,80.56
O015290,P016,2,38.16
O015291,P016,1,38.16
O015292,P015,3,80.56
O015293,P009,1,37.1
O015294,P014,1,125.08
O015295,P006,2,23.32
O015296,P013,1,33.92
O015297,P016,1,38.16
O015298,P019,1,20.14
O015298,P010,1,41.34
O015298,P005,1,50.88
O015298,P006,1,23.32
O015299,P007,2,43.46
O015299,P005,1,50.88
O015300,P004,1,67.84
O015301,P022,1,57.24
O015301,P014,1,125.08
O015302,P010,1,41.34
O015302,P008,1,76.32
O015302,P022,1,57.24
O015303,P022,1,57.24
O015304,P023,1,103.88
O015305,P022,1,57.24
O015305,P005,1,50.88
O015306,P005,1,50.88
O015307,P021,1,65.72
O015308,P013,1,33.92
O015309,P018,1,25.44
O015309,P022,2,57.24
O015310,P021,1,65.72
O015311,P013,1,33.92
O015311,P011,1,58.3
O015312,P002,1,179.14
O015312,P011,1,58.3
O015312,P013,1,33.92
O015312,P018,1,25.44
O015313,P010,1,41.34
O015314,P021,1,65.72
O015314,P018,1,25.44
O015315,P001,1,136.74
O015315,P021,1,65.72
O015316,P005,1,50.88
O015317,P022,1,57.24
O015318,P022,1,57.24
O015319,P017,1,61.48
O015320,P011,1,58.3
O015321,P022,1,57.24
O015322,P019,1,20.14
O015322,P016,1,38.16
O015323,P004,1,67.84
O015324,P013,2,33.92
O015325,P015,1,80.56
O015325,P016,1,38.16
O015326,P011,1,58.3
O015327,P018,1,25.44
O015327,P013,1,33.92
O015328,P014,1,125.08
O015329,P013,1,33.92
O015330,P015,1,80.56
O015331,P007,1,43.46
O015332,P022,1,57.24
O015332,P011,1,58.3
O015333,P011,1,58.3
O015333,P020,2,29.68
O015333,P006,1,
O015334,P018,1,25.44
O015334,P006,1,23.32
O015335,P019,1,20.14
O015335,P006,1,23.32
O015336,P014,1,125.08
O015336,P011,1,58.3
O015336,P013,1,33.92
O015337,P010,1,41.34
O015338,P017,1,61.48
O015339,P006,2,23.32
O015339,P020,1,29.68
O015340,P021,1,65.72
O015341,P021,1,65.72
O015342,P020,1,29.68
O015343,P005,1,50.88
O015343,P006,1,23.32
O015344,P014,1,125.08
O015345,P022,1,57.24
O015346,P022,1,57.24
O015346,P012,1,21.2
O015347,P005,1,50.88
O015347,P018,1,25.44
O015347,P009,1,37.1
O015348,P009,1,37.1
O015349,P005,1,50.88
O015349,P013,1,33.92
O015350,P016,1,38.16
O015351,P013,1,33.92
O015352,P006,1,23.32
O015353,P009,1,37.1
O015354,P010,1,41.34
O015355,P018,1,25.44
O015355,P015,1,80.56
O015356,P020,1,29.68
O015357,P005,1,50.88
O015357,P009,1,37.1
O015358,P006,1,23.32
O015359,P016,1,38.16
O015359,P018,1,25.44
O015360,P010,1,41.34
O015360,P016,1,38.16
O015360,P013,1,33.92
O015361,P005,1,50.88
O015362,P006,1,23.32
O015363,P013,1,33.92
O015364,P015,1,80.56
O015364,P016,1,38.16
O015365,P012,1,21.2
O015365,P009,1,37.1
O015365,P014,1,125.08
O015365,P006,1,23.32
O015366,P021,0,65.72
O015366,P006,1,23.32
O015366,P013,1,33.92
O015366,P020,1,29.68
O015367,P018,1,25.44
O015368,P018,1,25.44
O015368,P013,1,33.92
O015369,P016,1,38.16
O015370,P017,1,61.48
O015370,P006,1,23.32
O015371,P019,1,20.14
O015372,P015,1,80.56
O015373,P015,2,80.56
O015374,P011,1,58.3
O015375,P004,1,67.84
O015375,P015,1,80.56
O015376,P022,2,57.24
O015377,P011,1,58.3
O015378,P021,1,65.72
O015379,P019,1,20.14
O015380,P017,1,61.48
O015380,P022,1,57.24
O015381,P005,3,50.88
O015382,P020,1,29.68
O015383,P005,2,50.88
O015383,P013,1,33.92
O015383,P016,1,38.16
O015384,P011,1,58.3
O015385,P005,1,50.88
O015386,P022,2,57.24
O015387,P010,2,41.34
O015388,P021,1,65.72
O015388,P005,1,50.88
O015389,P016,1,38.16
O015390,P022,2,57.24
O015390,P009,1,37.1
O015390,P021,1,65.72
O015391,P009,1,37.1
O015392,P011,1,58.3
O015393,P008,1,76.32
O015394,P005,1,50.88
O015395,P013,1,33.92
O015395,P009,1,37.1
O015396,P018,1,25.44
O015397,P018,1,25.44
O015398,P013,2,33.92
O015399,P022,1,57.24
O015399,P021,1,65.72
O015400,P005,2,50.88
O015401,P010,1,41.34
O015402,P016,1,38.16
O015403,P012,1,21.2
O015404,P005,1,50.88
O015404,P002,1,179.14
O015404,P014,1,125.08
O015404,P013,1,33.92
O015405,P004,1,67.84
O015405,P013,1,33.92
O015406,P006,1,23.32
O015406,P013,1,33.92
O015406,P016,1,38.16
O015407,P005,3,50.88
O015407,P007,1,43.46
O015408,P022,1,57.24
O015409,P013,1,33.92
O015409,P011,1,58.3
O015410,P006,1,23.32
O015410,P011,2,58.3
O015411,P019,1,20.14
O015411,P005,1,50.88
O015412,P011,1,58.3
O015412,P007,1,43.46
O015413,P019,2,20.14
O015413,P018,1,25.44
O015414,P007,2,43.46
O015414,P019,1,20.14
O015414,P013,1,33.92
O015415,P020,1,29.68
O015416,P007,1,43.46
O015417,P005,1,50.88
O015417,P022,1,57.24
O015418,P004,1,67.84
O015419,P005,1,50.88
O015419,P019,2,20.14
O015420,P019,1,20.14
O015421,P022,2,57.24
O015422,P006,1,23.32
O015423,P021,1,65.72
O015424,P015,1,80.56
O015424,P006,1,23.32
O015425,P007,1,43.46
O015425,P022,1,57.24
O015426,P004,1,67.84
O015427,P014,1,125.08
O015427,P005,2,50.88
O015427,P015,1,80.56
O015428,P005,1,50.88
O015429,P005,2,50.88
O015429,P022,1,57.24
O015429,P007,1,43.46
O015430,P010,1,41.34
O015430,P021,1,65.72
O015431,P005,1,50.88
O015432,P011,1,58.3
O015433,P013,1,33.92
O015434,P008,1,76.32
O015434,P006,1,23.32
O015434,P021,1,65.72
O015434,P018,1,25.44
O015435,P015,1,80.56
O015436,P021,2,65.72
O015437,P016,1,38.16
O015438,P006,1,23.32
O015439,P006,1,23.32
O015439,P005,1,50.88
O015439,P011,1,58.3
O015440,P010,2,41.34
O015440,P013,1,33.92
O015440,P011,1,58.3
O015441,P005,2,50.88
O015442,P011,1,58.3
O015443,P022,1,57.24
O015444,P018,1,25.44
O015444,P005,2,50.88
O015445,P001,1,136.74
O015445,P016,1,38.16
O015446,P002,2,179.14
O015446,P020,1,29.68
O015447,P019,1,20.14
O015447,P005,2,50.88
O015448,P009,1,37.1
O015449,P019,2,20.14
O015449,P017,1,61.48
O015450,P015,1,80.56
O015450,P023,1,103.88
O015450,P022,1,57.24
O015450,P012,1,21.2
O015451,P019,1,20.14
O015452,P009,1,37.1
O015452,P013,1,33.92
O015453,P015,1,80.56
O015454,P022,1,57.24
O015454,P023,1,103.88
O015454,P005,1,50.88
O015455,P021,2,65.72
O015456,P022,1,57.24
O015456,P018,2,25.44
O015457,P005,2,50.88
O015457,P009,1,37.1
O015458,P005,1,50.88
O015458,P021,2,65.72
O015459,P018,2,25.44
O015459,P020,1,29.68
O015460,P018,1,25.44
O015461,P018,3,25.44
O015461,P019,1,20.14
O015462,P005,1,50.88
O015462,P016,2,38.16
O015462,P001,1,136.74
O015463,P016,1,38.16
O015464,P021,1,65.72
O015465,P011,2,58.3
O015466,P009,1,37.1
O015467,P011,1,58.3
O015467,P022,1,57.24
O015468,P022,1,57.24
O015468,P014,1,125.08
O015468,P007,3,43.46
O015469,P006,1,23.32
O015470,P005,1,50.88
O015471,P011,1,58.3
O015472,P019,1,20.14
O015473,P013,1,33.92
O015473,P008,2,76.32
O015473,P014,1,125.08
O015473,P010,2,41.34
O015474,P021,1,65.72
O015474,P008,2,76.32
O015475,P007,1,43.46
O015476,P021,1,65.72
O015476,P005,1,50.88
O015477,P011,2,58.3
O015478,P006,3,23.32
O015479,P010,1,41.34
O015480,P007,1,43.46
O015481,P007,1,43.46
O015482,P007,1,43.46
O015483,P005,1,50.88
O015484,P008,1,76.32
O015485,P021,1,65.72
O015485,P006,1,23.32
O015485,P019,1,20.14
O015486,P011,2,58.3
O015487,P022,2,57.24
O015488,P009,1,37.1
O015488,P005,1,50.88
O015489,P013,1,33.92
O015489,P021,1,65.72
O015490,P016,1,38.16
O015490,P007,1,43.46
O015490,P020,1,29.68
O015490,P006,1,23.32
O015491,P004,1,67.84
O015492,P005,1,50.88
O015492,P014,1,125.08
O015492,P022,1,57.24
O015492,P001,1,136.74
O015493,P005,1,50.88
O015494,P007,1,43.46
O015494,P008,1,76.32
O015495,P013,1,33.92
O015496,P006,3,23.32
O015497,P007,1,43.46
O015497,P011,1,58.3
O015498,P010,1,41.34
O015499,P019,2,20.14
O015500,P005,1,50.88
O015501,P018,1,25.44
O015502,P019,1,20.14
O015502,P022,1,57.24
O015503,P005,1,50.88
O015504,P011,1,58.3
O015505,P004,1,67.84
O015506,P006,1,23.32
O015507,P018,1,25.44
O015507,P009,1,37.1
O015507,P005,1,50.88
O015507,P007,1,43.46
O015508,P006,1,23.32
O015509,P016,3,38.16
O015509,P010,2,41.34
O015509,P014,1,125.08
O015510,P019,1,20.14
O015511,P003,1,94.34
O015512,P005,1,50.88
O015513,P007,1,43.46
O015514,P018,1,25.44
O015515,P014,1,125.08
O015516,P018,1,25.44
O015517,P011,2,58.3
O015518,P007,2,43.46
O015518,P018,1,25.44
O015519,P015,1,80.56
O015520,P020,1,29.68
O015521,P009,1,37.1
O015522,P012,2,21.2
O015523,P007,1,43.46
O015523,P011,1,58.3
O015524,P016,1,38.16
O015525,P006,1,23.32
O015526,P001,1,136.74
O015526,P014,1,125.08
O015527,P018,1,25.44
O015527,P006,1,23.32
O015527,P008,1,76.32
O015528,P016,1,38.16
O015529,P007,1,43.46
O015529,P011,1,58.3
O015530,P007,1,43.46
O015531,P009,1,37.1
O015532,P006,1,23.32
O015533,P022,1,57.24
O015534,P020,1,29.68
O015535,P018,1,25.44
O015536,P011,1,58.3
O015536,P005,1,50.88
O015537,P019,1,20.14
O015537,P003,1,94.34
O015538,P014,1,125.08
O015539,P016,1,38.16
O015539,P012,1,21.2
O015540,P006,1,23.32
O015541,P006,2,23.32
O015542,P007,2,43.46
O015543,P004,1,67.84
O015544,P005,-1,50.88
O015545,P022,1,57.24
O015546,P007,1,43.46
O015547,P019,1,20.14
O015547,P021,1,65.72
O015548,P014,2,125.08
O015549,P006,1,23.32
O015550,P001,1,136.74
O015551,P015,1,80.56
O015551,P011,2,58.3
O015551,P014,1,125.08
O015552,P011,1,58.3
O015552,P006,1,23.32
O015553,P009,1,37.1
O015553,P022,2,57.24
O015554,P013,1,33.92
O015555,P018,1,25.44
O015556,P018,2,25.44
O015557,P013,1,33.92
O015558,P005,1,50.88
O015559,P019,1,20.14
O015559,P006,1,23.32
O015560,P020,1,29.68
O015560,P013,1,33.92
O015561,P005,3,50.88
O015561,P009,1,37.1
O015562,P010,2,41.34
O015563,P006,1,23.32
O015564,P013,1,33.92
O015565,P020,1,29.68
O015565,P013,1,33.92
O015566,P005,1,50.88
O015566,P019,1,20.14
O015566,P015,1,80.56
O015567,P006,3,23.32
O015567,P021,2,65.72
O015568,P005,1,50.88
O015568,P019,3,20.14
O015569,P018,1,25.44
O015570,P011,1,58.3
O015571,P022,3,57.24
O015572,P022,1,57.24
O015573,P018,1,25.44
O015573,P019,1,20.14
O015574,P002,1,179.14
O015574,P016,1,38.16
O015575,P005,1,50.88
O015576,P005,1,50.88
O015577,P020,1,29.68
O015578,P007,1,43.46
O015579,P009,1,37.1
O015580,P014,1,125.08
O015580,P019,1,20.14
O015581,P013,1,33.92
O015582,P018,-1,25.44
O015583,P005,1,50.88
O015583,P022,1,57.24
O015584,P009,1,37.1
O015585,P003,1,94.34
O015586,P020,1,29.68
O015587,P007,1,43.46
O015587,P015,1,80.56
O015588,P021,1,65.72
O015588,P007,1,43.46
O015588,P022,1,57.24
O015588,P019,1,20.14
O015589,P019,1,20.14
O015590,P005,1,50.88
O015591,P005,1,50.88
O015592,P007,3,43.46
O015592,P004,2,67.84
O015593,P009,1,37.1
O015593,P019,1,20.14
O015593,P021,1,65.72
O015593,P018,1,25.44
O015594,P023,1,103.88
O015595,P013,1,33.92
O015596,P014,1,125.08
O015596,P022,2,57.24
O015597,P016,1,38.16
O015598,P005,1,50.88
O015599,P005,1,50.88
O015600,P022,1,57.24
O015601,P016,1,38.16
O015602,P018,1,25.44
O015603,P007,1,43.46
O015603,P005,1,50.88
O015603,P018,1,25.44
O015604,P005,2,50.88
O015604,P019,1,20.14
O015605,P013,2,33.92
O015606,P005,1,50.88
O015607,P015,1,80.56
O015607,P010,1,41.34
O015607,P007,1,43.46
O015608,P006,1,23.32
O015608,P019,1,20.14
O015608,P013,1,33.92
O015609,P007,1,43.46
O015609,P021,1,65.72
O015610,P011,1,58.3
O015611,P001,2,136.74
O015612,P012,1,21.2
O015612,P015,2,80.56
O015612,P013,2,33.92
O015613,P007,1,43.46
O015613,P021,1,65.72
O015614,P005,1,50.88
O015614,P018,2,25.44
O015614,P022,2,57.24
O015615,P006,2,23.32
O015615,P005,1,50.88
O015616,P006,1,23.32
O015616,P011,2,58.3
O015617,P015,1,80.56
O015618,P007,1,43.46
O015619,P011,2,58.3
O015619,P017,1,61.48
O015620,P011,1,58.3
O015620,P022,1,57.24
O015621,P013,1,33.92
O015621,P009,1,37.1
O015622,P006,3,23.32
O015623,P005,1,50.88
O015623,P018,1,25.44
O015623,P010,1,41.34
O015624,P013,1,33.92
O015624,P019,1,20.14
O015625,P005,1,50.88
O015626,P007,2,43.46
O015626,P006,1,23.32
O015627,P016,1,38.16
O015627,P006,1,23.32
O015628,P007,1,43.46
O015628,P022,1,57.24
O015628,P006,1,23.32
O015628,P003,2,94.34
O015629,P016,2,38.16
O015629,P005,1,50.88
O015630,P006,1,23.32
O015630,P005,1,50.88
O015630,P013,1,33.92
O015631,P001,1,136.74
O015631,P018,1,25.44
O015632,P009,1,37.1
O015632,P007,1,43.46
O015633,P009,2,37.1
O015633,P007,1,43.46
O015634,P005,1,50.88
O015634,P009,1,37.1
O015635,P019,2,20.14
O015636,P006,1,23.32
O015637,P005,1,50.88
O015638,P011,1,58.3
O015639,P022,1,57.24
O015639,P016,1,38.16
O015639,P021,1,65.72
O015639,P015,1,80.56
O015640,P007,1,43.46
O015640,P022,1,57.24
O015640,P013,1,33.92
O015641,P011,1,58.3
O015642,P007,2,43.46
O015642,P002,1,179.14
O015643,P013,1,33.92
O015644,P007,1,43.46
O015645,P006,1,23.32
O015645,P013,1,33.92
O015646,P007,1,43.46
O015646,P013,1,33.92
O015647,P013,1,33.92
O015648,P005,1,50.88
O015648,P011,3,58.3
O015648,P009,1,37.1
O015649,P014,1,125.08
O015649,P006,1,23.32
O015649,P010,1,41.34
O015649,P015,1,80.56
O015650,P022,1,57.24
O015650,P006,1,23.32
O015651,P007,1,43.46
O015652,P018,1,25.44
O015653,P019,1,20.14
O015654,P007,1,43.46
O015654,P018,1,25.44
O015654,P014,1,125.08
O015655,P019,2,20.14
O015656,P009,1,37.1
O015656,P021,1,65.72
O015656,P010,1,41.34
O015657,P019,1,20.14
O015658,P007,1,43.46
O015658,P010,1,41.34
O015659,P022,1,57.24
O015660,P014,1,125.08
O015661,P004,1,67.84
O015662,P007,1,43.46
O015663,P013,2,33.92
O015664,P011,2,58.3
O015665,P010,1,41.34
O015666,P013,1,33.92
O015666,P007,1,43.46
O015666,P006,2,23.32
O015666,P014,1,125.08
O015667,P018,2,25.44
O015667,P019,1,20.14
O015668,P019,1,20.14
O015668,P012,2,21.2
O015668,P007,1,43.46
O015669,P021,1,65.72
O015670,P021,2,65.72
O015671,P020,1,29.68
O015672,P015,1,80.56
O015673,P022,1,57.24
O015673,P019,1,20.14
O015674,P021,1,65.72
O015675,P014,1,125.08
O015675,P022,1,57.24
O015676,P010,1,41.34
O015676,P013,2,33.92
O015677,P012,1,21.2
O015678,P007,1,43.46
O015679,P006,1,23.32
O015679,P011,1,58.3
O015680,P013,1,33.92
O015680,P004,3,67.84
O015681,P007,1,43.46
O015681,P009,1,37.1
O015682,P013,1,33.92
O015682,P014,2,125.08
O015683,P022,1,57.24
O015683,P015,1,80.56
O015684,P021,2,65.72
O015684,P006,1,23.32
O015684,P022,1,57.24
O015684,P007,3,43.46
O015685,P016,1,38.16
O015686,P010,1,41.34
O015687,P021,1,65.72
O015688,P010,1,41.34
O015689,P020,2,29.68
O015690,P015,1,80.56
O015691,P018,1,25.44
O015691,P006,3,23.32
O015692,P006,1,23.32
O015693,P020,1,29.68
O015694,P010,1,41.34
O015694,P015,1,80.56
O015695,P022,1,57.24
O015696,P007,1,43.46
O015697,P018,1,25.44
O015697,P006,1,23.32
O015698,P007,2,43.46
O015699,P022,1,57.24
O015699,P007,2,43.46
O015700,P014,1,125.08
O015700,P013,2,33.92
O015700,P005,2,50.88
O015701,P018,1,25.44
O015701,P005,1,50.88
O015702,P006,1,23.32
O015702,P019,1,20.14
O015703,P020,1,29.68
O015704,P016,1,38.16
O015704,P019,1,20.14
O015705,P017,1,61.48
O015706,P014,2,125.08
O015707,P006,1,23.32
O015708,P005,1,50.88
O015709,P003,1,94.34
O015709,P020,1,29.68
O015710,P005,1,50.88
O015710,P011,1,58.3
O015711,P013,1,33.92
O015712,P005,1,50.88
O015713,P008,1,76.32
O015713,P016,1,38.16
O015713,P009,1,37.1
O015713,P014,1,125.08
O015714,P012,1,21.2
O015714,P013,2,33.92
O015715,P005,1,50.88
O015716,P003,1,94.34
O015717,P016,1,38.16
O015717,P022,2,57.24
O015717,P006,1,23.32
O015718,P015,1,80.56
O015719,P019,1,20.14
O015719,P013,1,33.92
O015720,P005,1,50.88
O015720,P002,1,179.14
O015720,P019,1,20.14
O015721,P022,1,57.24
O015721,P021,1,65.72
O015722,P019,1,20.14
O015722,P021,1,65.72
O015722,P006,2,23.32
O015722,P014,1,125.08
O015723,P018,1,25.44
O015723,P007,1,43.46
O015724,P006,1,23.32
O015725,P019,1,20.14
O015725,P022,1,57.24
O015725,P020,1,29.68
O015725,P007,1,43.46
O015726,P013,1,33.92
O015726,P006,1,23.32
O015727,P018,1,25.44
O015728,P018,1,25.44
O015729,P006,1,23.32
O015729,P022,1,57.24
O015729,P016,1,38.16
O015729,P020,1,29.68
O015730,P011,1,58.3
O015731,P019,1,20.14
O015732,P011,1,58.3
O015732,P018,1,25.44
O015732,P003,1,94.34
O015732,P021,1,65.72
O015733,P004,1,67.84
O015733,P003,1,94.34
O015733,P017,1,61.48
O015734,P001,3,136.74
O015734,P015,1,80.56
O015734,P021,1,65.72
O015735,P001,1,136.74
O015735,P006,2,23.32
O015736,P014,1,125.08
O015736,P006,1,23.32
O015737,P022,1,57.24
O015738,P004,3,67.84
O015738,P021,1,65.72
O015739,P005,1,50.88
O015740,P007,1,43.46
O015741,P013,1,33.92
O015742,P007,2,43.46
O015742,P005,1,50.88
O015743,P015,1,80.56
O015744,P012,1,21.2
O015744,P013,1,33.92
O015745,P006,1,23.32
O015745,P007,1,43.46
O015746,P007,1,43.46
O015747,P005,1,50.88
O015748,P007,1,43.46
O015749,P005,1,50.88
O015750,P004,1,67.84
O015751,P021,1,65.72
O015752,P010,1,41.34
O015753,P021,1,65.72
O015754,P005,1,50.88
O015754,P011,1,58.3
O015755,P018,1,25.44
O015756,P022,1,57.24
O015756,P021,1,65.72
O015756,P018,1,25.44
O015756,P015,2,80.56
O015757,P021,1,65.72
O015757,P017,1,61.48
O015757,P006,1,23.32
O015757,P005,1,50.88
O015758,P014,1,125.08
O015759,P007,1,43.46
O015759,P019,1,20.14
O015760,P021,3,65.72
O015760,P010,1,41.34
O015760,P009,1,37.1
O015761,P022,1,57.24
O015761,P007,2,43.46
O015761,P010,1,41.34
O015762,P019,1,20.14
O015762,P006,1,23.32
O015763,P021,1,65.72
O015763,P006,1,23.32
O015764,P013,1,33.92
O015765,P013,1,33.92
O015765,P008,1,76.32
O015765,P005,1,50.88
O015766,P017,1,61.48
O015766,P004,1,67.84
O015767,P009,1,37.1
O015767,P007,1,43.46
O015768,P018,1,25.44
O015769,P019,1,20.14
O015770,P005,1,50.88
O015771,P011,1,58.3
O015771,P016,1,38.16
O015772,P021,1,65.72
O015772,P005,2,50.88
O015773,P007,1,43.46
O015774,P014,1,125.08
O015774,P005,1,50.88
O015774,P007,1,43.46
O015775,P005,1,50.88
O015776,P007,1,43.46
O015776,P019,1,20.14
O015777,P014,2,125.08
O015778,P022,1,57.24
O015779,P010,1,41.34
O015780,P007,1,43.46
O015780,P010,2,41.34
O015781,P006,3,23.32
O015781,P010,2,41.34
O015782,P023,1,103.88
O015782,P018,1,25.44
O015783,P018,1,25.44
O015784,P005,1,50.88
O015785,P005,1,50.88
O015786,P007,1,43.46
O015787,P022,2,57.24
O015787,P021,1,65.72
O015787,P006,1,23.32
O015788,P007,1,43.46
O015788,P009,1,37.1
O015789,P013,1,33.92
O015790,P013,1,33.92
O015791,P006,1,23.32
O015792,P013,2,33.92
O015792,P011,1,58.3
O015793,P007,1,43.46
O015794,P003,2,94.34
O015794,P011,2,58.3
O015794,P017,1,61.48
O015794,P005,1,50.88
O015795,P006,1,23.32
O015796,P022,1,57.24
O015796,P007,1,43.46
O015796,P023,1,103.88
O015796,P018,1,25.44
O015797,P009,2,37.1
O015797,P010,1,41.34
O015798,P010,1,41.34
O015799,P011,1,58.3
O015800,P013,2,33.92
O015801,P020,1,29.68
O015802,P006,1,23.32
O015802,P013,1,33.92
O015803,P007,1,43.46
O015804,P015,1,80.56
O015805,P019,1,20.14
O015805,P012,1,21.2
O015805,P013,1,33.92
O015806,P020,1,29.68
O015807,P016,3,38.16
O015807,P005,1,50.88
O015808,P013,1,33.92
O015809,P011,2,58.3
O015810,P013,3,33.92
O015810,P018,2,25.44
O015811,P023,1,103.88
O015811,P013,2,33.92
O015812,P005,1,50.88
O015812,P018,1,25.44
O015813,P009,2,37.1
O015813,P021,2,65.72
O015814,P007,1,43.46
O015814,P005,1,50.88
O015815,P021,2,65.72
O015816,P003,1,94.34
O015817,P009,1,37.1
O015817,P021,1,65.72
O015818,P018,1,25.44
O015818,P007,3,43.46
O015819,P009,2,37.1
O015820,P013,1,33.92
O015820,P001,2,136.74
O015820,P006,1,23.32
O015821,P006,1,23.32
O015821,P017,1,61.48
O015822,P013,1,33.92
O015823,P005,1,50.88
O015823,P010,1,41.34
O015823,P006,1,23.32
O015824,P020,1,29.68
O015824,P013,1,33.92
O015825,P005,1,50.88
O015825,P006,1,23.32
O015826,P009,1,37.1
O015827,P013,1,33.92
O015827,P019,1,20.14
O015828,P011,1,58.3
O015828,P021,3,65.72
O015829,P001,2,136.74
O015830,P013,1,33.92
O015831,P015,1,80.56
O015832,P006,2,23.32
O015833,P013,1,33.92
O015833,P018,1,25.44
O015834,P007,1,43.46
O015834,P006,2,23.32
O015835,P021,1,65.72
O015835,P011,1,58.3
O015836,P006,3,23.32
O015836,P018,1,25.44
O015837,P013,1,33.92
O015837,P016,1,38.16
O015837,P006,3,23.32
O015838,P005,1,50.88
O015839,P011,1,58.3
O015840,P006,1,23.32
O015841,P018,1,25.44
O015842,P013,1,33.92
O015843,P016,2,38.16
O015844,P005,1,50.88
O015845,P022,3,57.24
O015845,P021,1,65.72
O015846,P020,1,29.68
O015847,P006,1,23.32
O015847,P019,1,20.14
O015848,P013,2,33.92
O015849,P010,1,41.34
O015850,P005,1,50.88
O015851,P016,1,38.16
O015852,P006,1,23.32
O015853,P015,1,80.56
O015853,P005,1,50.88
O015853,P009,1,37.1
O015854,P019,1,20.14
O015854,P011,1,58.3
O015854,P006,1,23.32
O015854,P016,3,38.16
O015855,P006,1,23.32
O015856,P009,1,37.1
O015857,P006,1,23.32
O015858,P017,2,61.48
O015858,P006,1,23.32
O015858,P005,1,50.88
O015859,P006,1,23.32
O015860,P018,1,25.44
O015860,P011,1,58.3
O015861,P013,1,33.92
O015862,P018,1,25.44
O015863,P016,1,38.16
O015864,P014,3,125.08
O015864,P008,1,76.32
O015864,P011,1,58.3
O015865,P013,1,33.92
O015866,P020,1,29.68
O015866,P013,1,33.92
O015866,P011,1,58.3
O015867,P006,1,23.32
O015868,P019,1,20.14
O015868,P013,1,33.92
O015868,P006,1,23.32
O015869,P003,1,94.34
O015869,P011,1,58.3
O015870,P022,1,57.24
O015871,P012,1,21.2
O015872,P013,1,33.92
O015873,P017,1,61.48
O015874,P018,1,25.44
O015874,P006,1,23.32
O015874,P014,1,125.08
O015875,P007,1,43.46
O015876,P022,1,57.24
O015876,P010,1,41.34
O015876,P013,1,33.92
O015877,P011,1,58.3
O015877,P021,2,65.72
O015878,P015,1,80.56
O015878,P011,1,58.3
O015879,P010,1,41.34
O015880,P006,1,23.32
O015880,P011,1,58.3
O015880,P005,1,50.88
O015881,P013,3,33.92
O015881,P020,1,29.68
O015881,P009,1,37.1
O015882,P005,1,50.88
O015883,P005,2,50.88
O015884,P008,1,76.32
O015884,P018,1,25.44
O015885,P009,1,37.1
O015885,P002,1,179.14
O015885,P006,1,23.32
O015885,P011,1,58.3
O015886,P019,1,20.14
O015886,P017,1,61.48
O015886,P018,1,25.44
O015886,P013,1,33.92
O015887,P011,1,58.3
O015887,P013,1,33.92
O015888,P008,2,76.32
O015888,P006,2,23.32
O015889,P019,1,20.14
O015890,P012,1,21.2
O015891,P020,2,29.68
O015892,P022,1,57.24
O015892,P016,1,38.16
O015893,P013,1,33.92
O015894,P015,1,80.56
O015894,P012,1,21.2
O015894,P016,1,38.16
O015894,P021,1,65.72
O015895,P022,1,57.24
O015896,P021,1,65.72
O015897,P011,2,58.3
O015898,P018,2,25.44
O015899,P009,2,37.1
O015899,P007,1,43.46
O015899,P011,1,58.3
O015900,P009,1,37.1
O015901,P005,1,50.88
O015901,P022,1,57.24
O015902,P021,2,65.72
O015903,P006,2,23.32
O015903,P017,1,61.48
O015904,P014,1,125.08
O015904,P005,1,50.88
O015905,P014,1,125.08
O015906,P022,1,57.24
O015906,P020,1,29.68
O015906,P016,1,38.16
O015906,P005,1,50.88
O015907,P011,1,58.3
O015908,P018,1,25.44
O015908,P005,1,50.88
O015909,P021,1,65.72
O015909,P018,1,25.44
O015910,P013,2,33.92
O015910,P016,1,38.16
O015910,P012,1,21.2
O015910,P018,2,25.44
O015911,P005,1,50.88
O015911,P011,1,58.3
O015912,P005,2,50.88
O015913,P011,1,58.3
O015914,P023,1,103.88
O015915,P016,1,38.16
O015916,P006,2,23.32
O015916,P020,1,29.68
O015917,P017,1,61.48
O015918,P021,1,65.72
O015918,P022,2,57.24
O015919,P011,1,58.3
O015919,P018,1,25.44
O015919,P022,2,57.24
O015920,P010,1,41.34
O015920,P018,1,25.44
O015921,P018,1,25.44
O015921,P006,1,23.32
O015922,P019,2,20.14
O015923,P019,1,20.14
O015924,P006,1,23.32
O015925,P019,1,20.14
O015925,P013,1,33.92
O015925,P005,1,50.88
O015926,P023,1,103.88
O015926,P018,1,25.44
O015927,P021,1,65.72
O015928,P007,1,43.46
O015929,P010,1,41.34
O015930,P018,1,25.44
O015930,P011,1,58.3
O015930,P006,1,23.32
O015931,P014,1,125.08
O015932,P018,1,25.44
O015933,P020,1,29.68
O015934,P019,1,20.14
O015934,P018,1,25.44
O015935,P016,1,38.16
O015936,P018,1,25.44
O015936,P006,1,23.32
O015936,P013,1,33.92
O015937,P011,1,58.3
O015938,P021,1,65.72
O015938,P007,1,43.46
O015938,P005,1,50.88
O015939,P016,2,38.16
O015940,P019,1,20.14
O015940,P010,1,41.34
O015941,P013,2,33.92
O015942,P022,1,57.24
O015942,P005,1,50.88
O015942,P020,1,29.68
O015942,P021,1,65.72
O015943,P005,3,50.88
O015944,P020,1,29.68
O015945,P011,1,58.3
O015946,P021,1,65.72
O015947,P005,1,50.88
O015948,P013,1,33.92
O015948,P018,2,25.44
O015949,P011,1,58.3
O015950,P021,1,65.72
O015951,P005,1,50.88
O015952,P009,2,37.1
O015953,P023,1,103.88
O015953,P006,1,23.32
O015954,P013,1,33.92
O015954,P005,2,50.88
O015955,P022,1,57.24
O015955,P020,1,29.68
O015955,P017,1,61.48
O015956,P023,1,103.88
O015957,P009,1,37.1
O015957,P004,1,67.84
O015957,P006,2,23.32
O015958,P006,1,23.32
O015959,P001,1,136.74
O015959,P005,1,50.88
O015960,P021,1,65.72
O015961,P005,2,50.88
O015961,P007,1,43.46
O015962,P019,1,20.14
O015963,P021,1,65.72
O015964,P011,1,58.3
O015965,P015,1,80.56
O015965,P006,1,23.32
O015966,P016,1,38.16
O015967,P018,1,25.44
O015968,P006,1,23.32
O015968,P022,1,57.24
O015968,P018,1,25.44
O015969,P021,1,65.72
O015969,P013,1,33.92
O015970,P016,1,38.16
O015970,P006,1,23.32
O015971,P019,1,20.14
O015971,P014,1,125.08
O015971,P005,1,50.88
O015972,P017,1,61.48
O015972,P006,1,23.32
O015973,P005,1,50.88
O015974,P006,1,23.32
O015974,P011,1,58.3
O015974,P007,1,43.46
O015975,P013,1,33.92
O015976,P018,1,25.44
O015977,P006,1,23.32
O015977,P021,1,65.72
O015978,P006,1,23.32
O015979,P014,1,125.08
O015979,P010,1,41.34
O015980,P013,1,33.92
O015981,P010,1,41.34
O015982,P005,1,50.88
O015982,P019,1,20.14
O015982,P002,3,179.14
O015983,P012,1,21.2
O015984,P006,2,23.32
O015984,P015,1,80.56
O015985,P013,1,33.92
O015985,P011,1,58.3
O015986,P021,1,65.72
O015987,P006,1,23.32
O015987,P017,1,61.48
O015988,P005,1,50.88
O015988,P004,2,67.84
O015989,P013,1,33.92
O015990,P013,1,33.92
O015991,P014,2,125.08
O015992,P011,1,58.3
O015993,P005,1,50.88
O015993,P006,2,23.32
O015994,P014,1,125.08
O015995,P007,1,43.46
O015996,P005,1,50.88
O015997,P013,2,33.92
O015997,P014,3,125.08
O015997,P005,1,50.88
O015998,P004,1,67.84
O015998,P014,1,125.08
O015999,P010,1,41.34
O015999,P014,1,125.08
O016000,P019,1,20.14
O016000,P007,2,43.46
O016001,P013,2,33.92
O016002,P011,1,58.3
O016003,P006,1,23.32
O016004,P013,1,33.92
O016005,P021,2,65.72
O016005,P006,1,23.32
O016005,P005,1,50.88
O016006,P001,1,136.74
O016006,P002,1,179.14
O016007,P013,1,33.92
O016008,P011,1,58.3
O016009,P006,3,23.32
O016009,P011,1,58.3
O016010,P013,1,33.92
O016011,P013,2,33.92
O016012,P011,1,58.3
O016013,P006,1,23.32
O016014,P007,1,43.46
O016014,P005,1,50.88
O016014,P011,1,58.3
O016015,P019,1,20.14
O016015,P006,1,23.32
O016016,P006,1,23.32
O016017,P022,2,57.24
O016017,P019,1,20.14
O016017,P014,2,125.08
O016018,P006,1,23.32
O016019,P010,1,41.34
O016019,P005,1,50.88
O016020,P006,1,23.32
O016020,P007,1,43.46
O016021,P020,2,29.68
O016022,P016,1,38.16
O016022,P013,1,33.92
O016023,P021,1,65.72
O016023,P004,1,67.84
O016024,P007,3,43.46
O016024,P018,1,25.44
O016024,P016,1,38.16
O016025,P018,1,25.44
O016026,P012,1,21.2
O016026,P006,1,23.32
O016026,P013,1,33.92
O016027,P005,1,50.88
O016028,P001,1,136.74
O016028,P020,1,29.68
O016029,P004,1,67.84
O016030,P006,2,23.32
O016031,P007,1,43.46
O016032,P009,1,37.1
O016033,P022,1,57.24
O016033,P007,1,43.46
O016034,P016,1,38.16
O016035,P006,1,23.32
O016036,P010,2,41.34
O016037,P004,1,67.84
O016037,P005,3,50.88
O016038,P005,1,50.88
O016039,P005,1,50.88
O016040,P019,3,20.14
O016040,P015,1,80.56
O016041,P005,1,50.88
O016041,P011,1,58.3
O016041,P010,2,41.34
O016042,P013,1,33.92
O016042,P005,1,50.88
O016043,P022,1,57.24
O016044,P005,1,50.88
O016044,P014,1,125.08
O016045,P020,1,29.68
O016045,P013,2,33.92
O016045,P016,1,38.16
O016045,P009,1,37.1
O016046,P013,1,33.92
O016047,P019,1,20.14
O016048,P013,1,33.92
O016048,P018,1,25.44
O016049,P011,1,58.3
O016049,P021,1,65.72
O016050,P018,1,25.44
O016051,P004,1,67.84
O016051,P021,2,65.72
O016052,P011,1,58.3
O016052,P022,1,57.24
O016053,P019,2,20.14
O016053,P007,1,43.46
O016054,P005,1,50.88
O016054,P013,1,33.92
O016055,P016,1,38.16
O016055,P022,1,57.24
O016055,P011,2,58.3
O016056,P020,1,29.68
O016056,P022,1,57.24
O016057,P013,2,33.92
O016058,P008,2,76.32
O016058,P022,1,57.24
O016059,P022,1,57.24
O016059,P019,1,20.14
O016060,P015,1,80.56
O016060,P018,1,25.44
O016060,P020,1,29.68
O016061,P010,2,41.34
O016062,P014,1,125.08
O016063,P006,1,23.32
O016064,P006,1,23.32
O016065,P018,1,25.44
O016066,P013,1,33.92
O016067,P005,1,50.88
O016068,P018,1,25.44
O016069,P018,1,25.44
O016070,P004,1,67.84
O016071,P014,1,125.08
O016072,P020,3,29.68
O016072,P022,1,57.24
O016073,P011,2,58.3
O016073,P017,1,61.48
O016073,P005,2,50.88
O016074,P007,1,43.46
O016074,P005,2,50.88
O016075,P007,1,43.46
O016076,P010,2,41.34
O016077,P017,1,61.48
O016078,P011,1,58.3
O016079,P013,1,33.92
O016080,P020,1,29.68
O016081,P018,2,25.44
O016082,P015,1,80.56
O016083,P022,2,57.24
O016084,P016,1,38.16
O016084,P019,1,20.14
O016084,P014,1,125.08
O016085,P005,1,50.88
O016086,P003,1,94.34
O016087,P011,1,58.3
O016087,P006,1,23.32
O016087,P022,1,57.24
O016088,P018,1,25.44
O016089,P015,1,80.56
O016090,P013,1,33.92
O016090,P020,1,29.68
O016091,P015,1,80.56
O016092,P011,1,58.3
O016093,P013,2,33.92
O016093,P007,1,43.46
O016093,P004,1,67.84
O016094,P016,2,38.16
O016094,P017,1,61.48
O016094,P007,3,43.46
O016095,P019,1,20.14
O016095,P004,1,67.84
O016095,P018,1,25.44
O016096,P020,1,29.68
O016097,P005,1,50.88
O016098,P006,1,23.32
O016099,P018,1,25.44
O016100,P006,1,23.32
O016101,P005,1,50.88
O016102,P007,2,43.46
O016102,P004,1,67.84
O016102,P021,1,65.72
O016103,P006,1,23.32
O016103,P009,1,37.1
O016104,P023,1,103.88
O016104,P012,1,21.2
O016105,P005,1,50.88
O016106,P005,1,50.88
O016106,P009,1,37.1
O016106,P016,1,38.16
O016107,P006,1,23.32
O016108,P014,1,125.08
O016109,P014,1,125.08
O016110,P012,1,21.2
O016110,P019,1,20.14
O016111,P018,1,25.44
O016111,P020,1,29.68
O016111,P001,1,136.74
O016111,P011,1,58.3
O016112,P023,1,103.88
O016112,P011,1,58.3
O016113,P005,1,50.88
O016114,P006,1,23.32
O016115,P016,1,38.16
O016116,P006,1,23.32
O016117,P005,2,50.88
O016118,P005,1,50.88
O016119,P011,2,58.3
O016119,P017,1,61.48
O016120,P019,1,20.14
O016121,P002,1,179.14
O016122,P021,1,65.72
O016123,P007,1,43.46
O016123,P022,1,57.24
O016124,P013,1,33.92
O016124,P006,1,23.32
O016125,P007,1,43.46
O016125,P009,1,37.1
O016126,P013,1,33.92
O016127,P014,1,125.08
O016127,P005,1,50.88
O016128,P011,2,58.3
O016129,P014,1,125.08
O016130,P018,1,25.44
O016130,P022,1,57.24
O016131,P010,1,41.34
O016132,P019,1,20.14
O016133,P006,1,23.32
O016134,P018,1,25.44
O016135,P020,2,29.68
O016136,P006,1,23.32
O016136,P005,1,50.88
O016136,P019,1,20.14
O016136,P022,2,57.24
O016137,P011,2,58.3
O016138,P011,1,58.3
O016139,P020,1,29.68
O016139,P016,1,38.16
O016140,P006,1,23.32
O016140,P012,1,21.2
O016141,P009,3,37.1
O016142,P005,1,50.88
O016142,P011,1,58.3
O016143,P011,1,58.3
O016143,P005,1,50.88
O016144,P011,1,58.3
O016145,P018,2,25.44
O016145,P007,1,43.46
O016146,P015,1,80.56
O016147,P010,2,41.34
O016148,P012,1,21.2
O016148,P011,1,58.3
O016149,P010,1,41.34
O016150,P006,1,23.32
O016151,P018,1,25.44
O016151,P005,1,50.88
O016152,P015,1,80.56
O016153,P011,1,58.3
O016153,P009,2,37.1
O016154,P016,1,38.16
O016154,P011,1,58.3
O016154,P005,1,50.88
O016154,P008,1,76.32
O016155,P014,1,125.08
O016156,P016,1,38.16
O016156,P006,1,23.32
O016157,P006,1,23.32
O016158,P020,1,29.68
O016158,P013,1,33.92
O016158,P007,1,43.46
O016159,P013,3,33.92
O016160,P007,1,43.46
O016161,P021,2,65.72
O016162,P021,1,65.72
O016163,P018,1,25.44
O016164,P007,1,43.46
O016165,P007,1,43.46
O016166,P006,1,23.32
O016166,P022,1,57.24
O016167,P010,1,41.34
O016168,P006,1,23.32
O016168,P019,1,20.14
O016168,P021,1,65.72
O016169,P009,1,37.1
O016170,P019,1,20.14
O016171,P022,1,57.24
O016172,P011,2,58.3
O016173,P016,1,38.16
O016174,P017,1,61.48
O016175,P013,1,33.92
O016175,P023,1,103.88
O016176,P018,1,25.44
O016176,P022,1,57.24
O016176,P016,1,38.16
O016177,P009,1,37.1
O016177,P005,1,50.88
O016178,P005,1,50.88
O016179,P005,1,50.88
O016180,P005,1,50.88
O016180,P009,1,37.1
O016181,P006,1,23.32
O016182,P006,1,23.32
O016183,P006,1,23.32
O016184,P019,1,20.14
O016185,P013,1,33.92
O016186,P012,1,21.2
O016186,P011,1,58.3
O016187,P006,1,23.32
O016187,P022,1,57.24
O016187,P007,1,43.46
O016187,P015,1,80.56
O016188,P014,1,125.08
O016188,P011,1,58.3
O016189,P018,1,25.44
O016190,P013,2,33.92
O016191,P005,1,50.88
O016192,P019,1,20.14
O016192,P010,1,41.34
O016193,P010,1,41.34
O016193,P011,1,58.3
O016193,P005,1,50.88
O016193,P016,2,38.16
O016194,P008,3,76.32
O016195,P011,1,58.3
O016196,P006,1,23.32
O016197,P010,1,41.34
O016198,P019,1,20.14
O016199,P011,1,58.3
O016199,P014,1,125.08
O016199,P018,1,25.44
O016200,P004,1,67.84
O016200,P023,1,103.88
O016201,P007,1,43.46
O016202,P013,1,33.92
O016202,P006,3,23.32
O016203,P010,1,41.34
O016204,P007,1,43.46
O016205,P021,1,65.72
O016205,P022,1,57.24
O016206,P018,1,25.44
O016207,P010,1,41.34
O016207,P016,1,38.16
O016208,P020,1,29.68
O016209,P021,1,65.72
O016210,P020,1,29.68
O016211,P020,1,29.68
O016212,P022,1,57.24
O016213,P015,1,80.56
O016213,P021,1,65.72
O016214,P013,1,33.92
O016214,P005,1,50.88
O016214,P021,1,65.72
O016215,P018,1,25.44
O016216,P018,1,25.44
O016216,P010,2,41.34
O016216,P015,1,80.56
O016217,P021,1,65.72
O016217,P018,1,25.44
O016218,P013,1,33.92
O016219,P004,1,67.84
O016220,P019,2,20.14
O016221,P018,1,25.44
O016222,P007,1,43.46
O016222,P005,1,50.88
O016222,P010,1,41.34
O016223,P021,1,65.72
O016223,P018,1,25.44
O016224,P023,1,103.88
O016225,P010,1,41.34
O016226,P023,1,103.88
O016226,P006,1,23.32
O016227,P021,1,65.72
O016228,P018,1,25.44
O016229,P006,1,23.32
O016230,P019,1,20.14
O016230,P018,1,25.44
O016231,P018,1,25.44
O016232,P015,1,80.56
O016233,P021,1,65.72
O016234,P013,1,33.92
O016235,P018,2,25.44
O016235,P009,1,37.1
O016236,P015,1,80.56
O016237,P001,1,136.74
O016237,P016,1,38.16
O016237,P011,1,58.3
O016238,P019,1,20.14
O016239,P013,1,33.92
O016240,P001,1,136.74
O016241,P006,1,23.32
O016241,P005,1,50.88
O016241,P002,2,179.14
O016242,P006,1,23.32
O016242,P014,1,125.08
O016243,P013,1,33.92
O016243,P010,2,41.34
O016244,P006,1,23.32
O016245,P004,1,67.84
O016245,P018,1,25.44
O016246,P005,1,50.88
O016247,P011,1,58.3
O016247,P007,1,43.46
O016247,P005,1,50.88
O016247,P006,1,23.32
O016248,P011,1,58.3
O016249,P005,2,50.88
O016250,P018,0,25.44
O016251,P014,1,125.08
O016252,P011,1,58.3
O016252,P006,1,23.32
O016253,P016,1,38.16
O016253,P008,1,76.32
O016254,P007,2,43.46
O016255,P010,1,41.34
O016255,P006,1,23.32
O016256,P016,1,38.16
O016257,P022,2,57.24
O016257,P020,3,29.68
O016258,P007,1,43.46
O016259,P011,1,58.3
O016260,P013,1,33.92
O016261,P018,1,25.44
O016262,P017,1,61.48
O016263,P019,1,20.14
O016263,P018,1,25.44
O016263,P001,2,136.74
O016264,P009,1,37.1
O016265,P004,1,67.84
O016266,P019,1,20.14
O016267,P005,1,50.88
O016268,P004,1,67.84
O016269,P020,1,29.68
O016269,P006,1,23.32
O016269,P010,1,41.34
O016270,P013,1,33.92
O016271,P022,1,57.24
O016272,P011,1,58.3
O016272,P008,1,76.32
O016273,P013,1,33.92
O016274,P006,3,23.32
O016275,P014,1,125.08
O016276,P021,1,65.72
O016277,P013,1,33.92
O016277,P014,2,125.08
O016278,P015,1,80.56
O016279,P016,2,38.16
O016280,P009,1,37.1
O016281,P021,1,65.72
O016282,P022,1,57.24
O016283,P007,1,43.46
O016283,P022,1,57.24
O016284,P011,1,58.3
O016284,P015,1,80.56
O016284,P018,1,25.44
O016285,P014,1,125.08
O016286,P021,1,65.72
O016286,P016,1,38.16
O016287,P019,1,20.14
O016288,P021,1,65.72
O016288,P007,1,43.46
O016289,P015,1,80.56
O016290,P018,2,25.44
O016290,P016,1,38.16
O016291,P005,1,50.88
O016292,P016,1,38.16
O016292,P019,1,20.14
O016292,P022,1,57.24
O016292,P003,1,94.34
O016293,P005,2,50.88
O016294,P006,1,23.32
O016294,P013,3,33.92
O016294,P007,2,43.46
O016295,P021,3,65.72
O016296,P007,1,43.46
O016297,P021,1,65.72
O016297,P006,1,23.32
O016297,P010,1,41.34
O016298,P015,1,80.56
O016299,P006,1,23.32
O016300,P011,1,58.3
O016300,P006,1,23.32
O016300,P005,1,50.88
O016301,P018,1,25.44
O016302,P018,1,25.44
O016303,P014,1,125.08
O016304,P022,1,57.24
O016305,P006,1,23.32
O016306,P006,1,23.32
O016306,P005,1,50.88
O016307,P011,1,58.3
O016308,P018,1,25.44
O016308,P001,1,136.74
O016309,P005,1,50.88
O016309,P008,1,76.32
O016310,P020,1,29.68
O016311,P003,2,94.34
O016312,P022,1,57.24
O016312,P013,1,33.92
O016312,P015,1,80.56
O016313,P005,1,50.88
O016313,P011,1,58.3
O016314,P021,1,65.72
O016315,P010,1,41.34
O016316,P013,1,33.92
O016316,P018,1,25.44
O016317,P001,3,136.74
O016318,P010,1,41.34
O016318,P013,1,33.92
O016319,P019,1,20.14
O016320,P005,1,50.88
O016321,P018,1,25.44
O016321,P006,1,23.32
O016322,P007,1,43.46
O016323,P006,3,23.32
O016323,P009,1,37.1
O016324,P020,1,29.68
O016325,P020,2,29.68
O016325,P005,1,50.88
O016326,P023,2,103.88
O016327,P018,1,25.44
O016328,P005,2,50.88
O016329,P022,1,57.24
O016329,P004,1,67.84
O016329,P009,1,37.1
O016330,P021,1,65.72
O016331,P006,1,23.32
O016332,P005,1,50.88
O016333,P005,2,50.88
O016334,P019,1,20.14
O016335,P009,1,37.1
O016335,P018,1,25.44
O016336,P006,1,23.32
O016336,P005,1,50.88
O016337,P007,1,43.46
O016338,P007,1,43.46
O016339,P018,1,25.44
O016340,P007,1,43.46
O016340,P013,1,33.92
O016341,P006,1,23.32
O016342,P018,1,25.44
O016342,P011,1,58.3
O016342,P015,1,80.56
O016342,P005,1,50.88
O016343,P018,2,25.44
O016344,P013,1,33.92
O016344,P010,2,41.34
O016345,P007,1,43.46
O016346,P021,1,65.72
O016347,P011,1,58.3
O016348,P005,1,50.88
O016348,P011,1,58.3
O016348,P022,1,57.24
O016348,P006,1,23.32
O016349,P006,1,23.32
O016349,P021,1,65.72
O016349,P013,1,33.92
O016349,P019,2,20.14
O016350,P021,1,65.72
O016351,P006,1,23.32
O016351,P014,1,125.08
O016351,P013,1,33.92
O016352,P010,1,41.34
O016353,P020,1,29.68
O016354,P014,1,125.08
O016354,P022,1,57.24
O016355,P018,1,25.44
O016355,P006,1,23.32
O016355,P013,1,33.92
O016356,P004,1,67.84
O016356,P007,1,43.46
O016357,P005,1,50.88
O016358,P021,1,65.72
O016358,P001,1,136.74
O016358,P022,1,57.24
O016359,P021,1,65.72
O016360,P018,1,25.44
O016360,P017,2,61.48
O016361,P015,1,80.56
O016361,P006,1,23.32
O016362,P005,1,50.88
O016363,P013,2,33.92
O016364,P011,1,58.3
O016365,P010,1,41.34
O016366,P018,1,25.44
O016366,P021,1,65.72
O016367,P013,1,33.92
O016368,P021,2,65.72
O016368,P011,2,58.3
O016369,P015,1,80.56
O016369,P019,1,20.14
O016369,P006,1,23.32
O016370,P018,1,25.44
O016371,P005,1,50.88
O016372,P021,1,65.72
O016373,P018,3,25.44
O016374,P021,1,65.72
O016375,P005,2,50.88
O016376,P015,1,80.56
O016376,P018,1,25.44
O016376,P022,1,57.24
O016377,P005,1,50.88
O016378,P014,2,125.08
O016379,P003,1,94.34
O016379,P021,1,65.72
O016380,P006,1,
O016380,P021,1,65.72
O016381,P022,1,57.24
O016381,P015,1,80.56
O016381,P004,1,67.84
O016382,P009,1,37.1
O016382,P017,1,61.48
O016383,P016,1,38.16
O016383,P021,1,65.72
O016384,P013,1,33.92
O016385,P020,1,29.68
O016385,P014,1,125.08
O016386,P009,1,37.1
O016387,P009,2,37.1
O016387,P019,2,20.14
O016387,P002,1,179.14
O016388,P005,2,50.88
O016388,P013,1,33.92
O016389,P015,2,80.56
O016390,P021,1,65.72
O016391,P009,1,37.1
O016392,P019,1,20.14
O016392,P018,1,25.44
O016393,P009,1,37.1
O016394,P007,1,43.46
O016395,P021,1,65.72
O016396,P021,1,65.72
O016397,P005,1,50.88
O016397,P006,1,23.32
O016398,P013,1,33.92
O016399,P009,1,37.1
O016400,P009,1,37.1
O016400,P003,1,94.34
O016401,P013,3,33.92
O016402,P022,1,57.24
O016403,P005,1,50.88
O016403,P021,1,65.72
O016404,P016,3,38.16
O016405,P011,1,58.3
O016406,P018,2,25.44
O016407,P015,1,80.56
O016408,P001,1,136.74
O016408,P016,1,38.16
O016409,P019,2,20.14
O016409,P021,1,65.72
O016410,P014,1,125.08
O016410,P011,0,58.3
O016411,P020,1,29.68
O016411,P015,2,80.56
O016411,P011,1,58.3
O016412,P004,1,67.84
O016412,P006,1,23.32
O016412,P013,1,33.92
O016413,P007,1,43.46
O016413,P016,1,38.16
O016414,P007,1,43.46
O016414,P022,1,57.24
O016414,P023,2,103.88
O016415,P005,2,50.88
O016415,P011,1,58.3
O016416,P015,1,80.56
O016416,P013,3,33.92
O016417,P018,1,25.44
O016417,P013,1,33.92
O016417,P009,3,37.1
O016418,P019,1,20.14
O016418,P018,1,25.44
O016418,P014,1,125.08
O016418,P007,1,43.46
O016419,P014,1,125.08
O016419,P006,1,23.32
O016420,P005,1,50.88
O016421,P017,1,61.48
O016422,P004,1,67.84
O016423,P005,1,50.88
O016423,P016,1,38.16
O016424,P006,1,23.32
O016425,P022,1,57.24
O016425,P010,1,41.34
O016426,P005,1,50.88
O016426,P023,1,103.88
O016427,P019,1,20.14
O016427,P007,1,43.46
O016428,P010,1,41.34
O016428,P013,1,33.92
O016428,P005,2,50.88
O016429,P019,1,20.14
O016429,P014,1,125.08
O016430,P016,1,38.16
O016431,P010,1,41.34
O016431,P018,2,25.44
O016431,P006,1,23.32
O016431,P022,1,57.24
O016432,P015,1,80.56
O016433,P007,1,43.46
O016434,P016,2,38.16
O016434,P011,1,58.3
O016435,P009,1,37.1
O016436,P005,1,50.88
O016436,P008,1,76.32
O016436,P009,1,37.1
O016437,P018,1,25.44
O016437,P022,2,57.24
O016438,P007,1,43.46
O016438,P011,1,58.3
O016439,P013,1,33.92
O016440,P021,1,65.72
O016441,P023,1,103.88
O016442,P008,1,76.32
O016442,P005,2,50.88
O016443,P014,2,125.08
O016444,P005,1,50.88
O016444,P014,1,125.08
O016445,P018,1,25.44
O016446,P005,1,50.88
O016447,P022,2,57.24
O016448,P011,1,58.3
O016449,P013,1,33.92
O016450,P021,1,65.72
O016451,P022,1,57.24
O016451,P015,1,80.56
O016452,P009,1,37.1
O016453,P005,1,50.88
O016454,P011,1,58.3
O016455,P021,1,65.72
O016456,P014,1,125.08
O016457,P005,1,50.88
O016457,P011,1,58.3
O016458,P013,1,33.92
O016459,P016,1,38.16
O016459,P005,1,50.88
O016459,P022,2,57.24
O016460,P006,1,23.32
O016460,P008,1,76.32
O016460,P011,1,58.3
O016461,P014,1,125.08
O016461,P022,1,57.24
O016461,P007,1,43.46
O016462,P019,1,20.14
O016462,P006,1,23.32
O016462,P022,1,57.24
O016463,P010,1,41.34
O016463,P020,2,29.68
O016464,P021,1,65.72
O016465,P006,1,23.32
O016465,P005,1,50.88
O016465,P013,3,33.92
O016466,P005,1,50.88
O016466,P013,1,33.92
O016466,P010,2,41.34
O016467,P007,1,43.46
O016468,P020,1,29.68
O016469,P019,1,20.14
O016469,P020,1,29.68
O016469,P005,1,50.88
O016470,P021,1,65.72
O016470,P019,1,20.14
O016470,P006,1,23.32
O016471,P019,1,20.14
O016471,P011,1,58.3
O016471,P013,2,33.92
O016472,P007,1,43.46
O016473,P006,1,23.32
O016474,P021,1,65.72
O016474,P005,1,50.88
O016475,P006,3,23.32
O016476,P013,3,33.92
O016477,P004,1,67.84
O016478,P006,1,23.32
O016478,P010,1,41.34
O016479,P022,1,57.24
O016479,P017,1,61.48
O016479,P018,1,25.44
O016480,P005,1,50.88
O016480,P021,1,65.72
O016481,P019,1,20.14
O016481,P010,1,41.34
O016481,P018,1,25.44
O016481,P007,1,43.46
O016482,P007,1,43.46
O016483,P019,1,20.14
O016483,P007,1,43.46
O016484,P011,1,58.3
O016484,P013,1,33.92
O016484,P018,1,25.44
O016485,P007,1,43.46
O016486,P013,1,33.92
O016487,P010,1,41.34
O016487,P016,1,38.16
O016487,P011,1,58.3
O016488,P006,1,23.32
O016488,P011,1,58.3
O016488,P007,1,43.46
O016489,P021,1,65.72
O016490,P011,1,58.3
O016490,P005,1,50.88
O016491,P006,1,23.32
O016491,P019,1,20.14
O016492,P022,1,57.24
O016493,P010,3,41.34
O016494,P018,1,25.44
O016495,P019,1,20.14
O016496,P010,1,41.34
O016497,P006,1,23.32
O016498,P013,1,33.92
O016498,P014,1,125.08
O016498,P007,1,43.46
O016498,P011,1,58.3
O016499,P006,1,23.32
O016499,P015,1,80.56
O016500,P019,1,20.14
O016501,P013,1,33.92
O016502,P007,1,43.46
O016502,P016,2,38.16
O016503,P006,1,23.32
O016504,P005,1,50.88
O016504,P021,1,65.72
O016505,P021,2,65.72
O016506,P011,1,58.3
O016506,P020,1,29.68
O016507,P022,1,57.24
O016508,P010,2,41.34
O016508,P022,2,57.24
O016509,P018,1,25.44
O016510,P007,1,43.46
O016510,P006,1,23.32
O016511,P005,1,50.88
O016512,P006,1,23.32
O016513,P023,1,103.88
O016514,P016,1,38.16
O016515,P021,1,65.72
O016515,P011,1,58.3
O016516,P005,1,50.88
O016517,P022,1,57.24
O016517,P019,1,20.14
O016518,P013,1,33.92
O016519,P017,1,61.48
O016520,P022,1,57.24
O016521,P019,1,20.14
O016521,P006,1,23.32
O016522,P018,1,25.44
O016522,P010,1,41.34
O016523,P015,1,80.56
O016523,P016,1,38.16
O016523,P017,1,61.48
O016524,P001,2,136.74
O016524,P010,1,41.34
O016524,P006,1,23.32
O016525,P011,1,58.3
O016526,P018,2,25.44
O016527,P022,1,57.24
O016528,P023,1,103.88
O016529,P018,1,25.44
O016529,P021,2,65.72
O016529,P013,1,33.92
O016530,P013,3,33.92
O016530,P012,1,21.2
O016530,P007,1,43.46
O016531,P018,1,25.44
O016532,P009,1,37.1
O016532,P016,1,38.16
O016532,P021,1,65.72
O016533,P005,1,50.88
O016534,P003,1,94.34
O016534,P004,1,67.84
O016535,P013,1,33.92
O016536,P013,1,33.92
O016537,P005,1,50.88
O016537,P015,3,80.56
O016538,P005,1,50.88
O016539,P003,1,94.34
O016540,P018,1,25.44
O016541,P015,1,80.56
O016542,P020,1,29.68
O016542,P010,1,41.34
O016543,P021,1,65.72
O016543,P022,1,57.24
O016544,P013,1,33.92
O016545,P003,1,94.34
O016545,P006,1,23.32
O016546,P015,2,80.56
O016547,P020,1,29.68
O016548,P005,1,50.88
O016548,P023,1,103.88
O016549,P006,1,23.32
O016549,P011,1,58.3
O016550,P018,1,25.44
O016551,P005,1,50.88
O016551,P010,1,41.34
O016552,P014,1,125.08
O016553,P011,1,58.3
O016554,P007,1,43.46
O016555,P016,1,38.16
O016556,P011,1,58.3
O016557,P022,2,57.24
O016557,P013,1,33.92
O016558,P006,1,23.32
O016558,P013,2,33.92
O016559,P018,1,25.44
O016559,P014,1,125.08
O016560,P011,1,58.3
O016560,P006,1,23.32
O016560,P019,2,20.14
O016561,P006,1,23.32
O016561,P020,1,29.68
O016561,P021,1,65.72
O016561,P010,1,41.34
O016562,P011,1,58.3
O016563,P007,1,43.46
O016564,P022,1,57.24
O016564,P004,1,67.84
O016564,P010,1,41.34
O016565,P009,1,37.1
O016565,P011,1,58.3
O016566,P014,1,125.08
O016566,P010,1,41.34
O016566,P011,2,58.3
O016566,P016,1,38.16
O016567,P015,1,80.56
O016567,P003,1,94.34
O016568,P019,1,20.14
O016569,P014,1,125.08
O016570,P003,1,94.34
O016571,P013,1,33.92
O016571,P011,1,58.3
O016572,P014,1,125.08
O016573,P005,1,50.88
O016573,P018,1,25.44
O016574,P011,1,58.3
O016574,P006,1,23.32
O016575,P014,1,125.08
O016575,P015,1,80.56
O016576,P010,1,41.34
O016576,P015,1,80.56
O016576,P018,1,25.44
O016577,P019,1,20.14
O016578,P018,2,25.44
O016578,P011,1,58.3
O016579,P006,1,23.32
O016579,P014,1,125.08
O016579,P019,2,20.14
O016580,P013,1,33.92
O016580,P009,1,37.1
O016581,P012,1,21.2
O016582,P020,1,29.68
O016582,P013,1,33.92
O016583,P013,2,33.92
O016583,P004,2,67.84
O016584,P017,1,61.48
O016585,P021,3,65.72
O016586,P016,1,38.16
O016587,P004,1,67.84
O016587,P013,1,33.92
O016587,P018,1,25.44
O016588,P021,3,65.72
O016588,P001,1,136.74
O016589,P006,1,23.32
O016589,P022,2,57.24
O016590,P022,2,57.24
O016590,P013,1,33.92
O016590,P007,1,43.46
O016590,P005,1,50.88
O016591,P014,1,125.08
O016592,P016,1,38.16
O016593,P011,1,58.3
O016594,P022,1,57.24
O016595,P021,3,65.72
O016596,P005,1,50.88
O016597,P006,1,23.32
O016598,P005,1,50.88
O016598,P006,1,23.32
O016598,P013,1,33.92
O016598,P001,1,136.74
O016599,P010,1,41.34
O016599,P016,1,38.16
O016600,P007,1,43.46
O016601,P008,1,76.32
O016602,P009,1,37.1
O016603,P006,1,23.32
O016604,P014,1,125.08
O016604,P020,1,29.68
O016605,P013,2,33.92
O016606,P007,1,43.46
O016607,P013,2,33.92
O016607,P010,1,41.34
O016608,P013,1,33.92
O016609,P015,1,80.56
O016610,P021,1,65.72
O016611,P018,1,25.44
O016611,P021,1,65.72
O016612,P007,1,43.46
O016612,P019,1,20.14
O016612,P009,1,37.1
O016613,P011,1,58.3
O016614,P006,1,23.32
O016614,P005,1,50.88
O016615,P013,1,33.92
O016616,P005,3,50.88
O016616,P013,1,33.92
O016617,P009,1,37.1
O016617,P023,2,103.88
O016617,P015,1,80.56
O016618,P013,1,33.92
O016619,P006,1,23.32
O016619,P015,1,80.56
O016620,P019,1,20.14
O016620,P016,1,38.16
O016620,P018,1,25.44
O016621,P023,1,103.88
O016622,P021,2,65.72
O016623,P012,1,21.2
O016624,P020,1,29.68
O016625,P022,1,57.24
O016625,P011,1,58.3
O016626,P006,1,23.32
O016626,P021,1,65.72
O016627,P020,1,29.68
O016627,P001,1,136.74
O016627,P015,1,80.56
O016627,P021,1,65.72
O016628,P019,1,20.14
O016628,P020,1,29.68
O016629,P022,1,57.24
O016629,P013,1,33.92
O016630,P016,1,38.16
O016630,P001,1,136.74
O016630,P006,1,23.32
O016631,P009,1,37.1
O016631,P019,1,20.14
O016632,P022,2,57.24
O016633,P021,2,65.72
O016633,P019,1,20.14
O016634,P021,1,65.72
O016635,P005,1,50.88
O016635,P013,1,33.92
O016635,P006,2,23.32
O016636,P006,1,23.32
O016636,P021,1,65.72
O016637,P009,1,37.1
O016637,P007,1,43.46
O016638,P007,2,43.46
O016639,P015,1,80.56
O016640,P019,1,20.14
O016640,P014,1,125.08
O016641,P013,1,33.92
O016641,P004,1,67.84
O016641,P005,1,50.88
O016641,P022,1,57.24
O016642,P004,1,67.84
O016642,P019,1,20.14
O016643,P006,1,23.32
O016643,P016,1,38.16
O016644,P022,1,57.24
O016644,P016,1,38.16
O016644,P001,1,136.74
O016645,P005,1,50.88
O016645,P015,2,80.56
O016645,P003,1,94.34
O016646,P017,1,61.48
O016646,P013,3,33.92
O016647,P009,1,37.1
O016648,P015,1,80.56
O016649,P019,1,20.14
O016650,P016,1,38.16
O016650,P001,1,136.74
O016651,P012,1,21.2
O016652,P006,1,23.32
O016653,P007,1,43.46
O016653,P005,1,50.88
O016654,P011,1,58.3
O016654,P006,1,23.32
O016654,P016,1,38.16
O016655,P015,1,80.56
O016656,P009,1,37.1
O016657,P005,1,50.88
O016658,P007,1,43.46
O016659,P001,1,136.74
O016659,P018,1,25.44
O016659,P005,1,50.88
O016659,P016,1,38.16
O016660,P007,1,43.46
O016661,P006,1,23.32
O016661,P021,1,65.72
O016661,P019,1,20.14
O016662,P021,2,65.72
O016662,P012,1,21.2
O016663,P006,1,23.32
O016663,P022,1,57.24
O016663,P012,1,21.2
O016664,P009,1,37.1
O016665,P019,2,20.14
O016665,P009,1,37.1
O016666,P020,1,29.68
O016667,P015,1,80.56
O016667,P007,1,43.46
O016667,P005,1,50.88
O016668,P019,1,20.14
O016669,P012,1,21.2
O016669,P008,1,76.32
O016669,P014,1,125.08
O016669,P006,2,23.32
O016670,P016,1,38.16
O016671,P016,1,38.16
O016671,P018,2,25.44
O016672,P007,1,43.46
O016672,P022,1,57.24
O016672,P011,1,58.3
O016672,P002,1,179.14
O016673,P021,1,65.72
O016673,P018,1,25.44
O016673,P001,1,136.74
O016673,P009,1,37.1
O016674,P007,2,43.46
O016674,P006,1,
O016674,P016,2,38.16
O016675,P006,2,23.32
O016675,P004,3,67.84
O016675,P005,1,50.88
O016676,P008,2,76.32
O016676,P017,1,61.48
O016677,P008,1,76.32
O016678,P018,1,25.44
O016678,P010,2,41.34
O016679,P005,2,50.88
O016679,P018,1,25.44
O016680,P019,1,20.14
O016681,P007,1,43.46
O016682,P016,2,38.16
O016682,P006,1,23.32
O016683,P020,2,29.68
O016684,P008,1,76.32
O016684,P009,1,37.1
O016684,P017,1,61.48
O016684,P007,1,43.46
O016685,P020,1,29.68
O016686,P006,1,23.32
O016686,P018,2,25.44
O016687,P013,1,33.92
O016688,P011,1,58.3
O016689,P017,1,61.48
O016690,P006,1,23.32
O016690,P011,1,58.3
O016691,P007,1,43.46
O016691,P012,1,21.2
O016691,P004,1,67.84
O016691,P006,1,23.32
O016692,P007,1,43.46
O016693,P016,1,38.16
O016694,P004,2,67.84
O016694,P019,1,20.14
O016695,P019,3,20.14
O016696,P006,1,23.32
O016697,P007,1,43.46
O016698,P003,1,94.34
O016698,P023,1,103.88
O016699,P005,1,50.88
O016699,P006,1,23.32
O016700,P008,1,76.32
O016701,P006,1,23.32
O016702,P011,1,58.3
O016702,P005,1,50.88
O016702,P015,1,80.56
O016702,P013,1,33.92
O016703,P023,1,103.88
O016704,P016,2,38.16
O016704,P007,1,43.46
O016705,P019,1,20.14
O016705,P021,1,65.72
O016706,P006,2,23.32
O016706,P016,1,38.16
O016707,P015,1,80.56
O016707,P009,1,37.1
O016708,P014,1,125.08
O016709,P018,1,25.44
O016710,P021,2,65.72
O016710,P012,1,21.2
O016711,P020,1,29.68
O016711,P017,1,61.48
O016712,P018,1,25.44
O016712,P005,1,50.88
O016712,P009,2,37.1
O016713,P009,1,37.1
O016713,P005,1,50.88
O016714,P021,2,65.72
O016715,P007,1,43.46
O016716,P016,3,38.16
O016717,P006,1,23.32
O016717,P021,2,65.72
O016718,P018,3,25.44
O016719,P013,1,33.92
O016719,P018,1,25.44
O016719,P017,1,61.48
O016719,P019,1,20.14
O016720,P022,1,57.24
O016720,P018,1,25.44
O016720,P006,1,23.32
O016720,P016,1,38.16
O016721,P013,1,33.92
O016722,P019,1,20.14
O016722,P009,1,37.1
O016723,P021,3,65.72
O016724,P013,1,33.92
O016724,P016,1,38.16
O016725,P014,1,125.08
O016725,P005,1,50.88
O016725,P018,1,25.44
O016726,P018,2,25.44
O016727,P015,1,80.56
O016728,P018,2,25.44
O016728,P019,2,20.14
O016729,P018,1,25.44
O016729,P015,2,80.56
O016729,P005,1,50.88
O016730,P015,1,80.56
O016731,P005,2,50.88
O016731,P011,1,58.3
O016732,P005,1,50.88
O016733,P020,1,29.68
O016734,P022,1,57.24
O016735,P004,1,67.84
O016735,P014,1,125.08
O016735,P006,1,23.32
O016736,P006,2,23.32
O016736,P013,1,33.92
O016737,P018,1,25.44
O016737,P016,2,38.16
O016737,P015,1,80.56
O016738,P018,2,25.44
O016739,P014,1,125.08
O016740,P004,2,67.84
O016740,P018,1,25.44
O016740,P005,1,50.88
O016741,P013,1,33.92
O016742,P005,1,50.88
O016743,P021,1,65.72
O016744,P016,1,38.16
O016745,P003,1,94.34
O016745,P006,1,23.32
O016746,P021,1,65.72
O016747,P014,1,125.08
O016747,P001,1,136.74
O016748,P006,1,23.32
O016749,P010,1,41.34
O016750,P013,1,33.92
O016750,P021,1,65.72
O016751,P016,1,38.16
O016752,P019,3,20.14
O016752,P022,1,57.24
O016753,P017,1,61.48
O016753,P015,1,80.56
O016754,P016,1,38.16
O016754,P021,1,65.72
O016755,P011,1,58.3
O016756,P005,1,50.88
O016757,P007,1,43.46
O016758,P019,1,20.14
O016759,P013,1,33.92
O016760,P005,1,50.88
O016760,P009,1,37.1
O016761,P006,1,23.32
O016761,P020,1,29.68
O016761,P005,1,50.88
O016762,P021,1,65.72
O016763,P007,1,43.46
O016764,P007,-1,43.46
O016765,P007,1,43.46
O016766,P011,1,58.3
O016767,P007,1,43.46
O016768,P021,1,65.72
O016769,P021,1,65.72
O016769,P006,1,23.32
O016770,P005,1,50.88
O016770,P006,1,23.32
O016770,P022,1,57.24
O016770,P019,1,20.14
O016771,P007,1,43.46
O016772,P018,1,25.44
O016773,P021,1,65.72
O016774,P022,1,57.24
O016775,P016,1,38.16
O016775,P018,1,25.44
O016775,P013,2,33.92
O016775,P011,1,58.3
O016776,P011,1,58.3
O016776,P005,2,50.88
O016776,P007,1,43.46
O016777,P007,1,43.46
O016777,P022,3,57.24
O016778,P011,1,58.3
O016779,P019,1,20.14
O016780,P013,1,33.92
O016781,P005,1,50.88
O016782,P006,1,23.32
O016783,P013,1,33.92
O016784,P022,2,57.24
O016785,P011,2,58.3
O016786,P019,1,20.14
O016787,P022,1,57.24
O016787,P021,1,65.72
O016788,P005,1,50.88
O016789,P018,1,25.44
O016790,P005,1,50.88
O016791,P022,1,57.24
O016792,P003,1,94.34
O016793,P022,1,57.24
O016793,P018,1,25.44
O016794,P017,1,61.48
O016795,P015,1,80.56
O016796,P016,1,38.16
O016797,P015,1,80.56
O016798,P010,1,41.34
O016799,P006,1,23.32
O016800,P019,1,20.14
O016801,P021,1,65.72
O016801,P018,1,25.44
O016801,P016,1,38.16
O016801,P005,1,50.88
O016802,P004,1,67.84
O016802,P017,1,61.48
O016803,P019,2,20.14
O016804,P006,1,23.32
O016805,P006,1,23.32
O016805,P021,1,65.72
O016806,P018,1,25.44
O016807,P010,1,41.34
O016808,P011,1,58.3
O016808,P013,1,33.92
O016809,P021,1,65.72
O016809,P003,1,94.34
O016809,P010,1,41.34
O016809,P011,1,58.3
O016810,P012,1,21.2
O016810,P004,1,67.84
O016811,P015,1,80.56
O016812,P011,1,58.3
O016813,P022,1,57.24
O016814,P007,1,43.46
O016814,P016,1,38.16
O016815,P018,1,25.44
O016816,P006,2,23.32
O016816,P014,2,125.08
O016817,P007,3,43.46
O016818,P019,2,20.14
O016819,P003,1,94.34
O016820,P006,2,23.32
O016821,P021,1,65.72
O016822,P015,1,80.56
O016822,P019,1,20.14
O016823,P019,1,20.14
O016823,P021,2,65.72
O016824,P013,1,33.92
O016824,P018,1,25.44
O016825,P006,1,23.32
O016826,P022,1,57.24
O016827,P006,1,23.32
O016828,P016,1,38.16
O016829,P018,1,25.44
O016829,P007,1,43.46
O016829,P005,1,50.88
O016830,P007,1,43.46
O016831,P006,1,23.32
O016831,P013,1,33.92
O016831,P019,1,20.14
O016832,P007,2,43.46
O016832,P014,2,125.08
O016833,P018,1,25.44
O016833,P005,2,50.88
O016833,P013,1,33.92
O016834,P006,1,23.32
O016835,P005,1,50.88
O016836,P018,1,25.44
O016836,P006,1,23.32
O016837,P001,1,136.74
O016838,P016,1,38.16
O016839,P006,2,23.32
O016840,P003,1,94.34
O016840,P010,1,41.34
O016840,P001,1,136.74
O016840,P018,1,25.44
O016841,P013,1,33.92
O016842,P004,1,67.84
O016843,P018,1,25.44
O016844,P010,1,41.34
O016845,P013,1,33.92
O016845,P019,2,20.14
O016846,P006,2,23.32
O016846,P003,1,94.34
O016847,P019,1,20.14
O016848,P015,1,80.56
O016848,P013,1,33.92
O016849,P017,1,61.48
O016850,P007,1,43.46
O016851,P019,1,20.14
O016851,P023,1,103.88
O016852,P018,1,25.44
O016853,P007,1,
O016854,P020,1,29.68
O016854,P011,1,58.3
O016855,P011,1,58.3
O016856,P018,1,25.44
O016856,P019,1,20.14
O016856,P021,1,65.72
O016857,P011,1,58.3
O016857,P018,1,25.44
O016857,P006,1,23.32
O016858,P013,2,33.92
O016859,P020,1,29.68
O016859,P016,1,38.16
O016860,P018,1,25.44
O016861,P008,1,76.32
O016862,P019,1,20.14
O016863,P022,1,57.24
O016864,P022,1,57.24
O016864,P018,2,25.44
O016865,P012,1,21.2
O016866,P005,1,50.88
O016866,P006,1,23.32
O016867,P013,1,33.92
O016868,P013,1,33.92
O016869,P003,1,94.34
O016869,P018,1,25.44
O016870,P008,2,76.32
O016871,P006,1,23.32
O016872,P016,1,38.16
O016872,P014,2,125.08
O016873,P019,1,20.14
O016873,P011,1,58.3
O016873,P021,1,65.72
O016873,P006,1,23.32
O016874,P006,1,23.32
O016874,P013,1,33.92
O016874,P005,1,50.88
O016875,P006,1,23.32
O016876,P018,1,25.44
O016877,P019,2,20.14
O016878,P009,1,37.1
O016879,P006,1,23.32
O016879,P019,1,20.14
O016880,P003,1,94.34
O016881,P018,1,25.44
O016882,P011,1,58.3
O016883,P013,1,33.92
O016883,P015,1,80.56
O016883,P009,1,37.1
O016884,P018,3,25.44
O016885,P020,1,29.68
O016886,P013,1,33.92
O016887,P009,1,37.1
O016887,P023,1,103.88
O016888,P004,2,67.84
O016888,P021,3,65.72
O016889,P005,1,50.88
O016890,P021,2,65.72
O016891,P014,2,125.08
O016891,P006,1,23.32
O016891,P022,1,57.24
O016891,P005,1,50.88
O016892,P016,1,38.16
O016893,P016,1,38.16
O016893,P019,1,20.14
O016894,P020,1,29.68
O016894,P015,1,80.56
O016895,P005,1,50.88
O016895,P004,1,67.84
O016895,P021,1,65.72
O016896,P016,2,38.16
O016896,P007,1,43.46
O016896,P010,2,41.34
O016896,P006,1,23.32
O016897,P009,1,37.1
O016897,P018,2,25.44
O016898,P020,1,29.68
O016899,P018,1,25.44
O016900,P015,1,80.56
O016900,P005,1,50.88
O016900,P009,1,37.1
O016901,P018,1,25.44
O016902,P011,1,58.3
O016903,P011,1,58.3
O016903,P008,1,76.32
O016904,P013,1,33.92
O016904,P009,1,37.1
O016905,P010,2,41.34
O016906,P005,1,50.88
O016907,P009,1,37.1
O016908,P015,1,80.56
O016909,P016,1,38.16
O016910,P006,1,23.32
O016910,P019,3,20.14
O016911,P006,1,23.32
O016912,P022,1,57.24
O016912,P021,1,65.72
O016912,P019,1,20.14
O016912,P012,1,21.2
O016913,P013,1,33.92
O016914,P011,1,58.3
O016915,P018,1,25.44
O016915,P007,2,43.46
O016916,P018,1,25.44
O016917,P021,1,65.72
O016917,P007,1,43.46
O016918,P007,2,43.46
O016919,P012,1,21.2
O016920,P006,1,23.32
O016920,P007,1,43.46
O016921,P018,1,25.44
O016921,P013,2,33.92
O016921,P005,1,50.88
O016922,P016,3,38.16
O016923,P016,1,
O016923,P018,1,25.44
O016924,P011,1,58.3
O016924,P019,3,20.14
O016925,P011,1,58.3
O016925,P017,1,61.48
O016925,P021,1,65.72
O016926,P012,1,21.2
O016926,P019,1,20.14
O016927,P005,1,50.88
O016928,P016,1,38.16
O016929,P021,1,65.72
O016930,P009,1,37.1
O016930,P006,3,23.32
O016930,P018,2,25.44
O016930,P019,1,20.14
O016931,P007,1,43.46
O016932,P017,1,61.48
O016932,P020,1,29.68
O016932,P004,1,67.84
O016933,P018,1,25.44
O016934,P023,2,103.88
O016934,P010,1,41.34
O016934,P007,1,43.46
O016935,P006,1,23.32
O016936,P013,1,33.92
O016937,P014,1,125.08
O016938,P021,1,65.72
O016938,P011,1,58.3
O016939,P006,1,23.32
O016939,P007,1,43.46
O016939,P011,2,58.3
O016940,P006,1,23.32
O016940,P010,1,41.34
O016940,P011,1,58.3
O016940,P009,2,37.1
O016941,P007,1,43.46
O016941,P019,1,20.14
O016941,P016,1,38.16
O016941,P006,1,23.32
O016942,P004,3,67.84
O016942,P018,1,25.44
O016943,P005,1,50.88
O016944,P007,1,43.46
O016945,P011,1,58.3
O016946,P001,2,136.74
O016947,P019,1,20.14
O016948,P023,1,103.88
O016949,P023,1,103.88
O016950,P016,1,38.16
O016951,P006,1,23.32
O016951,P021,1,65.72
O016952,P007,1,43.46
O016953,P010,3,41.34
O016954,P022,1,57.24
O016955,P006,1,23.32
O016955,P012,1,21.2
O016956,P011,1,58.3
O016957,P011,2,58.3
O016958,P021,1,65.72
O016958,P010,1,41.34
O016959,P012,1,21.2
O016960,P012,1,21.2
O016960,P021,1,65.72
O016961,P015,1,80.56
O016961,P007,1,43.46
O016962,P006,1,23.32
O016962,P017,1,61.48
O016963,P009,2,37.1
O016963,P005,1,50.88
O016964,P021,1,65.72
O016964,P012,2,21.2
O016965,P005,1,50.88
O016966,P021,1,65.72
O016967,P019,2,20.14
O016967,P011,1,58.3
O016968,P006,1,23.32
O016969,P016,1,38.16
O016970,P007,1,43.46
O016970,P020,1,29.68
O016971,P018,0,25.44
O016972,P017,1,61.48
O016972,P006,1,23.32
O016972,P021,1,65.72
O016973,P019,1,20.14
O016974,P018,1,25.44
O016975,P021,1,65.72
O016976,P006,1,23.32
O016977,P018,1,25.44
O016978,P016,1,38.16
O016979,P002,1,179.14
O016980,P010,1,41.34
O016981,P019,1,20.14
O016981,P021,1,65.72
O016981,P014,1,125.08
O016982,P020,1,29.68
O016983,P010,1,41.34
O016983,P008,1,76.32
O016984,P006,1,23.32
O016985,P019,1,20.14
O016986,P006,1,23.32
O016986,P016,1,38.16
O016987,P015,1,80.56
O016987,P007,1,43.46
O016988,P006,3,23.32
O016988,P010,1,41.34
O016988,P005,2,50.88
O016989,P010,2,41.34
O016990,P005,1,50.88
O016990,P007,1,43.46
O016991,P018,1,25.44
O016992,P005,1,50.88
O016993,P022,1,57.24
O016994,P015,1,80.56
O016995,P022,1,57.24
O016996,P014,1,125.08
O016997,P005,1,50.88
O016997,P019,1,20.14
O016998,P006,1,23.32
O016998,P021,1,65.72
O016998,P020,2,29.68
O016998,P005,1,50.88
O016999,P021,1,65.72
O016999,P010,2,41.34
O017000,P021,1,65.72
O017000,P003,1,94.34
O017001,P006,2,23.32
O017001,P002,1,179.14
O017002,P013,1,33.92
O017002,P005,2,50.88
O017003,P005,2,50.88
O017003,P010,1,41.34
O017004,P007,1,43.46
O017005,P005,1,50.88
O017006,P014,1,125.08
O017007,P012,1,21.2
O017007,P002,1,179.14
O017008,P006,1,23.32
O017009,P009,1,37.1
O017009,P011,1,58.3
O017009,P018,1,25.44
O017009,P012,3,21.2
O017010,P016,1,38.16
O017010,P013,2,33.92
O017010,P021,1,65.72
O017011,P009,1,37.1
O017011,P014,1,125.08
O017012,P011,2,58.3
O017013,P013,1,33.92
O017014,P019,3,20.14
O017014,P013,1,33.92
O017014,P022,1,57.24
O017014,P006,1,23.32
O017015,P009,1,37.1
O017016,P007,2,43.46
O017017,P007,1,43.46
O017017,P005,1,50.88
O017018,P007,1,43.46
O017019,P020,2,29.68
O017020,P021,1,65.72
O017020,P019,2,20.14
O017021,P013,1,33.92
O017022,P014,1,125.08
O017023,P018,1,25.44
O017023,P019,1,20.14
O017024,P016,1,38.16
O017024,P022,1,57.24
O017024,P006,1,23.32
O017024,P007,1,43.46
O017025,P007,1,43.46
O017026,P001,1,136.74
O017026,P006,1,23.32
O017026,P020,1,29.68
O017026,P007,1,43.46
O017027,P019,2,20.14
O017027,P022,1,57.24
O017028,P018,1,25.44
O017029,P013,1,33.92
O017030,P006,1,23.32
O017030,P018,1,25.44
O017030,P001,1,136.74
O017031,P020,1,29.68
O017031,P014,1,125.08
O017032,P013,1,33.92
O017032,P005,1,50.88
O017032,P003,1,94.34
O017032,P018,1,25.44
O017033,P019,1,20.14
O017033,P005,2,50.88
O017033,P011,1,58.3
O017034,P021,1,65.72
O017035,P015,1,80.56
O017036,P016,1,38.16
O017037,P021,1,65.72
O017037,P014,1,125.08
O017038,P010,1,41.34
O017039,P007,1,43.46
O017039,P013,1,33.92
O017039,P011,1,58.3
O017039,P009,1,
O017040,P013,1,33.92
O017041,P007,2,43.46
O017041,P021,1,65.72
O017042,P020,1,29.68
O017043,P021,1,65.72
O017043,P001,1,136.74
O017043,P022,1,57.24
O017044,P007,1,43.46
O017045,P018,1,25.44
O017045,P008,1,76.32
O017046,P021,1,65.72
O017047,P018,3,25.44
O017047,P016,1,38.16
O017048,P013,1,33.92
O017048,P005,2,50.88
O017048,P006,1,23.32
O017049,P021,1,65.72
O017049,P014,1,125.08
O017050,P020,1,29.68
O017051,P006,1,23.32
O017052,P002,1,179.14
O017052,P015,1,80.56
O017053,P002,1,179.14
O017053,P011,1,58.3
O017054,P021,1,65.72
O017054,P001,1,136.74
O017054,P013,1,33.92
O017055,P009,1,37.1
O017056,P021,1,65.72
O017056,P009,1,37.1
O017057,P006,1,23.32
O017057,P018,1,25.44
O017057,P008,1,76.32
O017058,P019,1,20.14
O017058,P013,2,33.92
O017058,P007,1,43.46
O017059,P005,1,50.88
O017060,P006,1,23.32
O017060,P013,1,33.92
O017060,P009,1,37.1
O017061,P009,1,37.1
O017062,P011,1,58.3
O017063,P020,1,29.68
O017064,P010,1,41.34
O017065,P005,1,50.88
O017065,P022,1,57.24
O017066,P017,1,61.48
O017066,P022,1,57.24
O017067,P005,1,50.88
O017067,P006,1,23.32
O017067,P016,1,38.16
O017068,P007,1,43.46
O017068,P010,1,41.34
O017068,P022,1,57.24
O017069,P010,2,41.34
O017070,P013,1,33.92
O017071,P001,2,136.74
O017072,P004,1,67.84
O017073,P005,1,50.88
O017074,P013,1,33.92
O017074,P015,1,80.56
O017075,P005,1,50.88
O017076,P001,1,136.74
O017076,P016,1,38.16
O017076,P021,2,65.72
O017077,P004,1,67.84
O017078,P009,1,37.1
O017078,P007,1,43.46
O017079,P018,1,25.44
O017080,P010,2,41.34
O017081,P018,1,25.44
O017082,P009,1,37.1
O017082,P021,1,65.72
O017082,P006,1,23.32
O017083,P019,1,20.14
O017083,P009,1,37.1
O017084,P016,1,38.16
O017085,P016,1,38.16
O017086,P005,1,50.88
O017087,P022,1,57.24
O017088,P022,1,57.24
O017089,P014,1,125.08
O017089,P018,1,25.44
O017089,P006,2,23.32
O017090,P022,2,57.24
O017091,P009,1,37.1
O017092,P023,1,103.88
O017092,P010,1,41.34
O017093,P021,1,65.72
O017093,P011,1,58.3
O017094,P021,1,65.72
O017095,P007,1,43.46
O017095,P016,2,38.16
O017095,P005,3,50.88
O017096,P005,2,50.88
O017097,P013,1,33.92
O017098,P010,1,41.34
O017099,P011,1,58.3
O017100,P021,1,65.72
O017101,P022,1,57.24
O017102,P009,1,37.1
O017103,P021,1,65.72
O017104,P013,1,33.92
O017105,P021,1,65.72
O017106,P011,2,58.3
O017107,P023,1,103.88
O017108,P006,1,23.32
O017109,P005,1,50.88
O017110,P006,1,23.32
O017111,P007,1,43.46
O017112,P006,1,23.32
O017113,P008,1,76.32
O017113,P018,1,25.44
O017114,P018,1,25.44
O017115,P011,2,58.3
O017116,P005,1,50.88
O017116,P006,3,23.32
O017117,P013,1,33.92
O017118,P023,1,103.88
O017119,P005,2,50.88
O017120,P021,2,65.72
O017120,P015,1,80.56
O017121,P001,1,136.74
O017122,P022,1,57.24
O017122,P006,1,23.32
O017123,P005,1,50.88
O017123,P015,1,80.56
O017123,P016,1,38.16
O017123,P009,2,37.1
O017124,P018,2,25.44
O017124,P021,1,65.72
O017125,P005,1,50.88
O017125,P004,1,67.84
O017125,P006,1,23.32
O017126,P009,2,37.1
O017127,P006,1,23.32
O017128,P021,1,65.72
O017129,P006,1,23.32
O017130,P013,2,33.92
O017131,P007,1,43.46
O017132,P018,1,25.44
O017133,P001,1,136.74
O017134,P004,1,67.84
O017135,P019,1,20.14
O017135,P022,1,57.24
O017136,P014,1,125.08
O017137,P023,1,103.88
O017138,P002,1,179.14
O017139,P020,1,29.68
O017140,P021,1,65.72
O017141,P020,1,29.68
O017142,P005,1,50.88
O017143,P021,1,65.72
O017144,P016,1,38.16
O017144,P010,1,41.34
O017145,P006,1,23.32
O017145,P015,1,80.56
O017146,P006,1,23.32
O017146,P009,1,37.1
O017147,P020,2,29.68
O017147,P011,2,58.3
O017147,P022,1,57.24
O017147,P006,1,23.32
O017148,P011,1,58.3
O017149,P018,2,25.44
O017149,P005,1,50.88
O017150,P005,1,50.88
O017150,P023,1,103.88
O017151,P005,1,50.88
O017151,P006,1,23.32
O017151,P014,1,125.08
O017152,P022,1,57.24
O017152,P016,1,38.16
O017152,P014,1,125.08
O017153,P005,1,50.88
O017153,P012,1,21.2
O017154,P014,1,125.08
O017154,P019,1,20.14
O017154,P006,1,23.32
O017155,P006,1,23.32
O017155,P011,1,58.3
O017155,P005,1,50.88
O017155,P007,2,43.46
O017156,P017,1,61.48
O017157,P011,1,58.3
O017158,P018,1,25.44
O017158,P021,1,65.72
O017158,P015,2,80.56
O017159,P018,1,25.44
O017159,P004,1,67.84
O017160,P021,1,65.72
O017160,P010,1,41.34
O017161,P022,1,57.24
O017162,P001,2,136.74
O017163,P021,1,65.72
O017163,P023,1,103.88
O017164,P011,1,58.3
O017165,P010,1,41.34
O017165,P005,1,50.88
O017166,P001,1,136.74
O017167,P018,2,25.44
O017168,P011,1,58.3
O017168,P006,1,23.32
O017168,P019,3,20.14
O017169,P012,1,21.2
O017170,P005,1,50.88
O017171,P015,1,80.56
O017172,P013,1,33.92
O017172,P018,1,25.44
O017173,P010,1,41.34
O017173,P015,2,80.56
O017174,P004,1,67.84
O017175,P021,1,65.72
O017176,P018,1,25.44
O017176,P006,1,23.32
O017177,P001,1,136.74
O017178,P007,1,43.46
O017179,P016,2,38.16
O017180,P009,1,37.1
O017181,P019,2,20.14
O017182,P012,1,21.2
O017182,P015,3,80.56
O017182,P007,2,43.46
O017183,P007,1,43.46
O017184,P007,1,43.46
O017184,P006,1,23.32
O017184,P005,1,50.88
O017185,P009,1,37.1
O017186,P006,1,23.32
O017187,P022,1,57.24
O017188,P014,2,125.08
O017188,P006,1,23.32
O017188,P021,2,65.72
O017189,P007,1,43.46
O017190,P013,1,33.92
O017190,P011,1,58.3
O017190,P022,1,57.24
O017191,P007,1,43.46
O017191,P004,1,67.84
O017191,P010,2,41.34
O017192,P007,2,43.46
O017193,P021,1,65.72
O017193,P014,1,125.08
O017194,P015,1,80.56
O017195,P020,2,29.68
O017195,P022,1,57.24
O017195,P005,1,50.88
O017195,P011,1,58.3
O017196,P015,1,
O017197,P006,1,23.32
O017197,P005,1,50.88
O017197,P011,1,58.3
O017197,P018,3,25.44
O017198,P002,2,179.14
O017198,P004,1,67.84
O017198,P007,1,43.46
O017199,P023,1,103.88
O017200,P018,1,25.44
O017201,P022,1,57.24
O017202,P021,1,65.72
O017202,P018,1,25.44
O017203,P023,1,103.88
O017204,P006,1,23.32
O017204,P001,1,136.74
O017205,P005,1,50.88
O017206,P019,2,20.14
O017206,P005,1,50.88
O017207,P018,1,25.44
O017208,P013,1,33.92
O017209,P002,1,179.14
O017209,P011,1,58.3
O017209,P013,1,33.92
O017209,P022,1,57.24
O017210,P013,1,33.92
O017210,P008,1,76.32
O017210,P019,1,20.14
O017211,P011,1,58.3
O017212,P010,1,41.34
O017213,P006,1,23.32
O017213,P021,1,65.72
O017214,P018,1,25.44
O017214,P006,1,23.32
O017215,P006,2,23.32
O017216,P006,1,23.32
O017216,P022,1,57.24
O017217,P010,1,41.34
O017217,P011,1,58.3
O017217,P019,1,20.14
O017218,P019,1,20.14
O017219,P012,1,21.2
O017220,P011,1,58.3
O017220,P015,1,80.56
O017220,P010,1,41.34
O017221,P016,1,38.16
O017221,P003,1,94.34
O017222,P012,1,21.2
O017223,P007,1,43.46
O017224,P006,1,23.32
O017225,P007,1,43.46
O017225,P015,2,80.56
O017226,P005,2,50.88
O017227,P009,1,37.1
O017227,P017,1,61.48
O017227,P001,1,136.74
O017228,P021,1,65.72
O017228,P005,1,50.88
O017229,P010,1,41.34
O017230,P006,2,23.32
O017231,P019,1,20.14
O017232,P008,1,76.32
O017232,P005,1,50.88
O017232,P004,2,67.84
O017232,P023,1,103.88
O017233,P011,1,58.3
O017233,P004,1,67.84
O017233,P010,1,41.34
O017234,P010,1,41.34
O017234,P023,3,103.88
O017235,P013,1,33.92
O017236,P006,1,23.32
O017237,P016,1,38.16
O017238,P001,1,136.74
O017239,P006,1,
O017240,P019,1,20.14
O017241,P010,1,41.34
O017241,P012,1,21.2
O017242,P016,1,38.16
O017242,P020,1,29.68
O017243,P011,1,58.3
O017244,P020,1,29.68
O017245,P001,2,136.74
O017246,P007,2,43.46
O017246,P004,1,67.84
O017247,P005,1,50.88
O017248,P019,1,20.14
O017248,P013,1,33.92
O017249,P003,1,94.34
O017250,P007,2,43.46
O017251,P013,1,33.92
O017251,P017,1,61.48
O017252,P012,1,21.2
O017253,P003,2,94.34
O017254,P021,1,65.72
O017254,P003,2,94.34
O017255,P006,1,23.32
O017256,P014,2,125.08
O017257,P005,1,50.88
O017257,P011,1,58.3
O017258,P007,2,43.46
O017258,P019,1,
O017259,P019,1,20.14
O017260,P011,1,58.3
O017260,P009,1,37.1
O017261,P007,1,43.46
O017261,P010,1,41.34
O017261,P014,1,125.08
O017261,P015,1,80.56
O017262,P001,1,136.74
O017262,P015,1,80.56
O017262,P006,1,23.32
O017263,P021,1,65.72
O017264,P019,1,20.14
O017265,P006,1,23.32
O017266,P011,1,58.3
O017266,P022,1,57.24
O017266,P013,1,33.92
O017267,P012,1,21.2
O017267,P009,1,37.1
O017267,P006,1,23.32
O017268,P006,2,23.32
O017269,P018,2,25.44
O017270,P021,1,65.72
O017271,P016,1,38.16
O017271,P021,2,65.72
O017272,P018,1,25.44
O017273,P012,1,21.2
O017273,P011,1,58.3
O017274,P022,1,57.24
O017275,P018,1,25.44
O017276,P018,1,25.44
O017277,P018,1,25.44
O017278,P018,1,25.44
O017278,P020,1,29.68
O017278,P013,1,33.92
O017279,P010,1,41.34
O017279,P022,2,57.24
O017279,P021,2,65.72
O017280,P016,1,38.16
O017280,P018,1,25.44
O017281,P020,1,29.68
O017282,P011,1,58.3
O017283,P004,1,67.84
O017284,P005,1,50.88
O017285,P004,1,67.84
O017285,P017,1,61.48
O017285,P005,1,50.88
O017286,P004,1,67.84
O017286,P018,1,25.44
O017286,P020,1,29.68
O017286,P012,1,21.2
O017287,P007,1,43.46
O017287,P013,0,33.92
O017287,P010,1,41.34
O017288,P005,1,
O017288,P007,1,43.46
O017289,P006,1,23.32
O017290,P010,1,41.34
O017291,P014,1,125.08
O017292,P018,1,25.44
O017293,P015,1,80.56
O017293,P005,1,50.88
O017294,P004,1,67.84
O017294,P007,1,43.46
O017295,P013,2,33.92
O017295,P005,2,50.88
O017296,P009,2,37.1
O017297,P015,3,80.56
O017297,P017,1,61.48
O017297,P006,2,23.32
O017298,P006,1,23.32
O017298,P019,1,20.14
O017299,P010,1,41.34
O017300,P013,1,33.92
O017301,P011,1,58.3
O017301,P021,1,65.72
O017302,P001,1,136.74
O017303,P018,1,25.44
O017304,P005,1,50.88
O017304,P008,1,76.32
O017305,P008,1,76.32
O017306,P011,1,58.3
O017307,P018,3,25.44
O017308,P011,1,58.3
O017308,P005,1,50.88
O017309,P019,1,20.14
O017310,P007,1,43.46
O017311,P020,1,29.68
O017312,P011,1,58.3
O017312,P002,1,179.14
O017313,P020,1,29.68
O017314,P013,1,33.92
O017314,P005,1,50.88
O017315,P006,1,23.32
O017316,P011,1,58.3
O017316,P018,1,25.44
O017317,P001,1,136.74
O017318,P013,1,33.92
O017318,P006,1,23.32
O017319,P012,1,21.2
O017320,P003,1,94.34
O017320,P019,1,20.14
O017321,P018,1,25.44
O017321,P004,2,67.84
O017322,P003,1,94.34
O017322,P018,2,25.44
O017323,P014,1,125.08
O017323,P007,1,43.46
O017323,P001,1,136.74
O017324,P017,1,61.48
O017324,P011,1,58.3
O017325,P006,1,23.32
O017325,P015,1,80.56
O017325,P005,1,50.88
O017326,P005,1,50.88
O017327,P015,3,80.56
O017328,P013,1,33.92
O017328,P014,1,125.08
O017328,P009,1,37.1
O017329,P015,1,80.56
O017330,P022,1,57.24
O017331,P013,1,33.92
O017331,P006,1,23.32
O017331,P019,1,20.14
O017332,P013,1,33.92
O017333,P018,1,25.44
O017334,P007,2,43.46
O017334,P020,1,29.68
O017335,P005,2,50.88
O017335,P002,2,179.14
O017335,P019,1,20.14
O017336,P003,1,94.34
O017337,P005,1,50.88
O017337,P016,1,38.16
O017338,P020,1,29.68
O017338,P007,1,43.46
O017338,P006,2,23.32
O017339,P018,1,25.44
O017340,P012,1,21.2
O017341,P013,1,33.92
O017342,P007,1,43.46
O017343,P011,1,58.3
O017344,P018,2,25.44
O017345,P002,1,179.14
O017345,P006,1,23.32
O017346,P018,3,25.44
O017346,P021,2,65.72
O017346,P014,1,125.08
O017347,P018,1,25.44
O017347,P015,1,80.56
O017348,P006,1,23.32
O017348,P010,1,41.34
O017349,P006,1,23.32
O017350,P005,1,50.88
O017350,P021,1,65.72
O017351,P022,3,57.24
O017352,P006,1,23.32
O017353,P019,2,20.14
O017354,P016,1,38.16
O017355,P018,1,25.44
O017356,P006,1,23.32
O017356,P018,1,25.44
O017357,P018,1,25.44
O017357,P006,1,23.32
O017358,P018,1,25.44
O017358,P022,1,57.24
O017359,P015,1,80.56
O017360,P004,1,67.84
O017361,P006,1,23.32
O017362,P001,1,136.74
O017363,P013,1,33.92
O017363,P018,1,25.44
O017363,P019,1,20.14
O017363,P011,1,58.3
O017364,P014,1,125.08
O017365,P006,1,23.32
O017365,P005,1,50.88
O017365,P013,2,33.92
O017366,P006,1,23.32
O017367,P006,1,23.32
O017368,P011,1,58.3
O017368,P019,1,20.14
O017369,P013,1,33.92
O017369,P007,1,43.46
O017369,P022,1,57.24
O017370,P017,1,61.48
O017370,P015,1,80.56
O017371,P011,1,58.3
O017371,P006,1,23.32
O017372,P016,1,38.16
O017373,P005,1,50.88
O017374,P018,1,25.44
O017374,P007,1,43.46
O017375,P011,1,58.3
O017376,P016,1,38.16
O017377,P022,3,57.24
O017377,P006,1,23.32
O017377,P010,-1,41.34
O017378,P014,1,125.08
O017378,P013,1,33.92
O017378,P016,1,38.16
O017378,P011,2,58.3
O017379,P006,1,23.32
O017380,P014,1,125.08
O017380,P012,1,21.2
O017381,P001,2,136.74
O017382,P016,1,38.16
O017382,P009,3,37.1
O017382,P006,1,23.32
O017383,P001,1,136.74
O017383,P003,1,94.34
O017384,P022,1,57.24
O017385,P014,1,125.08
O017386,P006,1,23.32
O017387,P013,1,33.92
O017388,P005,0,50.88
O017388,P016,1,38.16
O017389,P013,2,33.92
O017390,P020,3,29.68
O017390,P009,1,37.1
O017390,P013,3,33.92
O017391,P001,1,136.74
O017392,P006,1,23.32
O017393,P018,1,25.44
O017394,P001,1,136.74
O017394,P006,1,23.32
O017395,P006,1,23.32
O017396,P018,1,25.44
O017397,P015,1,80.56
O017397,P009,1,37.1
O017397,P019,1,20.14
O017398,P009,1,37.1
O017399,P018,1,25.44
O017399,P008,1,76.32
O017400,P004,1,67.84
O017401,P009,1,37.1
O017401,P023,1,103.88
O017402,P009,2,37.1
O017402,P007,1,43.46
O017403,P001,1,136.74
O017403,P018,1,25.44
O017403,P008,1,76.32
O017404,P021,1,65.72
O017404,P023,1,103.88
O017405,P011,1,58.3
O017405,P013,1,33.92
O017406,P006,1,23.32
O017407,P011,1,58.3
O017407,P015,1,80.56
O017407,P007,1,43.46
O017407,P006,1,23.32
O017408,P014,1,125.08
O017408,P020,1,29.68
O017409,P019,1,20.14
O017410,P016,1,38.16
O017410,P010,1,41.34
O017410,P011,1,58.3
O017410,P018,1,25.44
O017411,P016,1,38.16
O017411,P009,1,37.1
O017412,P005,1,50.88
O017412,P023,1,103.88
O017413,P001,1,136.74
O017414,P011,1,58.3
O017415,P005,1,50.88
O017416,P006,1,23.32
O017417,P021,1,65.72
O017418,P013,1,33.92
O017418,P018,2,25.44
O017419,P009,1,37.1
O017420,P022,1,57.24
O017421,P019,1,20.14
O017422,P013,1,33.92
O017423,P015,1,80.56
O017423,P019,2,20.14
O017424,P022,1,57.24
O017424,P001,1,136.74
O017424,P007,2,43.46
O017425,P022,1,57.24
O017426,P005,1,50.88
O017426,P007,1,43.46
O017427,P019,1,20.14
O017427,P015,1,80.56
O017427,P018,1,25.44
O017428,P009,1,37.1
O017428,P008,1,76.32
O017429,P007,1,43.46
O017430,P006,1,23.32
O017431,P019,1,20.14
O017432,P005,2,50.88
O017432,P011,3,58.3
O017433,P012,1,21.2
O017433,P005,1,50.88
O017434,P006,1,23.32
O017434,P007,1,43.46
O017434,P019,1,20.14
O017435,P022,1,57.24
O017436,P020,2,29.68
O017436,P013,1,33.92
O017436,P010,1,41.34
O017437,P021,1,65.72
O017438,P012,1,21.2
O017439,P023,2,103.88
O017439,P022,1,57.24
O017439,P013,1,33.92
O017440,P018,1,25.44
O017441,P007,1,43.46
O017441,P004,1,67.84
O017441,P012,1,21.2
O017441,P005,2,50.88
O017442,P018,1,25.44
O017443,P023,1,103.88
O017444,P010,1,41.34
O017445,P019,2,20.14
O017445,P009,1,37.1
O017446,P013,1,33.92
O017447,P016,1,38.16
O017447,P018,1,
O017448,P021,1,65.72
O017448,P007,2,43.46
O017448,P006,1,23.32
O017449,P013,2,33.92
O017449,P008,1,76.32
O017450,P003,1,94.34
O017451,P003,2,94.34
O017451,P014,1,125.08
O017452,P021,1,65.72
O017453,P015,1,80.56
O017454,P008,1,76.32
O017455,P005,3,50.88
O017456,P021,1,65.72
O017457,P004,1,67.84
O017457,P008,1,76.32
O017457,P005,1,50.88
O017457,P009,1,37.1
O017458,P018,1,25.44
O017459,P006,1,23.32
O017460,P014,1,125.08
O017461,P004,1,67.84
O017461,P013,1,33.92
O017462,P007,2,43.46
O017462,P017,1,61.48
O017462,P010,1,41.34
O017462,P009,1,37.1
O017463,P015,1,80.56
O017463,P020,1,29.68
O017463,P009,1,37.1
O017464,P016,1,38.16
O017465,P019,1,20.14
O017466,P006,1,23.32
O017466,P005,1,50.88
O017467,P005,2,50.88
O017467,P013,1,33.92
O017467,P012,1,21.2
O017468,P013,1,33.92
O017469,P013,1,33.92
O017470,P006,1,23.32
O017471,P015,1,80.56
O017472,P016,1,38.16
O017472,P005,1,50.88
O017473,P014,1,125.08
O017474,P006,1,23.32
O017474,P014,2,125.08
O017475,P001,-1,136.74
O017476,P006,1,23.32
O017477,P020,1,29.68
O017478,P016,1,38.16
O017479,P021,1,65.72
O017480,P007,1,43.46
O017480,P008,1,76.32
O017481,P022,2,57.24
O017482,P019,1,20.14
O017483,P018,1,25.44
O017484,P016,1,38.16
O017484,P021,1,65.72
O017485,P023,1,103.88
O017485,P003,1,94.34
O017485,P016,1,38.16
O017485,P011,1,58.3
O017486,P017,1,61.48
O017487,P016,1,38.16
O017487,P019,1,20.14
O017488,P016,1,38.16
O017489,P008,3,76.32
O017490,P022,1,57.24
O017491,P018,1,25.44
O017492,P006,1,23.32
O017493,P008,1,76.32
O017494,P014,1,125.08
O017495,P021,1,65.72
O017495,P020,1,29.68
O017495,P005,1,50.88
O017496,P006,1,23.32
O017497,P006,1,23.32
O017498,P022,1,57.24
O017498,P010,3,41.34
O017499,P001,3,136.74
O017500,P007,1,43.46
O017500,P014,1,125.08
O017501,P018,1,25.44
O017502,P013,1,33.92
O017502,P015,2,80.56
O017503,P015,1,80.56
O017503,P013,1,33.92
O017504,P008,1,76.32
O017505,P005,1,50.88
O017505,P014,1,125.08
O017506,P009,1,37.1
O017507,P006,1,23.32
O017508,P008,1,76.32
O017508,P014,1,125.08
O017508,P005,1,50.88
O017508,P010,1,41.34
O017509,P009,1,37.1
O017510,P023,1,103.88
O017511,P019,1,20.14
O017512,P017,1,61.48
O017512,P016,1,38.16
O017512,P020,1,29.68
O017513,P013,1,33.92
O017513,P016,1,38.16
O017513,P018,1,25.44
O017514,P011,1,58.3
O017514,P006,1,23.32
O017514,P021,1,65.72
O017515,P006,2,23.32
O017516,P018,2,25.44
O017517,P007,1,43.46
O017517,P008,1,76.32
O017518,P007,1,43.46
O017518,P013,1,33.92
O017519,P004,1,67.84
O017519,P017,1,61.48
O017520,P015,1,80.56
O017521,P013,1,33.92
O017521,P005,1,50.88
O017522,P016,3,38.16
O017523,P006,1,23.32
O017524,P013,1,33.92
O017524,P021,1,65.72
O017525,P004,1,67.84
O017526,P004,1,67.84
O017527,P017,1,61.48
O017527,P018,1,25.44
O017528,P006,1,23.32
O017529,P004,1,67.84
O017529,P012,1,21.2
O017530,P009,1,37.1
O017530,P007,2,43.46
O017531,P013,1,33.92
O017531,P021,1,65.72
O017532,P003,1,94.34
O017533,P011,3,58.3
O017533,P008,1,76.32
O017534,P021,2,65.72
O017535,P023,1,103.88
O017535,P010,1,41.34
O017535,P018,1,25.44
O017536,P018,2,25.44
O017537,P022,1,57.24
O017537,P005,1,50.88
O017538,P018,1,25.44
O017539,P015,2,80.56
O017539,P006,2,23.32
O017539,P021,1,65.72
O017540,P005,1,50.88
O017541,P021,1,65.72
O017542,P021,1,65.72
O017543,P006,1,23.32
O017544,P008,1,76.32
O017545,P017,1,61.48
O017546,P005,1,50.88
O017547,P010,1,41.34
O017547,P013,1,33.92
O017548,P007,1,43.46
O017548,P021,1,65.72
O017549,P018,1,25.44
O017549,P011,1,58.3
O017549,P006,1,23.32
O017549,P001,0,136.74
O017550,P008,1,76.32
O017551,P005,2,50.88
O017552,P006,3,23.32
O017552,P021,1,65.72
O017553,P008,1,76.32
O017554,P002,1,179.14
O017554,P018,1,25.44
O017555,P010,1,41.34
O017556,P021,1,65.72
O017557,P011,1,58.3
O017558,P004,1,67.84
O017558,P014,1,125.08
O017559,P004,1,67.84
O017560,P019,2,20.14
O017560,P018,1,25.44
O017561,P017,3,61.48
O017561,P006,1,23.32
O017561,P019,1,20.14
O017562,P005,1,50.88
O017563,P006,2,23.32
O017563,P018,1,25.44
O017564,P011,2,58.3
O017564,P010,2,41.34
O017565,P011,1,58.3
O017566,P011,1,58.3
O017567,P003,1,94.34
O017567,P013,1,33.92
O017568,P002,1,179.14
O017569,P019,1,20.14
O017570,P018,1,25.44
O017570,P014,1,125.08
O017571,P007,1,43.46
O017571,P001,2,136.74
O017572,P020,1,29.68
O017572,P001,1,136.74
O017572,P018,1,25.44
O017572,P022,1,57.24
O017573,P006,1,23.32
O017573,P012,1,21.2
O017573,P013,1,33.92
O017574,P020,1,29.68
O017575,P005,1,50.88
O017576,P019,2,20.14
O017577,P019,1,20.14
O017577,P009,1,37.1
O017577,P005,1,50.88
O017578,P004,1,67.84
O017579,P020,2,29.68
O017579,P003,2,94.34
O017580,P021,1,65.72
O017581,P018,1,25.44
O017582,P010,1,41.34
O017582,P015,1,80.56
O017582,P009,1,37.1
O017583,P020,1,29.68
O017584,P005,1,50.88
O017584,P018,1,25.44
O017584,P013,1,33.92
O017585,P014,1,125.08
O017586,P003,1,94.34
O017587,P007,1,43.46
O017587,P013,1,33.92
O017588,P013,2,33.92
O017589,P003,1,94.34
O017589,P005,1,50.88
O017590,P006,1,23.32
O017591,P019,1,20.14
O017592,P020,1,29.68
O017593,P013,1,33.92
O017594,P019,1,20.14
O017595,P002,1,179.14
O017595,P007,1,43.46
O017596,P010,2,41.34
O017596,P021,1,65.72
O017597,P006,1,23.32
O017598,P011,1,58.3
O017599,P021,1,65.72
O017599,P009,1,37.1
O017600,P017,1,61.48
O017600,P020,1,29.68
O017601,P007,1,43.46
O017602,P006,1,23.32
O017603,P003,1,94.34
O017603,P001,1,136.74
O017604,P012,2,21.2
O017604,P011,1,58.3
O017605,P015,1,80.56
O017606,P005,1,50.88
O017606,P021,1,65.72
O017607,P006,1,23.32
O017607,P009,1,37.1
O017607,P012,1,21.2
O017607,P021,1,65.72
O017608,P010,2,41.34
O017608,P006,2,23.32
O017608,P014,1,125.08
O017609,P022,1,57.24
O017609,P015,1,80.56
O017610,P009,1,37.1
O017610,P003,2,94.34
O017610,P005,1,50.88
O017611,P013,1,33.92
O017612,P005,1,50.88
O017613,P021,1,65.72
O017614,P018,1,25.44
O017615,P013,1,33.92
O017615,P020,1,29.68
O017616,P015,1,80.56
O017616,P007,1,43.46
O017617,P014,1,125.08
O017618,P004,1,67.84
O017619,P007,1,43.46
O017619,P020,1,29.68
O017620,P013,1,33.92
O017621,P010,1,41.34
O017622,P017,1,61.48
O017622,P003,1,94.34
O017623,P010,1,41.34
O017623,P016,1,38.16
O017624,P006,1,23.32
O017624,P019,1,20.14
O017624,P013,-1,33.92
O017625,P006,1,23.32
O017626,P019,1,20.14
O017627,P011,1,58.3
O017627,P019,3,20.14
O017628,P022,1,57.24
O017629,P015,1,80.56
O017630,P018,1,25.44
O017631,P006,2,23.32
O017632,P007,1,43.46
O017633,P016,1,38.16
O017634,P019,1,20.14
O017635,P006,1,23.32
O017636,P013,2,33.92
O017637,P015,1,80.56
O017637,P018,1,25.44
O017638,P007,1,43.46
O017639,P013,2,33.92
O017640,P023,1,103.88
O017641,P021,1,65.72
O017642,P021,2,65.72
O017643,P007,1,43.46
O017643,P016,1,38.16
O017643,P005,1,50.88
O017643,P003,2,94.34
O017644,P018,1,25.44
O017644,P006,1,23.32
O017645,P009,1,37.1
O017646,P001,1,136.74
O017647,P006,1,23.32
O017647,P014,1,125.08
O017648,P012,1,21.2
O017648,P018,1,25.44
O017649,P002,1,179.14
O017649,P018,1,25.44
O017650,P001,1,136.74
O017651,P019,1,20.14
O017651,P001,1,136.74
O017652,P006,1,23.32
O017652,P010,1,41.34
O017653,P019,1,20.14
O017653,P015,1,80.56
O017653,P004,1,67.84
O017654,P018,1,25.44
O017654,P019,2,20.14
O017655,P021,1,65.72
O017656,P007,2,43.46
O017657,P006,1,23.32
O017657,P019,1,20.14
O017658,P011,1,58.3
O017658,P004,1,67.84
O017659,P005,1,50.88
O017659,P016,1,38.16
O017660,P020,1,29.68
O017661,P006,1,23.32
O017662,P001,1,136.74
O017663,P006,2,23.32
O017664,P001,1,136.74
O017665,P018,1,25.44
O017665,P021,1,65.72
O017665,P005,1,50.88
O017666,P013,1,33.92
O017667,P021,2,65.72
O017667,P005,2,50.88
O017668,P006,1,23.32
O017668,P010,1,41.34
O017669,P011,2,58.3
O017669,P019,2,20.14
O017670,P015,1,80.56
O017671,P007,1,43.46
O017671,P018,2,25.44
O017672,P021,1,65.72
O017673,P017,1,61.48
O017673,P001,1,136.74
O017674,P013,1,33.92
O017675,P020,1,29.68
O017676,P011,1,58.3
O017677,P019,1,20.14
O017677,P021,3,65.72
O017677,P007,1,43.46
O017678,P018,1,25.44
O017678,P013,1,33.92
O017679,P019,1,20.14
O017679,P021,1,65.72
O017680,P021,1,65.72
O017681,P017,1,61.48
O017682,P006,1,23.32
O017683,P019,1,20.14
O017684,P002,1,179.14
O017685,P017,1,61.48
O017686,P016,1,38.16
O017687,P022,1,57.24
O017688,P012,1,21.2
O017689,P003,1,94.34
O017689,P021,1,65.72
O017690,P006,1,23.32
O017690,P002,1,179.14
O017690,P017,1,61.48
O017690,P016,2,38.16
O017691,P013,1,33.92
O017691,P021,1,65.72
O017691,P006,1,23.32
O017692,P004,1,67.84
O017693,P004,1,67.84
O017694,P019,1,20.14
O017695,P012,1,21.2
O017696,P019,1,20.14
O017697,P018,1,25.44
O017698,P022,1,57.24
O017699,P009,2,37.1
O017699,P001,2,136.74
O017699,P018,1,25.44
O017700,P014,1,125.08
O017701,P001,1,136.74
O017701,P011,1,58.3
O017701,P018,1,25.44
O017702,P018,1,25.44
O017702,P013,1,33.92
O017702,P009,1,37.1
O017702,P005,1,50.88
O017703,P013,1,33.92
O017703,P015,1,80.56
O017704,P004,1,67.84
O017704,P019,1,20.14
O017705,P017,1,61.48
O017705,P016,1,38.16
O017706,P018,1,25.44
O017707,P005,1,50.88
O017708,P021,1,65.72
O017709,P016,1,38.16
O017709,P006,2,23.32
O017710,P014,1,125.08
O017711,P007,1,43.46
O017712,P020,1,29.68
O017712,P019,1,20.14
O017713,P011,2,58.3
O017713,P015,1,80.56
O017714,P022,1,57.24
O017715,P018,3,25.44
O017715,P006,1,23.32
O017716,P005,1,50.88
O017717,P001,1,136.74
O017717,P014,1,125.08
O017717,P020,1,29.68
O017718,P006,1,23.32
O017718,P021,1,65.72
O017719,P014,1,125.08
O017719,P002,1,179.14
O017719,P016,3,38.16
O017720,P006,1,23.32
O017720,P005,1,50.88
O017720,P015,1,80.56
O017721,P011,1,58.3
O017721,P023,1,103.88
O017721,P012,1,21.2
O017721,P009,1,37.1
O017722,P015,1,80.56
O017722,P007,1,43.46
O017723,P020,1,29.68
O017724,P003,1,94.34
O017725,P006,1,23.32
O017725,P003,1,94.34
O017726,P001,1,136.74
O017727,P010,1,41.34
O017727,P021,3,65.72
O017727,P004,1,67.84
O017727,P013,1,33.92
O017728,P013,1,33.92
O017729,P008,1,76.32
O017730,P010,1,41.34
O017731,P019,1,20.14
O017731,P009,1,37.1
O017731,P014,1,125.08
O017731,P018,2,25.44
O017732,P019,1,20.14
O017733,P023,1,103.88
O017734,P007,1,43.46
O017735,P006,1,23.32
O017735,P016,1,38.16
O017736,P013,2,33.92
O017737,P023,1,103.88
O017738,P023,1,103.88
O017738,P014,1,125.08
O017739,P018,1,25.44
O017740,P020,1,29.68
O017740,P013,1,33.92
O017741,P016,-1,38.16
O017741,P005,1,50.88
O017742,P014,1,125.08
O017743,P010,1,41.34
O017744,P013,1,33.92
O017745,P011,1,58.3
O017745,P021,1,65.72
O017745,P013,2,33.92
O017746,P016,1,38.16
O017746,P011,1,58.3
O017747,P006,1,23.32
O017748,P018,1,25.44
O017748,P005,1,50.88
O017749,P001,1,136.74
O017750,P002,3,179.14
O017751,P016,1,38.16
O017752,P005,1,50.88
O017753,P013,1,33.92
O017754,P006,1,23.32
O017755,P018,1,25.44
O017756,P003,1,94.34
O017757,P010,1,41.34
O017758,P020,1,29.68
O017759,P012,1,21.2
O017759,P013,1,33.92
O017760,P007,1,43.46
O017760,P021,1,65.72
O017761,P012,1,21.2
O017761,P017,1,61.48
O017762,P020,1,29.68
O017762,P001,1,136.74
O017763,P002,1,179.14
O017764,P007,1,43.46
O017764,P022,2,57.24
O017765,P014,1,125.08
O017766,P013,1,33.92
O017767,P018,1,25.44
O017768,P021,1,65.72
O017768,P016,2,38.16
O017769,P010,1,41.34
O017769,P013,1,33.92
O017770,P007,1,43.46
O017771,P006,-1,23.32
O017771,P003,1,94.34
O017771,P005,2,50.88
O017772,P005,1,50.88
O017772,P004,1,67.84
O017773,P021,1,65.72
O017774,P001,1,136.74
O017775,P018,1,25.44
O017776,P013,1,33.92
O017777,P016,1,38.16
O017777,P005,1,50.88
O017777,P019,1,20.14
O017778,P023,2,103.88
O017779,P022,1,57.24
O017779,P006,1,23.32
O017780,P022,1,57.24
O017780,P006,1,23.32
O017781,P005,1,50.88
O017781,P002,1,179.14
O017782,P013,2,33.92
O017782,P001,1,136.74
O017783,P002,1,179.14
O017783,P015,2,80.56
O017784,P011,1,58.3
O017784,P013,1,33.92
O017784,P023,1,103.88
O017785,P009,1,37.1
O017786,P016,2,38.16
O017787,P002,1,179.14
O017787,P015,1,80.56
O017788,P018,1,25.44
O017788,P016,1,38.16
O017789,P020,2,29.68
O017789,P004,1,67.84
O017790,P016,1,38.16
O017791,P005,1,50.88
O017792,P013,1,33.92
O017793,P013,1,33.92
O017793,P020,1,29.68
O017793,P015,1,80.56
O017794,P016,1,38.16
O017795,P018,1,25.44
O017796,P013,2,33.92
O017797,P019,1,20.14
O017798,P020,2,29.68
O017799,P020,1,29.68
O017799,P022,1,57.24
O017800,P019,1,20.14
O017800,P002,3,179.14
O017801,P018,1,25.44
O017801,P014,1,125.08
O017802,P016,1,38.16
O017803,P009,1,37.1
O017804,P013,1,33.92
O017805,P010,1,41.34
O017806,P019,1,20.14
O017807,P004,1,67.84
O017808,P006,1,23.32
O017809,P016,1,38.16
O017810,P022,1,57.24
O017811,P012,2,21.2
O017812,P009,1,37.1
O017813,P009,1,37.1
O017814,P018,1,25.44
O017814,P016,1,38.16
O017815,P008,2,76.32
O017816,P010,1,41.34
O017817,P015,1,80.56
O017818,P016,1,38.16
O017819,P002,1,179.14
O017820,P013,1,33.92
O017821,P015,1,80.56
O017822,P013,1,33.92
O017822,P022,1,57.24
O017823,P016,1,38.16
O017824,P006,1,23.32
O017825,P017,1,61.48
O017826,P021,1,65.72
O017826,P018,1,25.44
O017827,P010,1,41.34
O017828,P013,1,33.92
O017828,P005,1,50.88
O017829,P013,1,33.92
O017830,P007,1,43.46
O017830,P001,1,136.74
O017831,P006,1,23.32
O017832,P015,2,80.56
O017833,P012,1,21.2
O017833,P007,1,43.46
O017834,P007,2,43.46
O017834,P017,1,61.48
O017834,P013,1,33.92
O017834,P002,1,179.14
O017835,P013,1,33.92
O017836,P009,1,37.1
O017837,P013,1,33.92
O017838,P019,1,20.14
O017838,P014,2,125.08
O017839,P018,1,25.44
O017840,P003,2,94.34
O017841,P013,1,33.92
O017842,P022,1,57.24
O017843,P014,1,125.08
O017843,P005,1,50.88
O017844,P016,1,38.16
O017845,P021,1,65.72
O017845,P015,1,80.56
O017846,P008,1,76.32
O017846,P017,1,61.48
O017846,P007,1,43.46
O017847,P015,1,80.56
O017847,P014,1,125.08
O017848,P015,1,80.56
O017848,P007,2,43.46
O017849,P009,1,37.1
O017850,P021,2,65.72
O017851,P011,1,58.3
O017852,P005,1,50.88
O017853,P009,2,37.1
O017854,P019,3,20.14
O017855,P006,1,23.32
O017856,P013,1,33.92
O017857,P010,1,41.34
O017857,P007,1,43.46
O017858,P004,1,67.84
O017858,P021,1,65.72
O017858,P010,1,41.34
O017858,P008,1,76.32
O017859,P011,3,58.3
O017860,P007,1,43.46
O017861,P006,1,23.32
O017862,P016,1,38.16
O017863,P001,1,136.74
O017863,P019,1,20.14
O017864,P010,1,41.34
O017865,P013,1,33.92
O017866,P015,1,80.56
O017867,P013,1,33.92
O017868,P019,1,20.14
O017869,P023,1,103.88
O017870,P021,1,65.72
O017871,P003,1,94.34
O017872,P002,1,179.14
O017872,P010,1,41.34
O017873,P007,1,43.46
O017874,P013,1,33.92
O017875,P004,1,67.84
O017876,P014,1,125.08
O017877,P017,1,61.48
O017878,P010,2,41.34
O017879,P021,1,65.72
O017879,P013,1,33.92
O017880,P019,1,20.14
O017881,P012,1,21.2
O017882,P022,2,57.24
O017882,P017,1,61.48
O017882,P010,1,41.34
O017883,P013,1,33.92
O017884,P021,2,65.72
O017884,P019,3,20.14
O017885,P010,1,41.34
O017885,P006,1,23.32
O017886,P010,1,41.34
O017886,P006,1,23.32
O017886,P004,1,67.84
O017886,P007,1,43.46
O017887,P011,3,58.3
O017888,P018,1,25.44
O017888,P010,1,41.34
O017889,P009,1,37.1
O017890,P006,1,23.32
O017891,P011,1,58.3
O017891,P006,1,23.32
O017891,P010,1,41.34
O017892,P008,1,76.32
O017892,P003,2,94.34
O017893,P020,3,29.68
O017893,P006,1,23.32
O017893,P011,1,58.3
O017894,P014,1,125.08
O017895,P016,1,38.16
O017895,P004,1,67.84
O017895,P018,1,25.44
O017895,P009,1,37.1
O017896,P006,1,23.32
O017897,P023,1,103.88
O017897,P006,1,23.32
O017898,P008,1,76.32
O017899,P005,3,50.88
O017900,P007,3,43.46
O017901,P018,2,25.44
O017902,P006,1,23.32
O017902,P015,2,80.56
O017903,P014,1,125.08
O017903,P010,1,41.34
O017904,P003,1,94.34
O017905,P005,1,50.88
O017906,P014,1,125.08
O017906,P011,1,58.3
O017907,P015,1,80.56
O017907,P018,1,25.44
O017907,P019,1,20.14
O017908,P014,1,125.08
O017909,P006,1,23.32
O017909,P015,1,80.56
O017910,P008,1,76.32
O017911,P020,1,29.68
O017912,P006,1,23.32
O017913,P002,1,179.14
O017914,P003,1,94.34
O017914,P009,1,37.1
O017914,P018,1,25.44
O017915,P021,1,65.72
O017916,P018,1,25.44
O017917,P013,1,33.92
O017918,P006,1,23.32
O017918,P009,1,37.1
O017919,P018,3,25.44
O017919,P021,1,65.72
O017919,P012,2,21.2
O017920,P002,1,179.14
O017921,P022,3,57.24
O017922,P019,1,20.14
O017922,P011,1,58.3
O017923,P022,2,57.24
O017924,P015,1,80.56
O017925,P010,1,41.34
O017925,P021,1,65.72
O017926,P004,2,67.84
O017927,P007,1,43.46
O017928,P009,1,37.1
O017929,P014,1,125.08
O017929,P021,1,65.72
O017930,P006,1,23.32
O017931,P019,1,20.14
O017932,P020,1,29.68
O017932,P019,1,20.14
O017933,P004,1,67.84
O017933,P017,1,61.48
O017934,P010,1,41.34
O017935,P012,1,21.2
O017936,P013,1,33.92
O017936,P006,1,23.32
O017936,P018,1,25.44
O017937,P009,2,37.1
O017938,P010,1,41.34
O017939,P009,1,37.1
O017939,P004,1,67.84
O017939,P006,1,23.32
O017940,P013,1,33.92
O017940,P007,1,43.46
O017940,P018,1,25.44
O017941,P019,1,20.14
O017942,P011,1,58.3
O017943,P011,1,58.3
O017944,P013,1,33.92
O017945,P006,1,23.32
O017946,P003,1,94.34
O017946,P013,1,33.92
O017947,P018,3,25.44
O017948,P017,1,61.48
O017948,P019,1,20.14
O017948,P021,2,65.72
O017949,P015,1,80.56
O017949,P023,1,103.88
O017950,P011,1,58.3
O017950,P013,2,33.92
O017951,P021,2,65.72
O017952,P018,1,25.44
O017952,P021,1,65.72
O017953,P008,2,76.32
O017953,P004,1,67.84
O017954,P012,1,21.2
O017955,P012,1,21.2
O017955,P001,1,136.74
O017955,P021,1,65.72
O017956,P013,1,33.92
O017957,P004,3,67.84
O017958,P004,1,67.84
O017959,P006,1,23.32
O017960,P018,1,25.44
O017960,P009,3,37.1
O017960,P020,1,29.68
O017961,P006,1,23.32
O017961,P013,1,33.92
O017961,P017,1,61.48
O017962,P023,3,103.88
O017963,P023,2,103.88
O017964,P019,1,20.14
O017965,P022,1,57.24
O017966,P004,2,67.84
O017966,P013,1,33.92
O017966,P012,1,21.2
O017966,P014,1,125.08
O017967,P001,1,136.74
O017967,P006,3,23.32
O017968,P006,1,23.32
O017968,P019,1,20.14
O017969,P022,1,57.24
O017970,P013,1,33.92
O017971,P007,1,43.46
O017971,P013,3,33.92
O017972,P017,1,61.48
O017973,P021,1,65.72
O017973,P023,1,103.88
O017973,P005,1,50.88
O017974,P006,1,23.32
O017975,P004,1,67.84
O017976,P022,1,57.24
O017976,P003,1,94.34
O017977,P016,2,38.16
O017977,P006,1,23.32
O017978,P009,1,37.1
O017979,P009,1,37.1
O017980,P013,1,33.92
O017981,P011,2,58.3
O017981,P008,2,76.32
O017981,P009,1,37.1
O017982,P003,1,94.34
O017982,P004,1,67.84
O017983,P013,1,33.92
O017984,P012,2,21.2
O017985,P006,1,23.32
O017986,P007,1,43.46
O017987,P016,2,38.16
O017988,P018,1,25.44
O017989,P012,1,21.2
O017989,P006,2,23.32
O017990,P013,1,33.92
O017990,P017,1,61.48
O017990,P015,2,80.56
O017991,P016,1,38.16
O017991,P005,1,50.88
O017992,P010,1,41.34
O017992,P002,1,179.14
O017992,P018,1,25.44
O017993,P010,1,41.34
O017994,P011,1,58.3
O017995,P008,1,76.32
O017996,P011,1,58.3
O017997,P017,1,61.48
O017997,P022,1,57.24
O017998,P007,1,43.46
O017999,P009,1,37.1
O017999,P007,2,43.46
O018000,P006,1,23.32
O018000,P018,1,25.44
O018001,P021,1,65.72
O018002,P005,1,50.88
O018002,P016,1,38.16
O018003,P009,1,37.1
O018004,P007,1,43.46
O018005,P005,2,50.88
O018005,P022,1,57.24
O018006,P016,1,38.16
O018007,P004,1,67.84
O018008,P010,1,41.34
O018008,P014,1,125.08
O018008,P011,2,58.3
O018009,P014,1,125.08
O018009,P006,2,23.32
O018009,P018,1,25.44
O018010,P005,1,50.88
O018010,P018,3,25.44
O018010,P009,1,37.1
O018010,P008,1,76.32
O018011,P019,1,20.14
O018012,P003,1,94.34
O018013,P005,2,50.88
O018014,P010,2,41.34
O018015,P018,1,25.44
O018016,P001,1,136.74
O018016,P011,1,58.3
O018017,P006,2,23.32
O018018,P005,1,50.88
O018018,P006,3,23.32
O018019,P018,1,25.44
O018020,P018,1,25.44
O018021,P009,2,37.1
O018021,P004,1,67.84
O018021,P018,1,25.44
O018022,P005,1,50.88
O018023,P016,1,38.16
O018023,P006,1,23.32
O018023,P012,1,21.2
O018023,P018,2,25.44
O018024,P006,1,23.32
O018024,P022,1,57.24
O018025,P005,1,50.88
O018026,P011,1,58.3
O018026,P006,1,23.32
O018027,P016,1,38.16
O018027,P006,1,23.32
O018028,P021,1,65.72
O018028,P014,1,125.08
O018028,P015,1,80.56
O018029,P023,1,103.88
O018030,P009,1,37.1
O018031,P016,1,38.16
O018032,P009,1,37.1
O018032,P019,1,20.14
O018032,P003,1,94.34
O018033,P022,1,57.24
O018034,P018,1,25.44
O018035,P018,1,25.44
O018035,P006,1,23.32
O018035,P014,1,125.08
O018035,P017,1,61.48
O018036,P008,1,76.32
O018037,P007,1,43.46
O018038,P016,1,38.16
O018039,P011,2,58.3
O018039,P003,1,94.34
O018040,P018,1,25.44
O018041,P005,1,50.88
O018042,P019,1,20.14
O018043,P006,1,23.32
O018044,P001,1,136.74
O018045,P005,3,50.88
O018045,P019,1,20.14
O018046,P005,1,50.88
O018046,P013,1,33.92
O018047,P014,1,125.08
O018048,P009,1,37.1
O018048,P007,1,43.46
O018048,P018,1,25.44
O018049,P002,1,179.14
O018049,P011,2,58.3
O018050,P009,1,37.1
O018051,P019,1,20.14
O018052,P006,1,23.32
O018052,P020,1,29.68
O018053,P006,1,23.32
O018054,P015,1,80.56
O018055,P009,1,37.1
O018055,P006,2,23.32
O018056,P020,1,29.68
O018057,P006,1,23.32
O018057,P001,3,136.74
O018057,P017,1,61.48
O018058,P015,1,80.56
O018058,P022,1,57.24
O018058,P013,1,33.92
O018059,P006,2,23.32
O018060,P012,1,21.2
O018060,P004,1,67.84
O018060,P016,1,38.16
O018060,P002,1,179.14
O018061,P013,1,33.92
O018061,P009,1,37.1
O018062,P005,1,50.88
O018063,P021,1,65.72
O018063,P019,1,20.14
O018063,P013,1,33.92
O018064,P013,1,33.92
O018064,P005,1,50.88
O018065,P012,1,21.2
O018066,P011,1,58.3
O018067,P005,1,50.88
O018068,P019,3,20.14
O018069,P015,1,80.56
O018070,P023,1,103.88
O018070,P014,1,125.08
O018071,P014,1,125.08
O018072,P001,1,136.74
O018072,P012,2,21.2
O018073,P018,1,25.44
O018074,P011,2,58.3
O018074,P006,1,23.32
O018075,P011,1,58.3
O018075,P019,1,20.14
O018076,P019,1,20.14
O018077,P020,1,29.68
O018077,P003,1,94.34
O018078,P018,1,25.44
O018079,P019,1,20.14
O018079,P018,1,25.44
O018080,P015,1,80.56
O018080,P002,2,179.14
O018081,P004,1,67.84
O018082,P002,1,179.14
O018083,P009,1,37.1
O018083,P013,1,33.92
O018083,P015,1,80.56
O018084,P016,1,38.16
O018084,P013,1,33.92
O018085,P012,1,21.2
O018085,P009,1,37.1
O018086,P009,1,37.1
O018086,P019,1,20.14
O018086,P023,1,103.88
O018087,P009,1,37.1
O018087,P012,3,21.2
O018088,P004,1,67.84
O018088,P009,1,37.1
O018089,P014,1,125.08
O018090,P009,1,37.1
O018091,P015,1,80.56
O018092,P013,1,33.92
O018093,P020,1,29.68
O018094,P004,1,67.84
O018095,P006,2,23.32
O018096,P001,1,136.74
O018097,P018,1,25.44
O018097,P016,2,38.16
O018098,P011,1,58.3
O018098,P019,1,20.14
O018099,P013,1,33.92
O018099,P009,1,37.1
O018100,P002,1,179.14
O018100,P019,1,20.14
O018100,P014,1,125.08
O018101,P014,1,125.08
O018101,P007,1,43.46
O018102,P021,1,65.72
O018102,P005,1,50.88
O018103,P013,2,33.92
O018103,P002,1,179.14
O018104,P018,1,25.44
O018105,P006,1,23.32
O018106,P019,1,20.14
O018106,P010,1,41.34
O018107,P013,1,33.92
O018108,P002,1,179.14
O018108,P006,1,23.32
O018109,P009,1,37.1
O018109,P019,1,20.14
O018109,P013,1,33.92
O018110,P017,1,61.48
O018110,P019,1,20.14
O018110,P011,1,58.3
O018110,P013,1,33.92
O018111,P010,1,41.34
O018111,P005,2,50.88
O018111,P021,1,65.72
O018111,P023,1,103.88
O018112,P009,1,37.1
O018112,P003,1,94.34
O018113,P004,1,67.84
O018114,P013,1,33.92
O018115,P015,1,80.56
O018116,P004,1,67.84
O018117,P005,1,50.88
O018117,P016,1,38.16
O018118,P005,1,50.88
O018118,P019,1,20.14
O018119,P004,1,67.84
O018119,P018,1,25.44
O018119,P005,1,50.88
O018120,P001,1,136.74
O018120,P011,2,58.3
O018120,P018,1,25.44
O018121,P021,1,65.72
O018122,P008,1,76.32
O018122,P014,1,125.08
O018123,P010,1,41.34
O018124,P018,1,25.44
O018125,P018,1,25.44
O018126,P013,2,33.92
O018126,P005,1,50.88
O018126,P022,1,57.24
O018126,P004,1,67.84
O018127,P009,1,37.1
O018128,P006,1,23.32
O018128,P007,1,43.46
O018128,P005,1,50.88
O018129,P009,1,37.1
O018129,P013,2,33.92
O018130,P019,1,20.14
O018131,P013,1,33.92
O018132,P018,1,25.44
O018133,P016,1,38.16
O018134,P019,1,20.14
O018134,P012,2,21.2
O018135,P007,1,43.46
O018135,P018,1,25.44
O018136,P021,1,65.72
O018137,P010,1,41.34
O018137,P013,1,33.92
O018138,P007,1,43.46
O018138,P005,1,50.88
O018139,P018,1,25.44
O018140,P006,2,23.32
O018140,P004,1,67.84
O018141,P004,1,67.84
O018141,P013,1,33.92
O018141,P018,1,25.44
O018142,P013,1,33.92
O018143,P018,1,25.44
O018144,P018,3,25.44
O018145,P012,1,21.2
O018145,P011,3,58.3
O018145,P004,1,67.84
O018146,P020,1,29.68
O018146,P010,1,41.34
O018147,P016,2,
O018147,P015,2,80.56
O018148,P013,1,33.92
O018148,P019,1,20.14
O018148,P010,1,41.34
O018149,P012,1,21.2
O018149,P016,1,38.16
O018150,P013,1,33.92
O018151,P007,1,43.46
O018152,P020,1,29.68
O018153,P018,1,25.44
O018154,P011,1,58.3
O018155,P005,1,50.88
O018155,P013,1,33.92
O018156,P021,1,65.72
O018156,P012,1,21.2
O018156,P013,1,33.92
O018157,P013,2,33.92
O018157,P016,3,38.16
O018157,P018,1,25.44
O018158,P023,2,103.88
O018159,P006,1,23.32
O018160,P006,1,23.32
O018161,P016,1,
O018161,P006,1,23.32
O018162,P011,1,58.3
O018162,P015,1,80.56
O018163,P005,2,50.88
O018163,P006,1,23.32
O018164,P003,1,94.34
O018165,P011,1,58.3
O018165,P013,1,33.92
O018166,P016,2,38.16
O018166,P009,2,37.1
O018166,P018,2,25.44
O018167,P019,1,20.14
O018167,P011,1,58.3
O018168,P008,1,76.32
O018168,P007,1,43.46
O018169,P023,1,103.88
O018169,P019,2,20.14
O018170,P018,2,25.44
O018171,P018,1,25.44
O018171,P012,1,21.2
O018171,P016,1,38.16
O018172,P018,1,25.44
O018173,P018,1,25.44
O018174,P004,2,67.84
O018175,P010,1,41.34
O018176,P006,3,23.32
O018177,P022,1,57.24
O018178,P020,2,29.68
O018179,P005,1,50.88
O018179,P016,1,38.16
O018180,P011,1,58.3
O018181,P020,1,29.68
O018182,P017,1,61.48
O018183,P018,1,25.44
O018184,P016,1,38.16
O018184,P004,1,67.84
O018184,P011,1,58.3
O018184,P012,1,21.2
O018185,P006,1,23.32
O018186,P009,1,37.1
O018187,P007,3,43.46
O018188,P018,1,25.44
O018188,P006,2,23.32
O018189,P019,1,20.14
O018190,P010,1,41.34
O018190,P015,1,80.56
O018191,P018,2,25.44
O018191,P022,1,57.24
O018192,P018,1,25.44
O018193,P023,3,103.88
O018194,P019,2,20.14
O018195,P018,1,25.44
O018196,P020,1,29.68
O018197,P006,1,23.32
O018198,P001,1,136.74
O018199,P013,1,33.92
O018200,P016,2,38.16
O018200,P010,1,41.34
O018200,P011,2,58.3
O018201,P013,1,33.92
O018201,P005,1,50.88
O018202,P018,1,25.44
O018202,P016,1,38.16
O018203,P021,1,65.72
O018204,P005,1,50.88
O018204,P021,1,65.72
O018205,P006,1,23.32
O018206,P021,3,65.72
O018207,P011,1,58.3
O018207,P021,2,65.72
O018208,P014,2,125.08
O018209,P006,1,23.32
O018210,P005,1,50.88
O018210,P004,1,67.84
O018211,P013,1,33.92
O018211,P021,1,65.72
O018211,P019,1,20.14
O018212,P004,1,67.84
O018212,P008,1,76.32
O018212,P006,1,23.32
O018212,P022,1,57.24
O018213,P001,2,136.74
O018214,P008,1,76.32
O018215,P006,1,23.32
O018216,P004,1,67.84
O018217,P012,1,21.2
O018217,P013,1,33.92
O018218,P010,1,41.34
O018218,P018,1,25.44
O018219,P013,1,33.92
O018220,P020,1,29.68
O018221,P013,1,33.92
O018221,P020,1,29.68
O018222,P009,1,37.1
O018223,P019,1,20.14
O018224,P021,1,65.72
O018224,P005,1,50.88
O018225,P019,1,20.14
O018226,P013,1,33.92
O018226,P010,1,41.34
O018227,P018,1,25.44
O018228,P011,1,58.3
O018228,P006,1,23.32
O018229,P019,1,20.14
O018230,P005,2,50.88
O018231,P021,2,65.72
O018231,P022,1,57.24
O018232,P018,1,25.44
O018232,P015,1,80.56
O018233,P019,1,20.14
O018233,P006,1,23.32
O018233,P009,1,37.1
O018234,P014,1,125.08
O018234,P007,1,43.46
O018234,P006,1,23.32
O018235,P018,1,25.44
O018236,P004,1,67.84
O018236,P019,1,20.14
O018237,P005,1,50.88
O018237,P016,1,38.16
O018238,P022,3,57.24
O018239,P002,1,179.14
O018240,P004,1,67.84
O018241,P016,1,38.16
O018242,P019,1,20.14
O018242,P001,1,136.74
O018243,P021,1,65.72
O018244,P018,1,25.44
O018245,P005,2,50.88
O018246,P012,1,21.2
O018247,P016,1,38.16
O018247,P006,1,23.32
O018248,P006,1,23.32
O018248,P018,1,25.44
O018248,P009,1,37.1
O018249,P018,1,25.44
O018249,P001,1,136.74
O018250,P022,1,57.24
O018250,P011,1,58.3
O018251,P002,1,179.14
O018252,P018,1,25.44
O018253,P021,1,65.72
O018253,P010,1,41.34
O018254,P010,1,41.34
O018255,P006,1,23.32
O018256,P018,1,25.44
O018257,P010,1,41.34
O018258,P002,1,179.14
O018258,P006,1,23.32
O018259,P020,1,29.68
O018259,P019,1,20.14
O018259,P009,1,37.1
O018260,P008,1,76.32
O018261,P019,1,20.14
O018262,P006,1,23.32
O018263,P019,2,20.14
O018264,P013,1,33.92
O018264,P006,1,23.32
O018265,P018,1,25.44
O018266,P007,1,43.46
O018266,P019,1,20.14
O018266,P005,1,50.88
O018266,P002,1,179.14
O018267,P011,1,58.3
O018267,P006,1,23.32
O018268,P017,2,61.48
O018269,P019,1,20.14
O018269,P011,1,58.3
O018270,P009,1,37.1
O018270,P001,2,136.74
O018271,P012,3,21.2
O018271,P004,1,67.84
O018272,P011,1,58.3
O018272,P020,1,29.68
O018273,P014,2,125.08
O018273,P021,1,65.72
O018274,P004,1,67.84
O018274,P023,1,103.88
O018275,P006,1,23.32
O018276,P002,1,179.14
O018277,P001,2,136.74
O018277,P013,3,33.92
O018277,P021,1,65.72
O018278,P020,1,29.68
O018279,P006,1,23.32
O018279,P007,1,43.46
O018279,P021,2,65.72
O018280,P016,1,38.16
O018281,P007,1,43.46
O018281,P013,1,33.92
O018281,P001,1,136.74
O018282,P020,1,29.68
O018283,P022,1,57.24
O018283,P006,1,23.32
O018283,P017,1,61.48
O018284,P006,1,23.32
O018284,P014,2,125.08
O018284,P017,1,61.48
O018284,P008,1,76.32
O018285,P018,1,25.44
O018285,P013,1,33.92
O018286,P005,1,50.88
O018287,P006,2,23.32
O018288,P018,1,25.44
O018288,P006,1,23.32
O018288,P016,1,38.16
O018288,P013,1,33.92
O018289,P009,1,37.1
O018290,P005,2,50.88
O018290,P001,1,136.74
O018290,P017,1,61.48
O018290,P004,1,67.84
O018291,P002,1,179.14
O018291,P005,1,50.88
O018292,P013,1,33.92
O018293,P006,1,23.32
O018294,P017,2,61.48
O018295,P006,1,23.32
O018295,P019,1,20.14
O018296,P001,1,136.74
O018296,P005,2,50.88
O018297,P019,1,20.14
O018298,P022,1,57.24
O018298,P009,1,37.1
O018299,P005,1,50.88
O018300,P022,1,57.24
O018301,P006,1,23.32
O018302,P012,1,21.2
O018303,P016,1,38.16
O018304,P007,1,43.46
O018304,P014,2,125.08
O018305,P022,1,57.24
O018305,P018,1,25.44
O018306,P017,1,61.48
O018307,P015,1,80.56
O018308,P013,1,33.92
O018308,P011,1,58.3
O018309,P004,1,67.84
O018309,P007,1,43.46
O018309,P018,1,25.44
O018310,P022,1,
O018311,P006,1,23.32
O018312,P018,1,25.44
O018313,P021,1,65.72
O018314,P001,1,136.74
O018314,P016,1,38.16
O018314,P008,1,76.32
O018314,P007,1,43.46
O018315,P001,1,136.74
O018316,P008,1,76.32
O018316,P006,1,23.32
O018317,P001,1,136.74
O018318,P013,1,33.92
O018319,P006,1,23.32
O018320,P006,1,23.32
O018321,P006,2,23.32
O018322,P013,1,33.92
O018323,P018,1,25.44
O018323,P013,2,33.92
O018324,P010,1,41.34
O018325,P005,1,50.88
O018326,P019,1,20.14
O018327,P021,1,65.72
O018327,P011,1,58.3
O018328,P005,1,50.88
O018328,P019,1,20.14
O018329,P013,1,33.92
O018329,P006,1,23.32
O018329,P019,1,20.14
O018330,P013,3,33.92
O018330,P016,1,38.16
O018330,P020,1,29.68
O018331,P016,1,38.16
O018332,P022,1,57.24
O018332,P008,1,76.32
O018333,P011,1,58.3
O018334,P018,1,25.44
O018334,P004,1,67.84
O018335,P008,1,76.32
O018336,P019,1,20.14
O018336,P020,1,29.68
O018337,P005,1,50.88
O018338,P016,1,38.16
O018338,P017,1,61.48
O018339,P015,1,80.56
O018340,P015,1,80.56
O018340,P010,1,41.34
O018340,P009,1,37.1
O018341,P011,1,58.3
O018341,P006,1,23.32
O018341,P015,1,80.56
O018341,P022,1,57.24
O018342,P013,2,33.92
O018342,P004,1,67.84
O018342,P011,1,58.3
O018342,P002,1,179.14
O018343,P006,1,23.32
O018344,P022,1,57.24
O018345,P018,2,25.44
O018346,P011,1,58.3
O018347,P018,1,25.44
O018347,P017,1,61.48
O018347,P023,1,103.88
O018348,P007,1,43.46
O018349,P010,1,41.34
O018350,P018,1,25.44
O018350,P008,1,76.32
O018350,P006,1,23.32
O018351,P013,1,33.92
O018351,P023,1,103.88
O018351,P007,2,43.46
O018352,P006,1,23.32
O018352,P018,2,25.44
O018353,P006,1,23.32
O018354,P014,1,125.08
O018354,P021,1,65.72
O018354,P019,1,20.14
O018355,P004,1,67.84
O018356,P022,1,57.24
O018356,P009,1,37.1
O018357,P008,3,76.32
O018357,P006,1,23.32
O018358,P019,1,20.14
O018358,P021,1,65.72
O018358,P004,1,67.84
O018359,P017,1,61.48
O018359,P013,1,33.92
O018359,P019,1,20.14
O018360,P003,1,94.34
O018361,P006,2,23.32
O018361,P013,1,33.92
O018362,P022,2,57.24
O018363,P008,1,76.32
O018364,P008,3,76.32
O018365,P020,2,29.68
O018365,P022,1,57.24
O018365,P019,1,20.14
O018366,P006,1,23.32
O018366,P004,1,67.84
O018367,P001,1,136.74
O018367,P007,1,43.46
O018368,P011,1,58.3
O018369,P023,1,103.88
O018369,P003,2,94.34
O018370,P022,1,57.24
O018371,P005,1,50.88
O018371,P004,1,67.84
O018371,P012,1,21.2
O018371,P013,1,33.92
O018372,P013,1,33.92
O018372,P023,1,103.88
O018372,P006,1,23.32
O018373,P018,1,25.44
